{
  "image_index": 70,
  "directions": {
    "front": [
      0.754490315914154,
      -0.6563112735748291,
      -0.0
    ],
    "above": [
      0.0,
      0.0,
      1.0
    ],
    "right": [
      0.6563112735748291,
      0.7544902563095093,
      -0.0
    ],
    "below": [
      -0.0,
      -0.0,
      -1.0
    ],
    "left": [
      -0.6563112735748291,
      -0.7544902563095093,
      0.0
    ],
    "behind": [
      -0.754490315914154,
      0.6563112735748291,
      0.0
    ]
  },
  "split": "new",
  "image_filename": "CLEVR_new_000070.png",
  "relationships": {
    "front": [
      [
        5
      ],
      [
        0,
        3,
        4,
        5
      ],
      [
        0,
        1,
        3,
        4,
        5
      ],
      [
        0,
        5
      ],
      [
        0,
        3,
        5
      ],
      []
    ],
    "left": [
      [
        3
      ],
      [
        0,
        2,
        3
      ],
      [
        0,
        3
      ],
      [],
      [
        0,
        1,
        2,
        3,
        5
      ],
      [
        0,
        1,
        2,
        3
      ]
    ],
    "behind": [
      [
        1,
        2,
        3,
        4
      ],
      [
        2
      ],
      [],
      [
        1,
        2,
        4
      ],
      [
        1,
        2
      ],
      [
        0,
        1,
        2,
        3,
        4
      ]
    ],
    "right": [
      [
        1,
        2,
        4,
        5
      ],
      [
        4,
        5
      ],
      [
        1,
        4,
        5
      ],
      [
        0,
        1,
        2,
        4,
        5
      ],
      [],
      [
        4
      ]
    ]
  },
  "objects": [
    {
      "pixel_coords": [
        74,
        139,
        24.096771240234375
      ],
      "3d_coords": [
        -0.6872168779373169,
        -6.305633068084717,
        0.699999988079071
      ],
      "material": "metal",
      "rotation": 71.28687368892463,
      "group": 0,
      "size": "large",
      "color": "yellow",
      "shape": "cube"
    },
    {
      "pixel_coords": [
        188,
        51,
        29.685766220092773
      ],
      "3d_coords": [
        -5.108910083770752,
        5.182654857635498,
        0.699999988079071
      ],
      "material": "metal",
      "rotation": 61.030846854187715,
      "group": 0,
      "size": "large",
      "color": "yellow",
      "shape": "cube"
    },
    {
      "pixel_coords": [
        181,
        40,
        30.56009864807129
      ],
      "3d_coords": [
        -6.601783752441406,
        5.367197513580322,
        0.699999988079071
      ],
      "material": "metal",
      "rotation": 31.444649737911554,
      "group": 0,
      "size": "large",
      "color": "yellow",
      "shape": "cube"
    },
    {
      "pixel_coords": [
        67,
        115,
        25.420677185058594
      ],
      "3d_coords": [
        -2.979581356048584,
        -6.090346336364746,
        0.699999988079071
      ],
      "material": "rubber",
      "rotation": 88.4030819426408,
      "group": 1,
      "size": "large",
      "color": "yellow",
      "shape": "cube"
    },
    {
      "pixel_coords": [
        239,
        120,
        25.090362548828125
      ],
      "3d_coords": [
        3.042814254760742,
        4.827314853668213,
        0.699999988079071
      ],
      "material": "rubber",
      "rotation": 85.49628638670346,
      "group": 1,
      "size": "large",
      "color": "yellow",
      "shape": "cube"
    },
    {
      "pixel_coords": [
        153,
        206,
        21.04292869567871
      ],
      "3d_coords": [
        6.2139892578125,
        -3.5545058250427246,
        0.699999988079071
      ],
      "material": "rubber",
      "rotation": 21.444988184252463,
      "group": 1,
      "size": "large",
      "color": "yellow",
      "shape": "cube"
    }
  ]
}