{
  "image_index": 113,
  "directions": {
    "front": [
      0.754490315914154,
      -0.6563112735748291,
      -0.0
    ],
    "above": [
      0.0,
      0.0,
      1.0
    ],
    "right": [
      0.6563112735748291,
      0.7544902563095093,
      -0.0
    ],
    "below": [
      -0.0,
      -0.0,
      -1.0
    ],
    "left": [
      -0.6563112735748291,
      -0.7544902563095093,
      0.0
    ],
    "behind": [
      -0.754490315914154,
      0.6563112735748291,
      0.0
    ]
  },
  "split": "new",
  "image_filename": "CLEVR_new_000113.png",
  "relationships": {
    "front": [
      [
        6
      ],
      [
        0,
        2,
        3,
        5,
        6,
        7
      ],
      [
        0,
        3,
        6
      ],
      [
        6
      ],
      [
        0,
        1,
        2,
        3,
        5,
        6,
        7
      ],
      [
        0,
        2,
        3,
        6
      ],
      [],
      [
        0,
        2,
        3,
        5,
        6
      ]
    ],
    "left": [
      [
        3,
        4,
        6
      ],
      [
        0,
        2,
        3,
        4,
        5,
        6
      ],
      [
        0,
        3,
        4,
        5,
        6
      ],
      [],
      [
        3
      ],
      [
        0,
        3,
        4,
        6
      ],
      [
        3,
        4
      ],
      [
        0,
        1,
        2,
        3,
        4,
        5,
        6
      ]
    ],
    "behind": [
      [
        1,
        2,
        4,
        5,
        7
      ],
      [
        4
      ],
      [
        1,
        4,
        5,
        7
      ],
      [
        1,
        2,
        4,
        5,
        7
      ],
      [],
      [
        1,
        4,
        7
      ],
      [
        0,
        1,
        2,
        3,
        4,
        5,
        7
      ],
      [
        1,
        4
      ]
    ],
    "right": [
      [
        1,
        2,
        5,
        7
      ],
      [
        7
      ],
      [
        1,
        7
      ],
      [
        0,
        1,
        2,
        4,
        5,
        6,
        7
      ],
      [
        0,
        1,
        2,
        5,
        6,
        7
      ],
      [
        1,
        2,
        7
      ],
      [
        0,
        1,
        2,
        5,
        7
      ],
      []
    ]
  },
  "objects": [
    {
      "pixel_coords": [
        153,
        164,
        23.278995513916016
      ],
      "3d_coords": [
        3.5476179122924805,
        -2.1160378456115723,
        0.5
      ],
      "material": "rubber",
      "rotation": 278.95104649953146,
      "group": 0,
      "size": "medium",
      "color": "cyan",
      "shape": "cube"
    },
    {
      "pixel_coords": [
        245,
        136,
        24.664636611938477
      ],
      "3d_coords": [
        4.171008110046387,
        4.688687324523926,
        0.5
      ],
      "material": "rubber",
      "rotation": 22.103640488559385,
      "group": 1,
      "size": "medium",
      "color": "gray",
      "shape": "cube"
    },
    {
      "pixel_coords": [
        233,
        163,
        23.29962921142578
      ],
      "3d_coords": [
        5.705620765686035,
        2.7596254348754883,
        0.5
      ],
      "material": "rubber",
      "rotation": 47.43260123918974,
      "group": 2,
      "size": "medium",
      "color": "yellow",
      "shape": "cube"
    },
    {
      "pixel_coords": [
        71,
        143,
        24.31355094909668
      ],
      "3d_coords": [
        -0.31595906615257263,
        -6.654279708862305,
        0.5
      ],
      "material": "rubber",
      "rotation": 28.508743117974227,
      "group": 3,
      "size": "medium",
      "color": "red",
      "shape": "cube"
    },
    {
      "pixel_coords": [
        135,
        87,
        27.650527954101562
      ],
      "3d_coords": [
        -3.474430799484253,
        -0.620475172996521,
        0.5
      ],
      "material": "rubber",
      "rotation": 92.01859159344419,
      "group": 4,
      "size": "medium",
      "color": "blue",
      "shape": "cube"
    },
    {
      "pixel_coords": [
        231,
        147,
        24.125797271728516
      ],
      "3d_coords": [
        4.50972843170166,
        3.3337719440460205,
        0.5
      ],
      "material": "rubber",
      "rotation": 353.47759725288927,
      "group": 2,
      "size": "medium",
      "color": "yellow",
      "shape": "cube"
    },
    {
      "pixel_coords": [
        118,
        200,
        21.631000518798828
      ],
      "3d_coords": [
        5.081464767456055,
        -5.153632640838623,
        0.5
      ],
      "material": "rubber",
      "rotation": 168.11950057545582,
      "group": 3,
      "size": "medium",
      "color": "red",
      "shape": "cube"
    },
    {
      "pixel_coords": [
        279,
        153,
        23.808046340942383
      ],
      "3d_coords": [
        6.277268886566162,
        6.01833963394165,
        0.5
      ],
      "material": "rubber",
      "rotation": 329.8227757859282,
      "group": 1,
      "size": "medium",
      "color": "gray",
      "shape": "cube"
    }
  ]
}