{
  "image_index": 44,
  "directions": {
    "front": [
      0.754490315914154,
      -0.6563112735748291,
      -0.0
    ],
    "above": [
      0.0,
      0.0,
      1.0
    ],
    "right": [
      0.6563112735748291,
      0.7544902563095093,
      -0.0
    ],
    "below": [
      -0.0,
      -0.0,
      -1.0
    ],
    "left": [
      -0.6563112735748291,
      -0.7544902563095093,
      0.0
    ],
    "behind": [
      -0.754490315914154,
      0.6563112735748291,
      0.0
    ]
  },
  "split": "new",
  "image_filename": "CLEVR_new_000044.png",
  "relationships": {
    "front": [
      [
        1,
        4
      ],
      [
        4
      ],
      [
        0,
        1,
        4,
        5
      ],
      [
        0,
        1,
        2,
        4,
        5
      ],
      [],
      [
        1,
        4
      ]
    ],
    "left": [
      [
        1,
        3,
        5
      ],
      [],
      [
        0,
        1,
        3,
        4,
        5
      ],
      [
        1,
        5
      ],
      [
        0,
        1,
        3,
        5
      ],
      [
        1
      ]
    ],
    "behind": [
      [
        2,
        3
      ],
      [
        0,
        2,
        3,
        5
      ],
      [
        3
      ],
      [],
      [
        0,
        1,
        2,
        3,
        5
      ],
      [
        2,
        3
      ]
    ],
    "right": [
      [
        2,
        4
      ],
      [
        0,
        2,
        3,
        4,
        5
      ],
      [],
      [
        0,
        2,
        4
      ],
      [
        2
      ],
      [
        0,
        2,
        3,
        4
      ]
    ]
  },
  "objects": [
    {
      "pixel_coords": [
        182,
        131,
        24.74114990234375
      ],
      "3d_coords": [
        2.1050333976745605,
        0.6660200357437134,
        0.699999988079071
      ],
      "material": "metal",
      "rotation": 160.3026860392976,
      "group": 0,
      "size": "large",
      "color": "yellow",
      "shape": "sphere"
    },
    {
      "pixel_coords": [
        84,
        117,
        25.566059112548828
      ],
      "3d_coords": [
        -2.291551351547241,
        -5.0936102867126465,
        0.699999988079071
      ],
      "material": "metal",
      "rotation": 292.65803643314774,
      "group": 1,
      "size": "large",
      "color": "yellow",
      "shape": "cone"
    },
    {
      "pixel_coords": [
        272,
        138,
        24.41748046875
      ],
      "3d_coords": [
        5.401364803314209,
        6.044441223144531,
        0.699999988079071
      ],
      "material": "metal",
      "rotation": 297.0101818301027,
      "group": 2,
      "size": "large",
      "color": "yellow",
      "shape": "cylinder"
    },
    {
      "pixel_coords": [
        187,
        43,
        30.662527084350586
      ],
      "3d_coords": [
        -6.089685440063477,
        5.695521831512451,
        0.699999988079071
      ],
      "material": "metal",
      "rotation": 185.07581168987858,
      "group": 3,
      "size": "large",
      "color": "yellow",
      "shape": "cube"
    },
    {
      "pixel_coords": [
        219,
        152,
        23.69556427001953
      ],
      "3d_coords": [
        4.708157062530518,
        2.0725152492523193,
        0.699999988079071
      ],
      "material": "metal",
      "rotation": 265.0255555666734,
      "group": 0,
      "size": "large",
      "color": "yellow",
      "shape": "sphere"
    },
    {
      "pixel_coords": [
        136,
        120,
        25.37699317932129
      ],
      "3d_coords": [
        -0.29899948835372925,
        -1.8188064098358154,
        0.699999988079071
      ],
      "material": "metal",
      "rotation": 147.60446379539763,
      "group": 0,
      "size": "large",
      "color": "yellow",
      "shape": "sphere"
    }
  ]
}