{
  "image_index": 109,
  "directions": {
    "front": [
      0.754490315914154,
      -0.6563112735748291,
      -0.0
    ],
    "above": [
      0.0,
      0.0,
      1.0
    ],
    "right": [
      0.6563112735748291,
      0.7544902563095093,
      -0.0
    ],
    "below": [
      -0.0,
      -0.0,
      -1.0
    ],
    "left": [
      -0.6563112735748291,
      -0.7544902563095093,
      0.0
    ],
    "behind": [
      -0.754490315914154,
      0.6563112735748291,
      0.0
    ]
  },
  "split": "new",
  "image_filename": "CLEVR_new_000109.png",
  "relationships": {
    "front": [
      [
        2
      ],
      [
        0,
        2
      ],
      [],
      [
        0,
        1,
        2
      ],
      [
        0,
        1,
        2,
        3
      ],
      [
        0,
        1,
        2,
        3,
        4
      ]
    ],
    "left": [
      [
        1,
        2,
        4,
        5
      ],
      [],
      [
        1,
        4,
        5
      ],
      [
        1,
        2,
        4,
        5
      ],
      [],
      [
        1,
        4
      ]
    ],
    "behind": [
      [
        1,
        3,
        4,
        5
      ],
      [
        3,
        4,
        5
      ],
      [
        0,
        1,
        3,
        4,
        5
      ],
      [
        4,
        5
      ],
      [
        5
      ],
      []
    ],
    "right": [
      [],
      [
        0,
        2,
        3,
        5
      ],
      [
        0,
        3
      ],
      [],
      [
        0,
        2,
        3,
        5
      ],
      [
        0,
        2,
        3
      ]
    ]
  },
  "objects": [
    {
      "pixel_coords": [
        172,
        141,
        24.279497146606445
      ],
      "3d_coords": [
        2.5312159061431885,
        -0.36914926767349243,
        0.699999988079071
      ],
      "material": "metal",
      "rotation": 262.88269773323714,
      "group": 0,
      "size": "large",
      "color": "cyan",
      "shape": "cube"
    },
    {
      "pixel_coords": [
        70,
        101,
        26.601146697998047
      ],
      "3d_coords": [
        -4.2121357917785645,
        -5.523149490356445,
        0.699999988079071
      ],
      "material": "metal",
      "rotation": 167.46307891123678,
      "group": 1,
      "size": "large",
      "color": "cyan",
      "shape": "cylinder"
    },
    {
      "pixel_coords": [
        146,
        190,
        21.934911727905273
      ],
      "3d_coords": [
        5.135837554931641,
        -3.5621461868286133,
        0.699999988079071
      ],
      "material": "metal",
      "rotation": 63.90741263625705,
      "group": 2,
      "size": "large",
      "color": "cyan",
      "shape": "cone"
    },
    {
      "pixel_coords": [
        185,
        102,
        26.560321807861328
      ],
      "3d_coords": [
        -0.26487764716148376,
        2.213203191757202,
        0.699999988079071
      ],
      "material": "metal",
      "rotation": 245.94218138758663,
      "group": 0,
      "size": "large",
      "color": "cyan",
      "shape": "cube"
    },
    {
      "pixel_coords": [
        82,
        78,
        28.13351821899414
      ],
      "3d_coords": [
        -6.15627908706665,
        -3.9191765785217285,
        0.699999988079071
      ],
      "material": "metal",
      "rotation": 264.5498456197299,
      "group": 1,
      "size": "large",
      "color": "cyan",
      "shape": "cylinder"
    },
    {
      "pixel_coords": [
        109,
        70,
        28.686630249023438
      ],
      "3d_coords": [
        -6.022358417510986,
        -1.6714353561401367,
        0.699999988079071
      ],
      "material": "metal",
      "rotation": 178.15043847039138,
      "group": 1,
      "size": "large",
      "color": "cyan",
      "shape": "cylinder"
    }
  ]
}