{
  "image_index": 155,
  "directions": {
    "front": [
      0.754490315914154,
      -0.6563112735748291,
      -0.0
    ],
    "above": [
      0.0,
      0.0,
      1.0
    ],
    "right": [
      0.6563112735748291,
      0.7544902563095093,
      -0.0
    ],
    "below": [
      -0.0,
      -0.0,
      -1.0
    ],
    "left": [
      -0.6563112735748291,
      -0.7544902563095093,
      0.0
    ],
    "behind": [
      -0.754490315914154,
      0.6563112735748291,
      0.0
    ]
  },
  "split": "new",
  "image_filename": "CLEVR_new_000155.png",
  "relationships": {
    "front": [
      [
        2,
        4,
        5,
        6
      ],
      [
        0,
        2,
        4,
        5,
        6
      ],
      [
        5
      ],
      [
        0,
        1,
        2,
        4,
        5,
        6
      ],
      [
        2,
        5
      ],
      [],
      [
        2,
        4,
        5
      ],
      [
        0,
        1,
        2,
        3,
        4,
        5,
        6
      ]
    ],
    "left": [
      [
        1,
        2,
        3,
        5,
        7
      ],
      [
        2,
        3,
        7
      ],
      [
        3
      ],
      [],
      [
        0,
        1,
        2,
        3,
        5,
        7
      ],
      [
        1,
        2,
        3,
        7
      ],
      [
        0,
        1,
        2,
        3,
        5,
        7
      ],
      [
        2,
        3
      ]
    ],
    "behind": [
      [
        1,
        3,
        7
      ],
      [
        3,
        7
      ],
      [
        0,
        1,
        3,
        4,
        6,
        7
      ],
      [
        7
      ],
      [
        0,
        1,
        3,
        6,
        7
      ],
      [
        0,
        1,
        2,
        3,
        4,
        6,
        7
      ],
      [
        0,
        1,
        3,
        7
      ],
      []
    ],
    "right": [
      [
        4,
        6
      ],
      [
        0,
        4,
        5,
        6
      ],
      [
        0,
        1,
        4,
        5,
        6,
        7
      ],
      [
        0,
        1,
        2,
        4,
        5,
        6,
        7
      ],
      [],
      [
        0,
        4,
        6
      ],
      [],
      [
        0,
        1,
        4,
        5,
        6
      ]
    ]
  },
  "objects": [
    {
      "pixel_coords": [
        217,
        114,
        26.04978370666504
      ],
      "3d_coords": [
        1.7966922521591187,
        3.861234426498413,
        0.699999988079071
      ],
      "material": "rubber",
      "rotation": 321.44136812810757,
      "group": 0,
      "size": "large",
      "color": "red",
      "shape": "sphere"
    },
    {
      "pixel_coords": [
        151,
        82,
        28.08882713317871
      ],
      "3d_coords": [
        -3.3276000022888184,
        0.7300732135772705,
        0.699999988079071
      ],
      "material": "rubber",
      "rotation": 0.9709137825503866,
      "group": 1,
      "size": "large",
      "color": "yellow",
      "shape": "sphere"
    },
    {
      "pixel_coords": [
        99,
        128,
        25.25798988342285
      ],
      "3d_coords": [
        -0.6967131495475769,
        -4.52081298828125,
        0.699999988079071
      ],
      "material": "rubber",
      "rotation": 236.56268277351256,
      "group": 2,
      "size": "large",
      "color": "cyan",
      "shape": "sphere"
    },
    {
      "pixel_coords": [
        124,
        68,
        29.06131362915039
      ],
      "3d_coords": [
        -5.716619968414307,
        -0.6457026600837708,
        0.699999988079071
      ],
      "material": "rubber",
      "rotation": 199.72223639516145,
      "group": 3,
      "size": "large",
      "color": "purple",
      "shape": "sphere"
    },
    {
      "pixel_coords": [
        260,
        163,
        23.474607467651367
      ],
      "3d_coords": [
        6.615523815155029,
        4.277284622192383,
        0.699999988079071
      ],
      "material": "rubber",
      "rotation": 94.48509570432594,
      "group": 0,
      "size": "large",
      "color": "red",
      "shape": "sphere"
    },
    {
      "pixel_coords": [
        184,
        181,
        22.629793167114258
      ],
      "3d_coords": [
        5.6852827072143555,
        -0.962113082408905,
        0.699999988079071
      ],
      "material": "rubber",
      "rotation": 190.7196819298989,
      "group": 0,
      "size": "large",
      "color": "red",
      "shape": "sphere"
    },
    {
      "pixel_coords": [
        261,
        127,
        25.309551239013672
      ],
      "3d_coords": [
        4.18634033203125,
        6.131258010864258,
        0.699999988079071
      ],
      "material": "rubber",
      "rotation": 183.8858718287354,
      "group": 4,
      "size": "large",
      "color": "brown",
      "shape": "sphere"
    },
    {
      "pixel_coords": [
        151,
        53,
        30.197002410888672
      ],
      "3d_coords": [
        -6.439000129699707,
        2.173971176147461,
        0.699999988079071
      ],
      "material": "rubber",
      "rotation": 102.60265263760967,
      "group": 4,
      "size": "large",
      "color": "brown",
      "shape": "sphere"
    }
  ]
}