{
  "image_index": 123,
  "directions": {
    "front": [
      0.754490315914154,
      -0.6563112735748291,
      -0.0
    ],
    "above": [
      0.0,
      0.0,
      1.0
    ],
    "right": [
      0.6563112735748291,
      0.7544902563095093,
      -0.0
    ],
    "below": [
      -0.0,
      -0.0,
      -1.0
    ],
    "left": [
      -0.6563112735748291,
      -0.7544902563095093,
      0.0
    ],
    "behind": [
      -0.754490315914154,
      0.6563112735748291,
      0.0
    ]
  },
  "split": "new",
  "image_filename": "CLEVR_new_000123.png",
  "relationships": {
    "front": [
      [
        2,
        3
      ],
      [
        0,
        2,
        3,
        5
      ],
      [],
      [
        2
      ],
      [
        0,
        1,
        2,
        3,
        5
      ],
      [
        0,
        2,
        3
      ]
    ],
    "left": [
      [
        5
      ],
      [
        0,
        2,
        4,
        5
      ],
      [
        0,
        4,
        5
      ],
      [
        0,
        1,
        2,
        4,
        5
      ],
      [
        0,
        5
      ],
      []
    ],
    "behind": [
      [
        1,
        4,
        5
      ],
      [
        4
      ],
      [
        0,
        1,
        3,
        4,
        5
      ],
      [
        0,
        1,
        4,
        5
      ],
      [],
      [
        1,
        4
      ]
    ],
    "right": [
      [
        1,
        2,
        3,
        4
      ],
      [
        3
      ],
      [
        1,
        3
      ],
      [],
      [
        1,
        2,
        3
      ],
      [
        0,
        1,
        2,
        3,
        4
      ]
    ]
  },
  "objects": [
    {
      "pixel_coords": [
        118,
        129,
        25.05478858947754
      ],
      "3d_coords": [
        -0.11512172222137451,
        -3.2702436447143555,
        0.699999988079071
      ],
      "material": "rubber",
      "rotation": 325.1563473305973,
      "group": 0,
      "size": "large",
      "color": "cyan",
      "shape": "cube"
    },
    {
      "pixel_coords": [
        190,
        62,
        29.404922485351562
      ],
      "3d_coords": [
        -3.9398365020751953,
        4.796344757080078,
        0.699999988079071
      ],
      "material": "rubber",
      "rotation": 316.3813107070989,
      "group": 0,
      "size": "large",
      "color": "cyan",
      "shape": "cube"
    },
    {
      "pixel_coords": [
        150,
        179,
        22.568058013916016
      ],
      "3d_coords": [
        4.524172306060791,
        -3.00974178314209,
        0.699999988079071
      ],
      "material": "rubber",
      "rotation": 191.93101346217148,
      "group": 0,
      "size": "large",
      "color": "cyan",
      "shape": "cube"
    },
    {
      "pixel_coords": [
        171,
        155,
        23.69130516052246
      ],
      "3d_coords": [
        3.5293829441070557,
        -0.9411917924880981,
        0.699999988079071
      ],
      "material": "rubber",
      "rotation": 284.2382410086815,
      "group": 0,
      "size": "large",
      "color": "cyan",
      "shape": "cube"
    },
    {
      "pixel_coords": [
        161,
        51,
        30.257305145263672
      ],
      "3d_coords": [
        -6.272451400756836,
        3.232584238052368,
        0.699999988079071
      ],
      "material": "metal",
      "rotation": 115.62608950076462,
      "group": 1,
      "size": "large",
      "color": "cyan",
      "shape": "cube"
    },
    {
      "pixel_coords": [
        68,
        102,
        26.6536808013916
      ],
      "3d_coords": [
        -4.250888824462891,
        -5.727393627166748,
        0.699999988079071
      ],
      "material": "metal",
      "rotation": 303.5754371397603,
      "group": 1,
      "size": "large",
      "color": "cyan",
      "shape": "cube"
    }
  ]
}