{
  "image_index": 24,
  "directions": {
    "front": [
      0.754490315914154,
      -0.6563112735748291,
      -0.0
    ],
    "above": [
      0.0,
      0.0,
      1.0
    ],
    "right": [
      0.6563112735748291,
      0.7544902563095093,
      -0.0
    ],
    "below": [
      -0.0,
      -0.0,
      -1.0
    ],
    "left": [
      -0.6563112735748291,
      -0.7544902563095093,
      0.0
    ],
    "behind": [
      -0.754490315914154,
      0.6563112735748291,
      0.0
    ]
  },
  "split": "new",
  "image_filename": "CLEVR_new_000024.png",
  "relationships": {
    "front": [
      [
        3,
        4
      ],
      [
        0,
        2,
        3,
        4,
        5
      ],
      [
        0,
        3,
        4
      ],
      [],
      [],
      [
        0,
        2,
        3,
        4
      ]
    ],
    "left": [
      [
        1
      ],
      [],
      [
        0,
        1,
        3,
        4,
        5
      ],
      [
        0,
        1,
        4,
        5
      ],
      [
        0,
        1
      ],
      [
        0,
        1,
        4
      ]
    ],
    "behind": [
      [
        1,
        2,
        5
      ],
      [],
      [
        1,
        5
      ],
      [
        0,
        1,
        2,
        5
      ],
      [
        0,
        1,
        2,
        5
      ],
      [
        1
      ]
    ],
    "right": [
      [
        2,
        3,
        4,
        5
      ],
      [
        0,
        2,
        3,
        4,
        5
      ],
      [],
      [
        2
      ],
      [
        2,
        3,
        5
      ],
      [
        2,
        3
      ]
    ]
  },
  "objects": [
    {
      "pixel_coords": [
        81,
        118,
        25.283138275146484
      ],
      "3d_coords": [
        -2.373840808868408,
        -5.201778411865234,
        0.699999988079071
      ],
      "material": "metal",
      "rotation": 300.11782604801135,
      "group": 0,
      "size": "large",
      "color": "red",
      "shape": "cone"
    },
    {
      "pixel_coords": [
        95,
        77,
        27.826993942260742
      ],
      "3d_coords": [
        -5.776739597320557,
        -2.8196449279785156,
        0.699999988079071
      ],
      "material": "metal",
      "rotation": 49.55757712856054,
      "group": 0,
      "size": "large",
      "color": "red",
      "shape": "cone"
    },
    {
      "pixel_coords": [
        235,
        139,
        24.142473220825195
      ],
      "3d_coords": [
        4.3659749031066895,
        3.5725653171539307,
        0.699999988079071
      ],
      "material": "rubber",
      "rotation": 288.9837534339583,
      "group": 1,
      "size": "large",
      "color": "red",
      "shape": "cone"
    },
    {
      "pixel_coords": [
        197,
        175,
        22.40522003173828
      ],
      "3d_coords": [
        5.537200927734375,
        -0.23019325733184814,
        0.699999988079071
      ],
      "material": "metal",
      "rotation": 337.77649903450356,
      "group": 0,
      "size": "large",
      "color": "red",
      "shape": "cone"
    },
    {
      "pixel_coords": [
        100,
        156,
        23.27793312072754
      ],
      "3d_coords": [
        1.3021149635314941,
        -5.203857898712158,
        0.699999988079071
      ],
      "material": "rubber",
      "rotation": 241.98546935649955,
      "group": 1,
      "size": "large",
      "color": "red",
      "shape": "cone"
    },
    {
      "pixel_coords": [
        146,
        93,
        26.777023315429688
      ],
      "3d_coords": [
        -2.3589274883270264,
        -0.0023688524961471558,
        0.699999988079071
      ],
      "material": "rubber",
      "rotation": 168.71189811483413,
      "group": 1,
      "size": "large",
      "color": "red",
      "shape": "cone"
    }
  ]
}