{
  "image_index": 61,
  "directions": {
    "front": [
      0.754490315914154,
      -0.6563112735748291,
      -0.0
    ],
    "above": [
      0.0,
      0.0,
      1.0
    ],
    "right": [
      0.6563112735748291,
      0.7544902563095093,
      -0.0
    ],
    "below": [
      -0.0,
      -0.0,
      -1.0
    ],
    "left": [
      -0.6563112735748291,
      -0.7544902563095093,
      0.0
    ],
    "behind": [
      -0.754490315914154,
      0.6563112735748291,
      0.0
    ]
  },
  "split": "new",
  "image_filename": "CLEVR_new_000061.png",
  "relationships": {
    "front": [
      [
        1,
        2,
        3,
        4,
        5,
        6,
        7,
        8
      ],
      [
        2,
        3,
        4,
        5,
        6,
        7,
        8
      ],
      [
        3,
        4,
        5,
        6,
        7,
        8
      ],
      [
        5,
        6,
        7,
        8
      ],
      [
        5,
        6,
        7,
        8
      ],
      [
        6
      ],
      [],
      [
        5,
        6
      ],
      [
        5,
        6
      ]
    ],
    "left": [
      [
        1,
        2,
        3,
        4,
        6,
        8
      ],
      [
        3,
        4,
        8
      ],
      [
        1,
        3,
        4,
        6,
        8
      ],
      [],
      [
        3,
        8
      ],
      [
        0,
        1,
        2,
        3,
        4,
        6,
        8
      ],
      [
        3,
        4,
        8
      ],
      [
        0,
        1,
        2,
        3,
        4,
        5,
        6,
        8
      ],
      [
        3
      ]
    ],
    "behind": [
      [],
      [
        0
      ],
      [
        0,
        1
      ],
      [
        0,
        1,
        2
      ],
      [
        0,
        1,
        2
      ],
      [
        0,
        1,
        2,
        3,
        4,
        7,
        8
      ],
      [
        0,
        1,
        2,
        3,
        4,
        5,
        7,
        8
      ],
      [
        0,
        1,
        2,
        3,
        4
      ],
      [
        0,
        1,
        2,
        3,
        4
      ]
    ],
    "right": [
      [
        5,
        7
      ],
      [
        0,
        2,
        5,
        7
      ],
      [
        0,
        5,
        7
      ],
      [
        0,
        1,
        2,
        4,
        5,
        6,
        7,
        8
      ],
      [
        0,
        1,
        2,
        5,
        6,
        7
      ],
      [
        7
      ],
      [
        0,
        2,
        5,
        7
      ],
      [],
      [
        0,
        1,
        2,
        4,
        5,
        6,
        7
      ]
    ]
  },
  "objects": [
    {
      "pixel_coords": [
        224,
        78,
        28.43170928955078
      ],
      "3d_coords": [
        -0.9810201525688171,
        6.359879493713379,
        0.699999988079071
      ],
      "material": "rubber",
      "rotation": 0.6826538821341499,
      "group": 0,
      "size": "large",
      "color": "red",
      "shape": "cube"
    },
    {
      "pixel_coords": [
        140,
        78,
        28.396425247192383
      ],
      "3d_coords": [
        -4.084287166595459,
        0.27523335814476013,
        0.699999988079071
      ],
      "material": "metal",
      "rotation": 45.031213657460526,
      "group": 1,
      "size": "large",
      "color": "red",
      "shape": "cube"
    },
    {
      "pixel_coords": [
        142,
        91,
        27.556894302368164
      ],
      "3d_coords": [
        -2.7861711978912354,
        -0.1650308221578598,
        0.699999988079071
      ],
      "material": "rubber",
      "rotation": 16.319961194621932,
      "group": 0,
      "size": "large",
      "color": "red",
      "shape": "cube"
    },
    {
      "pixel_coords": [
        96,
        96,
        27.235305786132812
      ],
      "3d_coords": [
        -3.9585347175598145,
        -3.540987014770508,
        0.699999988079071
      ],
      "material": "metal",
      "rotation": 312.75638204026586,
      "group": 1,
      "size": "large",
      "color": "red",
      "shape": "cube"
    },
    {
      "pixel_coords": [
        122,
        102,
        26.804420471191406
      ],
      "3d_coords": [
        -2.3758459091186523,
        -2.0064828395843506,
        0.699999988079071
      ],
      "material": "metal",
      "rotation": 99.51385624613869,
      "group": 1,
      "size": "large",
      "color": "red",
      "shape": "cube"
    },
    {
      "pixel_coords": [
        225,
        165,
        23.35224151611328
      ],
      "3d_coords": [
        5.896032810211182,
        1.819291353225708,
        0.699999988079071
      ],
      "material": "metal",
      "rotation": 79.33517780386286,
      "group": 1,
      "size": "large",
      "color": "red",
      "shape": "cube"
    },
    {
      "pixel_coords": [
        104,
        163,
        23.447402954101562
      ],
      "3d_coords": [
        2.039677143096924,
        -5.256155490875244,
        0.699999988079071
      ],
      "material": "metal",
      "rotation": 196.93023181768322,
      "group": 1,
      "size": "large",
      "color": "red",
      "shape": "cube"
    },
    {
      "pixel_coords": [
        248,
        144,
        24.386455535888672
      ],
      "3d_coords": [
        5.259789943695068,
        4.211370468139648,
        0.699999988079071
      ],
      "material": "metal",
      "rotation": 329.1247771323012,
      "group": 1,
      "size": "large",
      "color": "red",
      "shape": "cube"
    },
    {
      "pixel_coords": [
        112,
        116,
        25.93581771850586
      ],
      "3d_coords": [
        -1.453086256980896,
        -3.269397258758545,
        0.699999988079071
      ],
      "material": "metal",
      "rotation": 150.39764414334914,
      "group": 1,
      "size": "large",
      "color": "red",
      "shape": "cube"
    }
  ]
}