{
  "image_index": 32,
  "directions": {
    "front": [
      0.754490315914154,
      -0.6563112735748291,
      -0.0
    ],
    "above": [
      0.0,
      0.0,
      1.0
    ],
    "right": [
      0.6563112735748291,
      0.7544902563095093,
      -0.0
    ],
    "below": [
      -0.0,
      -0.0,
      -1.0
    ],
    "left": [
      -0.6563112735748291,
      -0.7544902563095093,
      0.0
    ],
    "behind": [
      -0.754490315914154,
      0.6563112735748291,
      0.0
    ]
  },
  "split": "new",
  "image_filename": "CLEVR_new_000032.png",
  "relationships": {
    "front": [
      [
        2,
        4,
        5,
        6,
        7,
        8
      ],
      [
        0,
        2,
        3,
        4,
        5,
        6,
        7,
        8
      ],
      [
        8
      ],
      [
        2,
        4,
        5,
        6,
        7,
        8
      ],
      [
        2,
        5,
        6,
        7,
        8
      ],
      [
        2,
        6,
        8
      ],
      [
        2,
        8
      ],
      [
        2,
        5,
        6,
        8
      ],
      []
    ],
    "left": [
      [
        1,
        2,
        3,
        4,
        5,
        7,
        8
      ],
      [
        4
      ],
      [
        1,
        3,
        4,
        5,
        8
      ],
      [
        4
      ],
      [],
      [
        1,
        3,
        4
      ],
      [
        0,
        1,
        2,
        3,
        4,
        5,
        7,
        8
      ],
      [
        1,
        2,
        3,
        4,
        5,
        8
      ],
      [
        1,
        3,
        4,
        5
      ]
    ],
    "behind": [
      [
        1
      ],
      [],
      [
        0,
        1,
        3,
        4,
        5,
        6,
        7
      ],
      [
        1
      ],
      [
        0,
        1,
        3
      ],
      [
        0,
        1,
        3,
        4,
        7
      ],
      [
        0,
        1,
        3,
        4,
        5,
        7
      ],
      [
        0,
        1,
        3,
        4
      ],
      [
        0,
        1,
        2,
        3,
        4,
        5,
        6,
        7
      ]
    ],
    "right": [
      [
        6
      ],
      [
        0,
        2,
        5,
        6,
        7,
        8
      ],
      [
        0,
        6,
        7
      ],
      [
        0,
        2,
        5,
        6,
        7,
        8
      ],
      [
        0,
        1,
        2,
        3,
        5,
        6,
        7,
        8
      ],
      [
        0,
        2,
        6,
        7,
        8
      ],
      [],
      [
        0,
        6
      ],
      [
        0,
        2,
        6,
        7
      ]
    ]
  },
  "objects": [
    {
      "pixel_coords": [
        225,
        107,
        26.203521728515625
      ],
      "3d_coords": [
        1.563546061515808,
        4.697741985321045,
        0.699999988079071
      ],
      "material": "metal",
      "rotation": 268.43765935723064,
      "group": 0,
      "size": "large",
      "color": "yellow",
      "shape": "cube"
    },
    {
      "pixel_coords": [
        165,
        46,
        30.177284240722656
      ],
      "3d_coords": [
        -6.424611568450928,
        3.754483222961426,
        0.699999988079071
      ],
      "material": "metal",
      "rotation": 308.1303227903442,
      "group": 1,
      "size": "large",
      "color": "blue",
      "shape": "cube"
    },
    {
      "pixel_coords": [
        168,
        175,
        22.852277755737305
      ],
      "3d_coords": [
        4.638509750366211,
        -1.7727763652801514,
        0.699999988079071
      ],
      "material": "metal",
      "rotation": 17.056109935688937,
      "group": 2,
      "size": "large",
      "color": "gray",
      "shape": "cube"
    },
    {
      "pixel_coords": [
        151,
        93,
        27.024436950683594
      ],
      "3d_coords": [
        -2.1960649490356445,
        0.3172677755355835,
        0.699999988079071
      ],
      "material": "metal",
      "rotation": 205.1713170401493,
      "group": 1,
      "size": "large",
      "color": "blue",
      "shape": "cube"
    },
    {
      "pixel_coords": [
        57,
        85,
        27.511438369750977
      ],
      "3d_coords": [
        -6.2687177658081055,
        -5.937036514282227,
        0.699999988079071
      ],
      "material": "metal",
      "rotation": 177.44109166746478,
      "group": 2,
      "size": "large",
      "color": "gray",
      "shape": "cube"
    },
    {
      "pixel_coords": [
        149,
        160,
        23.515640258789062
      ],
      "3d_coords": [
        3.0756826400756836,
        -2.3852715492248535,
        0.699999988079071
      ],
      "material": "metal",
      "rotation": 82.86712721464785,
      "group": 3,
      "size": "large",
      "color": "cyan",
      "shape": "cube"
    },
    {
      "pixel_coords": [
        219,
        179,
        22.6606388092041
      ],
      "3d_coords": [
        6.407217979431152,
        1.0179051160812378,
        0.699999988079071
      ],
      "material": "metal",
      "rotation": 316.9420021036477,
      "group": 4,
      "size": "large",
      "color": "brown",
      "shape": "cube"
    },
    {
      "pixel_coords": [
        184,
        148,
        24.051219940185547
      ],
      "3d_coords": [
        3.3316562175750732,
        0.13186189532279968,
        0.699999988079071
      ],
      "material": "metal",
      "rotation": 84.74138994869453,
      "group": 1,
      "size": "large",
      "color": "blue",
      "shape": "cube"
    },
    {
      "pixel_coords": [
        141,
        205,
        21.59990882873535
      ],
      "3d_coords": [
        5.762158393859863,
        -4.241370677947998,
        0.699999988079071
      ],
      "material": "metal",
      "rotation": 232.5009338274774,
      "group": 5,
      "size": "large",
      "color": "red",
      "shape": "cube"
    }
  ]
}