{
  "image_index": 121,
  "directions": {
    "front": [
      0.754490315914154,
      -0.6563112735748291,
      -0.0
    ],
    "above": [
      0.0,
      0.0,
      1.0
    ],
    "right": [
      0.6563112735748291,
      0.7544902563095093,
      -0.0
    ],
    "below": [
      -0.0,
      -0.0,
      -1.0
    ],
    "left": [
      -0.6563112735748291,
      -0.7544902563095093,
      0.0
    ],
    "behind": [
      -0.754490315914154,
      0.6563112735748291,
      0.0
    ]
  },
  "split": "new",
  "image_filename": "CLEVR_new_000121.png",
  "relationships": {
    "front": [
      [
        1,
        2,
        5
      ],
      [
        5
      ],
      [
        1,
        5
      ],
      [
        0,
        1,
        2,
        4,
        5
      ],
      [
        0,
        1,
        2,
        5
      ],
      []
    ],
    "left": [
      [
        1,
        2,
        4
      ],
      [
        2,
        4
      ],
      [],
      [
        0,
        1,
        2,
        4,
        5
      ],
      [
        2
      ],
      [
        0,
        1,
        2,
        4
      ]
    ],
    "behind": [
      [
        3,
        4
      ],
      [
        0,
        2,
        3,
        4
      ],
      [
        0,
        3,
        4
      ],
      [],
      [
        3
      ],
      [
        0,
        1,
        2,
        3,
        4
      ]
    ],
    "right": [
      [
        3,
        5
      ],
      [
        0,
        3,
        5
      ],
      [
        0,
        1,
        3,
        4,
        5
      ],
      [],
      [
        0,
        1,
        3,
        5
      ],
      [
        3
      ]
    ]
  },
  "objects": [
    {
      "pixel_coords": [
        138,
        110,
        25.912782669067383
      ],
      "3d_coords": [
        -1.0581084489822388,
        -1.3114925622940063,
        0.699999988079071
      ],
      "material": "rubber",
      "rotation": 263.93328593617633,
      "group": 0,
      "size": "large",
      "color": "yellow",
      "shape": "cube"
    },
    {
      "pixel_coords": [
        82,
        155,
        23.506166458129883
      ],
      "3d_coords": [
        0.8400356769561768,
        -6.283061504364014,
        0.699999988079071
      ],
      "material": "metal",
      "rotation": 7.992969829381242,
      "group": 1,
      "size": "large",
      "color": "yellow",
      "shape": "cube"
    },
    {
      "pixel_coords": [
        84,
        130,
        24.822891235351562
      ],
      "3d_coords": [
        -1.13352370262146,
        -5.436007976531982,
        0.699999988079071
      ],
      "material": "rubber",
      "rotation": 50.33193345547555,
      "group": 0,
      "size": "large",
      "color": "yellow",
      "shape": "cube"
    },
    {
      "pixel_coords": [
        219,
        63,
        29.05786895751953
      ],
      "3d_coords": [
        -2.733761787414551,
        6.798020839691162,
        0.699999988079071
      ],
      "material": "rubber",
      "rotation": 60.044135043799415,
      "group": 0,
      "size": "large",
      "color": "yellow",
      "shape": "cube"
    },
    {
      "pixel_coords": [
        106,
        97,
        26.72682762145996
      ],
      "3d_coords": [
        -3.3417954444885254,
        -2.9182963371276855,
        0.699999988079071
      ],
      "material": "metal",
      "rotation": 307.24116425734746,
      "group": 1,
      "size": "large",
      "color": "yellow",
      "shape": "cube"
    },
    {
      "pixel_coords": [
        119,
        228,
        20.46050453186035
      ],
      "3d_coords": [
        6.552577018737793,
        -5.943570137023926,
        0.699999988079071
      ],
      "material": "metal",
      "rotation": 213.34016184631236,
      "group": 1,
      "size": "large",
      "color": "yellow",
      "shape": "cube"
    }
  ]
}