{
  "image_index": 159,
  "directions": {
    "front": [
      0.754490315914154,
      -0.6563112735748291,
      -0.0
    ],
    "above": [
      0.0,
      0.0,
      1.0
    ],
    "right": [
      0.6563112735748291,
      0.7544902563095093,
      -0.0
    ],
    "below": [
      -0.0,
      -0.0,
      -1.0
    ],
    "left": [
      -0.6563112735748291,
      -0.7544902563095093,
      0.0
    ],
    "behind": [
      -0.754490315914154,
      0.6563112735748291,
      0.0
    ]
  },
  "split": "new",
  "image_filename": "CLEVR_new_000159.png",
  "relationships": {
    "front": [
      [
        1,
        4,
        5
      ],
      [],
      [
        0,
        1,
        4,
        5,
        6
      ],
      [
        0,
        1,
        2,
        4,
        5,
        6
      ],
      [
        1
      ],
      [
        1
      ],
      [
        0,
        1,
        4,
        5
      ]
    ],
    "left": [
      [],
      [
        0,
        2,
        3,
        4,
        5
      ],
      [
        0
      ],
      [
        0,
        2
      ],
      [
        0,
        2,
        3
      ],
      [
        0,
        2,
        3,
        4
      ],
      [
        0,
        1,
        2,
        3,
        4,
        5
      ]
    ],
    "behind": [
      [
        2,
        3,
        6
      ],
      [
        0,
        2,
        3,
        4,
        5,
        6
      ],
      [
        3
      ],
      [],
      [
        0,
        2,
        3,
        6
      ],
      [
        0,
        2,
        3,
        6
      ],
      [
        2,
        3
      ]
    ],
    "right": [
      [
        1,
        2,
        3,
        4,
        5,
        6
      ],
      [
        6
      ],
      [
        1,
        3,
        4,
        5,
        6
      ],
      [
        1,
        4,
        5,
        6
      ],
      [
        1,
        5,
        6
      ],
      [
        1,
        6
      ],
      []
    ]
  },
  "objects": [
    {
      "pixel_coords": [
        69,
        79,
        28.628101348876953
      ],
      "3d_coords": [
        -6.641296863555908,
        -4.990166664123535,
        0.699999988079071
      ],
      "material": "metal",
      "rotation": 217.89152551251414,
      "group": 0,
      "size": "large",
      "color": "green",
      "shape": "cone"
    },
    {
      "pixel_coords": [
        133,
        157,
        23.950889587402344
      ],
      "3d_coords": [
        2.5987298488616943,
        -3.344846725463867,
        0.699999988079071
      ],
      "material": "metal",
      "rotation": 223.97064865565963,
      "group": 0,
      "size": "large",
      "color": "green",
      "shape": "cone"
    },
    {
      "pixel_coords": [
        113,
        66,
        29.596221923828125
      ],
      "3d_coords": [
        -6.499382972717285,
        -1.2034008502960205,
        0.699999988079071
      ],
      "material": "metal",
      "rotation": 288.8997802539675,
      "group": 1,
      "size": "large",
      "color": "green",
      "shape": "cylinder"
    },
    {
      "pixel_coords": [
        141,
        57,
        30.263784408569336
      ],
      "3d_coords": [
        -6.411484718322754,
        1.3877348899841309,
        0.699999988079071
      ],
      "material": "metal",
      "rotation": 355.6495193581875,
      "group": 2,
      "size": "large",
      "color": "green",
      "shape": "sphere"
    },
    {
      "pixel_coords": [
        111,
        138,
        24.97055435180664
      ],
      "3d_coords": [
        0.3720250427722931,
        -4.130061626434326,
        0.699999988079071
      ],
      "material": "metal",
      "rotation": 283.39844734076496,
      "group": 3,
      "size": "large",
      "color": "green",
      "shape": "cube"
    },
    {
      "pixel_coords": [
        130,
        143,
        24.706159591674805
      ],
      "3d_coords": [
        1.368221402168274,
        -3.0850746631622314,
        0.699999988079071
      ],
      "material": "metal",
      "rotation": 307.00014998044963,
      "group": 2,
      "size": "large",
      "color": "green",
      "shape": "sphere"
    },
    {
      "pixel_coords": [
        231,
        96,
        27.470298767089844
      ],
      "3d_coords": [
        0.8140221238136292,
        5.799403190612793,
        0.699999988079071
      ],
      "material": "metal",
      "rotation": 322.7453600177548,
      "group": 2,
      "size": "large",
      "color": "green",
      "shape": "sphere"
    }
  ]
}