{
  "image_index": 73,
  "directions": {
    "front": [
      0.754490315914154,
      -0.6563112735748291,
      -0.0
    ],
    "above": [
      0.0,
      0.0,
      1.0
    ],
    "right": [
      0.6563112735748291,
      0.7544902563095093,
      -0.0
    ],
    "below": [
      -0.0,
      -0.0,
      -1.0
    ],
    "left": [
      -0.6563112735748291,
      -0.7544902563095093,
      0.0
    ],
    "behind": [
      -0.754490315914154,
      0.6563112735748291,
      0.0
    ]
  },
  "split": "new",
  "image_filename": "CLEVR_new_000073.png",
  "relationships": {
    "front": [
      [
        2,
        5
      ],
      [
        0,
        2,
        3,
        4,
        5
      ],
      [],
      [
        0,
        2,
        5
      ],
      [
        0,
        2,
        3,
        5
      ],
      [
        2
      ]
    ],
    "left": [
      [
        1,
        2
      ],
      [],
      [
        1
      ],
      [
        0,
        1,
        2,
        4
      ],
      [
        0,
        1,
        2
      ],
      [
        0,
        1,
        2,
        4
      ]
    ],
    "behind": [
      [
        1,
        3,
        4
      ],
      [],
      [
        0,
        1,
        3,
        4,
        5
      ],
      [
        1,
        4
      ],
      [
        1
      ],
      [
        0,
        1,
        3,
        4
      ]
    ],
    "right": [
      [
        3,
        4,
        5
      ],
      [
        0,
        2,
        3,
        4,
        5
      ],
      [
        0,
        3,
        4,
        5
      ],
      [],
      [
        3,
        5
      ],
      []
    ]
  },
  "objects": [
    {
      "pixel_coords": [
        120,
        135,
        24.281282424926758
      ],
      "3d_coords": [
        0.4812849760055542,
        -3.326075792312622,
        0.699999988079071
      ],
      "material": "rubber",
      "rotation": 322.3223721841341,
      "group": 0,
      "size": "large",
      "color": "gray",
      "shape": "cone"
    },
    {
      "pixel_coords": [
        77,
        89,
        26.96134376525879
      ],
      "3d_coords": [
        -5.016942024230957,
        -4.63098669052124,
        0.699999988079071
      ],
      "material": "rubber",
      "rotation": 73.44026391643266,
      "group": 1,
      "size": "large",
      "color": "blue",
      "shape": "cone"
    },
    {
      "pixel_coords": [
        78,
        137,
        24.18609046936035
      ],
      "3d_coords": [
        -0.6407142281532288,
        -5.992456912994385,
        0.699999988079071
      ],
      "material": "rubber",
      "rotation": 184.74087970480247,
      "group": 2,
      "size": "large",
      "color": "green",
      "shape": "cone"
    },
    {
      "pixel_coords": [
        250,
        144,
        23.819128036499023
      ],
      "3d_coords": [
        5.058874607086182,
        4.373204231262207,
        0.699999988079071
      ],
      "material": "rubber",
      "rotation": 235.63355246182692,
      "group": 0,
      "size": "large",
      "color": "gray",
      "shape": "cone"
    },
    {
      "pixel_coords": [
        206,
        125,
        24.804996490478516
      ],
      "3d_coords": [
        2.352806329727173,
        2.485578775405884,
        0.699999988079071
      ],
      "material": "rubber",
      "rotation": 106.6743220583884,
      "group": 3,
      "size": "large",
      "color": "yellow",
      "shape": "cone"
    },
    {
      "pixel_coords": [
        249,
        170,
        22.60910415649414
      ],
      "3d_coords": [
        6.67536735534668,
        3.179173707962036,
        0.699999988079071
      ],
      "material": "rubber",
      "rotation": 234.4998817822695,
      "group": 4,
      "size": "large",
      "color": "cyan",
      "shape": "cone"
    }
  ]
}