{
  "image_index": 162,
  "directions": {
    "front": [
      0.754490315914154,
      -0.6563112735748291,
      -0.0
    ],
    "above": [
      0.0,
      0.0,
      1.0
    ],
    "right": [
      0.6563112735748291,
      0.7544902563095093,
      -0.0
    ],
    "below": [
      -0.0,
      -0.0,
      -1.0
    ],
    "left": [
      -0.6563112735748291,
      -0.7544902563095093,
      0.0
    ],
    "behind": [
      -0.754490315914154,
      0.6563112735748291,
      0.0
    ]
  },
  "split": "new",
  "image_filename": "CLEVR_new_000162.png",
  "relationships": {
    "front": [
      [
        4
      ],
      [
        4
      ],
      [
        0,
        1,
        4,
        5,
        6,
        7,
        8
      ],
      [
        0,
        1,
        2,
        4,
        5,
        6,
        7,
        8
      ],
      [],
      [
        0,
        1,
        4,
        6,
        7,
        8
      ],
      [
        0,
        1,
        4
      ],
      [
        0,
        1,
        4,
        6
      ],
      [
        0,
        1,
        4,
        6,
        7
      ]
    ],
    "left": [
      [
        1,
        2,
        4,
        6
      ],
      [
        2,
        4,
        6
      ],
      [
        6
      ],
      [
        1,
        2,
        4,
        6
      ],
      [
        2,
        6
      ],
      [
        0,
        1,
        2,
        3,
        4,
        6,
        7,
        8
      ],
      [],
      [
        0,
        1,
        2,
        3,
        4,
        6
      ],
      [
        0,
        1,
        2,
        3,
        4,
        6,
        7
      ]
    ],
    "behind": [
      [
        2,
        3,
        5,
        6,
        7,
        8
      ],
      [
        2,
        3,
        5,
        6,
        7,
        8
      ],
      [
        3
      ],
      [],
      [
        0,
        1,
        2,
        3,
        5,
        6,
        7,
        8
      ],
      [
        2,
        3
      ],
      [
        2,
        3,
        5,
        7,
        8
      ],
      [
        2,
        3,
        5,
        8
      ],
      [
        2,
        3,
        5
      ]
    ],
    "right": [
      [
        5,
        7,
        8
      ],
      [
        0,
        3,
        5,
        7,
        8
      ],
      [
        0,
        1,
        3,
        4,
        5,
        7,
        8
      ],
      [
        5,
        7,
        8
      ],
      [
        0,
        1,
        3,
        5,
        7,
        8
      ],
      [],
      [
        0,
        1,
        2,
        3,
        4,
        5,
        7,
        8
      ],
      [
        5,
        8
      ],
      [
        5
      ]
    ]
  },
  "objects": [
    {
      "pixel_coords": [
        150,
        207,
        21.217456817626953
      ],
      "3d_coords": [
        6.265953063964844,
        -3.5837950706481934,
        0.699999988079071
      ],
      "material": "metal",
      "rotation": 272.0961436602159,
      "group": 0,
      "size": "large",
      "color": "gray",
      "shape": "sphere"
    },
    {
      "pixel_coords": [
        121,
        200,
        21.512020111083984
      ],
      "3d_coords": [
        5.0720014572143555,
        -4.99101448059082,
        0.699999988079071
      ],
      "material": "metal",
      "rotation": 211.03040441025485,
      "group": 1,
      "size": "large",
      "color": "gray",
      "shape": "cone"
    },
    {
      "pixel_coords": [
        137,
        55,
        29.404296875
      ],
      "3d_coords": [
        -6.512660026550293,
        0.931794285774231,
        0.699999988079071
      ],
      "material": "metal",
      "rotation": 287.9137488086128,
      "group": 2,
      "size": "large",
      "color": "gray",
      "shape": "cube"
    },
    {
      "pixel_coords": [
        202,
        43,
        30.33043670654297
      ],
      "3d_coords": [
        -5.55583381652832,
        6.579036235809326,
        0.699999988079071
      ],
      "material": "metal",
      "rotation": 91.16394563150776,
      "group": 3,
      "size": "large",
      "color": "gray",
      "shape": "cylinder"
    },
    {
      "pixel_coords": [
        90,
        198,
        21.589624404907227
      ],
      "3d_coords": [
        4.127026557922363,
        -6.7096052169799805,
        0.699999988079071
      ],
      "material": "metal",
      "rotation": 345.97745873864204,
      "group": 1,
      "size": "large",
      "color": "gray",
      "shape": "cone"
    },
    {
      "pixel_coords": [
        256,
        111,
        25.742618560791016
      ],
      "3d_coords": [
        2.7588608264923096,
        6.5151777267456055,
        0.699999988079071
      ],
      "material": "metal",
      "rotation": 203.49731445061084,
      "group": 3,
      "size": "large",
      "color": "gray",
      "shape": "cylinder"
    },
    {
      "pixel_coords": [
        88,
        119,
        25.299179077148438
      ],
      "3d_coords": [
        -1.7763453722000122,
        -4.905625820159912,
        0.699999988079071
      ],
      "material": "metal",
      "rotation": 198.77435232092847,
      "group": 3,
      "size": "large",
      "color": "gray",
      "shape": "cylinder"
    },
    {
      "pixel_coords": [
        206,
        134,
        24.485044479370117
      ],
      "3d_coords": [
        2.992507219314575,
        2.1243317127227783,
        0.699999988079071
      ],
      "material": "metal",
      "rotation": 313.132835853121,
      "group": 3,
      "size": "large",
      "color": "gray",
      "shape": "cylinder"
    },
    {
      "pixel_coords": [
        221,
        124,
        25.039749145507812
      ],
      "3d_coords": [
        2.671233892440796,
        3.594548225402832,
        0.699999988079071
      ],
      "material": "metal",
      "rotation": 234.25924418892376,
      "group": 0,
      "size": "large",
      "color": "gray",
      "shape": "sphere"
    }
  ]
}