{
  "image_index": 27,
  "directions": {
    "front": [
      0.754490315914154,
      -0.6563112735748291,
      -0.0
    ],
    "above": [
      0.0,
      0.0,
      1.0
    ],
    "right": [
      0.6563112735748291,
      0.7544902563095093,
      -0.0
    ],
    "below": [
      -0.0,
      -0.0,
      -1.0
    ],
    "left": [
      -0.6563112735748291,
      -0.7544902563095093,
      0.0
    ],
    "behind": [
      -0.754490315914154,
      0.6563112735748291,
      0.0
    ]
  },
  "split": "new",
  "image_filename": "CLEVR_new_000027.png",
  "relationships": {
    "front": [
      [
        1,
        3,
        6
      ],
      [
        3
      ],
      [
        0,
        1,
        3,
        5,
        6,
        7
      ],
      [],
      [
        0,
        1,
        3,
        5,
        6,
        7
      ],
      [
        1,
        3,
        6
      ],
      [
        3
      ],
      [
        1,
        3,
        6
      ],
      [
        0,
        1,
        2,
        3,
        4,
        5,
        6,
        7
      ]
    ],
    "left": [
      [
        1,
        2,
        3,
        4,
        5,
        6,
        7,
        8
      ],
      [
        2,
        3,
        4,
        6
      ],
      [],
      [
        2,
        4,
        6
      ],
      [
        2
      ],
      [
        1,
        2,
        3,
        4,
        6
      ],
      [
        2,
        4
      ],
      [
        1,
        2,
        3,
        4,
        5,
        6,
        8
      ],
      [
        1,
        2,
        3,
        4,
        5,
        6
      ]
    ],
    "behind": [
      [
        2,
        4,
        8
      ],
      [
        0,
        2,
        4,
        5,
        7,
        8
      ],
      [
        8
      ],
      [
        0,
        1,
        2,
        4,
        5,
        6,
        7,
        8
      ],
      [
        8
      ],
      [
        2,
        4,
        8
      ],
      [
        0,
        2,
        4,
        5,
        7,
        8
      ],
      [
        2,
        4,
        8
      ],
      []
    ],
    "right": [
      [],
      [
        0,
        5,
        7,
        8
      ],
      [
        0,
        1,
        3,
        4,
        5,
        6,
        7,
        8
      ],
      [
        0,
        1,
        5,
        7,
        8
      ],
      [
        0,
        1,
        3,
        5,
        6,
        7,
        8
      ],
      [
        0,
        7,
        8
      ],
      [
        0,
        1,
        3,
        5,
        7,
        8
      ],
      [
        0
      ],
      [
        0,
        7
      ]
    ]
  },
  "objects": [
    {
      "pixel_coords": [
        252,
        159,
        23.646223068237305
      ],
      "3d_coords": [
        6.152339935302734,
        4.029688835144043,
        0.699999988079071
      ],
      "material": "metal",
      "rotation": 254.0390657309742,
      "group": 0,
      "size": "large",
      "color": "green",
      "shape": "cube"
    },
    {
      "pixel_coords": [
        140,
        169,
        23.176345825195312
      ],
      "3d_coords": [
        3.649620294570923,
        -3.1705007553100586,
        0.699999988079071
      ],
      "material": "metal",
      "rotation": 228.44522557129798,
      "group": 1,
      "size": "large",
      "color": "purple",
      "shape": "cube"
    },
    {
      "pixel_coords": [
        80,
        101,
        26.870182037353516
      ],
      "3d_coords": [
        -3.786530017852783,
        -4.9786882400512695,
        0.699999988079071
      ],
      "material": "metal",
      "rotation": 152.30634935904231,
      "group": 2,
      "size": "large",
      "color": "blue",
      "shape": "cube"
    },
    {
      "pixel_coords": [
        104,
        176,
        22.851469039916992
      ],
      "3d_coords": [
        3.142061948776245,
        -5.514118671417236,
        0.699999988079071
      ],
      "material": "metal",
      "rotation": 7.558137299702001,
      "group": 0,
      "size": "large",
      "color": "green",
      "shape": "cube"
    },
    {
      "pixel_coords": [
        94,
        105,
        26.62919044494629
      ],
      "3d_coords": [
        -2.9604384899139404,
        -4.126141548156738,
        0.699999988079071
      ],
      "material": "metal",
      "rotation": 295.5623107650782,
      "group": 3,
      "size": "large",
      "color": "cyan",
      "shape": "cube"
    },
    {
      "pixel_coords": [
        158,
        138,
        24.705726623535156
      ],
      "3d_coords": [
        1.893552303314209,
        -1.069213628768921,
        0.699999988079071
      ],
      "material": "metal",
      "rotation": 319.9100534607777,
      "group": 4,
      "size": "large",
      "color": "yellow",
      "shape": "cube"
    },
    {
      "pixel_coords": [
        96,
        155,
        23.812570571899414
      ],
      "3d_coords": [
        1.4533442258834839,
        -5.454363822937012,
        0.699999988079071
      ],
      "material": "metal",
      "rotation": 113.44186284167117,
      "group": 3,
      "size": "large",
      "color": "cyan",
      "shape": "cube"
    },
    {
      "pixel_coords": [
        226,
        154,
        23.873493194580078
      ],
      "3d_coords": [
        5.081465721130371,
        2.596954584121704,
        0.699999988079071
      ],
      "material": "metal",
      "rotation": 111.39198128327877,
      "group": 5,
      "size": "large",
      "color": "gray",
      "shape": "cube"
    },
    {
      "pixel_coords": [
        214,
        82,
        28.1153507232666
      ],
      "3d_coords": [
        -1.2146295309066772,
        5.353742599487305,
        0.699999988079071
      ],
      "material": "metal",
      "rotation": 61.15170144133647,
      "group": 1,
      "size": "large",
      "color": "purple",
      "shape": "cube"
    }
  ]
}