{
  "image_index": 115,
  "directions": {
    "front": [
      0.754490315914154,
      -0.6563112735748291,
      -0.0
    ],
    "above": [
      0.0,
      0.0,
      1.0
    ],
    "right": [
      0.6563112735748291,
      0.7544902563095093,
      -0.0
    ],
    "below": [
      -0.0,
      -0.0,
      -1.0
    ],
    "left": [
      -0.6563112735748291,
      -0.7544902563095093,
      0.0
    ],
    "behind": [
      -0.754490315914154,
      0.6563112735748291,
      0.0
    ]
  },
  "split": "new",
  "image_filename": "CLEVR_new_000115.png",
  "relationships": {
    "front": [
      [
        1,
        2,
        4,
        9
      ],
      [
        2,
        4,
        9
      ],
      [
        4,
        9
      ],
      [
        1,
        2,
        4,
        9
      ],
      [
        9
      ],
      [
        0,
        1,
        2,
        3,
        4,
        6,
        7,
        8,
        9
      ],
      [
        0,
        1,
        2,
        3,
        4,
        9
      ],
      [
        0,
        1,
        2,
        3,
        4,
        6,
        9
      ],
      [
        0,
        1,
        2,
        3,
        4,
        6,
        7,
        9
      ],
      []
    ],
    "left": [
      [
        1,
        2,
        3,
        4,
        5,
        7,
        9
      ],
      [
        2,
        3,
        4,
        5,
        7,
        9
      ],
      [
        4,
        5,
        9
      ],
      [
        2,
        4,
        5,
        9
      ],
      [
        5,
        9
      ],
      [],
      [
        0,
        1,
        2,
        3,
        4,
        5,
        7,
        8,
        9
      ],
      [
        2,
        3,
        4,
        5,
        9
      ],
      [
        1,
        2,
        3,
        4,
        5,
        7,
        9
      ],
      [
        5
      ]
    ],
    "behind": [
      [
        5,
        6,
        7,
        8
      ],
      [
        0,
        3,
        5,
        6,
        7,
        8
      ],
      [
        0,
        1,
        3,
        5,
        6,
        7,
        8
      ],
      [
        5,
        6,
        7,
        8
      ],
      [
        0,
        1,
        2,
        3,
        5,
        6,
        7,
        8
      ],
      [],
      [
        5,
        7,
        8
      ],
      [
        5,
        8
      ],
      [
        5
      ],
      [
        0,
        1,
        2,
        3,
        4,
        5,
        6,
        7,
        8
      ]
    ],
    "right": [
      [
        6
      ],
      [
        0,
        6,
        8
      ],
      [
        0,
        1,
        3,
        6,
        7,
        8
      ],
      [
        0,
        1,
        6,
        7,
        8
      ],
      [
        0,
        1,
        2,
        3,
        6,
        7,
        8
      ],
      [
        0,
        1,
        2,
        3,
        4,
        6,
        7,
        8,
        9
      ],
      [],
      [
        0,
        1,
        6,
        8
      ],
      [
        6
      ],
      [
        0,
        1,
        2,
        3,
        4,
        6,
        7,
        8
      ]
    ]
  },
  "objects": [
    {
      "pixel_coords": [
        267,
        143,
        24.395904541015625
      ],
      "3d_coords": [
        5.7308349609375,
        5.4378662109375,
        0.699999988079071
      ],
      "material": "rubber",
      "rotation": 99.4722935359975,
      "group": 0,
      "size": "large",
      "color": "yellow",
      "shape": "cone"
    },
    {
      "pixel_coords": [
        197,
        133,
        24.923810958862305
      ],
      "3d_coords": [
        2.750898838043213,
        1.5117827653884888,
        0.699999988079071
      ],
      "material": "metal",
      "rotation": 352.0234555962335,
      "group": 1,
      "size": "large",
      "color": "yellow",
      "shape": "cone"
    },
    {
      "pixel_coords": [
        123,
        153,
        23.899127960205078
      ],
      "3d_coords": [
        1.8796244859695435,
        -3.835999011993408,
        0.699999988079071
      ],
      "material": "metal",
      "rotation": 98.46629438872239,
      "group": 1,
      "size": "large",
      "color": "yellow",
      "shape": "cone"
    },
    {
      "pixel_coords": [
        159,
        122,
        25.552942276000977
      ],
      "3d_coords": [
        0.6338815093040466,
        -0.3722847104072571,
        0.699999988079071
      ],
      "material": "metal",
      "rotation": 269.1701051545031,
      "group": 1,
      "size": "large",
      "color": "yellow",
      "shape": "cone"
    },
    {
      "pixel_coords": [
        95,
        159,
        23.616519927978516
      ],
      "3d_coords": [
        1.4518272876739502,
        -5.676269054412842,
        0.699999988079071
      ],
      "material": "rubber",
      "rotation": 59.73776154705768,
      "group": 0,
      "size": "large",
      "color": "yellow",
      "shape": "cone"
    },
    {
      "pixel_coords": [
        112,
        79,
        28.277189254760742
      ],
      "3d_coords": [
        -5.069899082183838,
        -1.7822507619857788,
        0.699999988079071
      ],
      "material": "rubber",
      "rotation": 79.51379269207291,
      "group": 0,
      "size": "large",
      "color": "yellow",
      "shape": "cone"
    },
    {
      "pixel_coords": [
        281,
        142,
        24.454837799072266
      ],
      "3d_coords": [
        6.104965686798096,
        6.376804351806641,
        0.699999988079071
      ],
      "material": "rubber",
      "rotation": 200.34542402679602,
      "group": 0,
      "size": "large",
      "color": "yellow",
      "shape": "cone"
    },
    {
      "pixel_coords": [
        185,
        119,
        25.751195907592773
      ],
      "3d_coords": [
        1.2183796167373657,
        1.4728461503982544,
        0.699999988079071
      ],
      "material": "metal",
      "rotation": 249.30492266642165,
      "group": 1,
      "size": "large",
      "color": "yellow",
      "shape": "cone"
    },
    {
      "pixel_coords": [
        270,
        130,
        25.084646224975586
      ],
      "3d_coords": [
        4.934479713439941,
        6.3395185470581055,
        0.699999988079071
      ],
      "material": "metal",
      "rotation": 351.7013719256638,
      "group": 1,
      "size": "large",
      "color": "yellow",
      "shape": "cone"
    },
    {
      "pixel_coords": [
        81,
        167,
        23.24237823486328
      ],
      "3d_coords": [
        1.6148046255111694,
        -6.691439628601074,
        0.699999988079071
      ],
      "material": "rubber",
      "rotation": 174.3930260985264,
      "group": 0,
      "size": "large",
      "color": "yellow",
      "shape": "cone"
    }
  ]
}