{
  "image_index": 169,
  "directions": {
    "front": [
      0.754490315914154,
      -0.6563112735748291,
      -0.0
    ],
    "above": [
      0.0,
      0.0,
      1.0
    ],
    "right": [
      0.6563112735748291,
      0.7544902563095093,
      -0.0
    ],
    "below": [
      -0.0,
      -0.0,
      -1.0
    ],
    "left": [
      -0.6563112735748291,
      -0.7544902563095093,
      0.0
    ],
    "behind": [
      -0.754490315914154,
      0.6563112735748291,
      0.0
    ]
  },
  "split": "new",
  "image_filename": "CLEVR_new_000169.png",
  "relationships": {
    "front": [
      [
        7
      ],
      [
        0,
        2,
        3,
        4,
        5,
        6,
        7
      ],
      [
        0,
        3,
        4,
        5,
        7
      ],
      [
        7
      ],
      [
        0,
        3,
        5,
        7
      ],
      [
        0,
        3,
        7
      ],
      [
        0,
        3,
        4,
        5,
        7
      ],
      []
    ],
    "left": [
      [],
      [
        0,
        6
      ],
      [
        0,
        1,
        4,
        6
      ],
      [
        0,
        1,
        2,
        4,
        6,
        7
      ],
      [
        0,
        1,
        6
      ],
      [
        0,
        1,
        2,
        4,
        6,
        7
      ],
      [
        0
      ],
      [
        0,
        1,
        2,
        4,
        6
      ]
    ],
    "behind": [
      [
        1,
        2,
        4,
        5,
        6
      ],
      [],
      [
        1
      ],
      [
        1,
        2,
        4,
        5,
        6
      ],
      [
        1,
        2,
        6
      ],
      [
        1,
        2,
        4,
        6
      ],
      [
        1
      ],
      [
        0,
        1,
        2,
        3,
        4,
        5,
        6
      ]
    ],
    "right": [
      [
        1,
        2,
        3,
        4,
        5,
        6,
        7
      ],
      [
        2,
        3,
        4,
        5,
        7
      ],
      [
        3,
        5,
        7
      ],
      [],
      [
        2,
        3,
        5,
        7
      ],
      [],
      [
        1,
        2,
        3,
        4,
        5,
        7
      ],
      [
        3,
        5
      ]
    ]
  },
  "objects": [
    {
      "pixel_coords": [
        60,
        116,
        25.631040573120117
      ],
      "3d_coords": [
        -3.0806736946105957,
        -6.678869724273682,
        0.699999988079071
      ],
      "material": "rubber",
      "rotation": 105.94125849600867,
      "group": 0,
      "size": "large",
      "color": "cyan",
      "shape": "cylinder"
    },
    {
      "pixel_coords": [
        171,
        58,
        29.566967010498047
      ],
      "3d_coords": [
        -5.092682838439941,
        3.5548009872436523,
        0.699999988079071
      ],
      "material": "rubber",
      "rotation": 302.3699640168471,
      "group": 0,
      "size": "large",
      "color": "cyan",
      "shape": "cylinder"
    },
    {
      "pixel_coords": [
        180,
        74,
        28.33568000793457
      ],
      "3d_coords": [
        -3.024749994277954,
        3.294144868850708,
        0.699999988079071
      ],
      "material": "rubber",
      "rotation": 232.00532207849687,
      "group": 0,
      "size": "large",
      "color": "cyan",
      "shape": "cylinder"
    },
    {
      "pixel_coords": [
        267,
        160,
        23.246871948242188
      ],
      "3d_coords": [
        6.709064483642578,
        4.643945217132568,
        0.699999988079071
      ],
      "material": "metal",
      "rotation": 70.17375558781816,
      "group": 1,
      "size": "large",
      "color": "cyan",
      "shape": "cylinder"
    },
    {
      "pixel_coords": [
        173,
        85,
        27.60909080505371
      ],
      "3d_coords": [
        -2.2416648864746094,
        2.246530771255493,
        0.699999988079071
      ],
      "material": "rubber",
      "rotation": 5.68565578829658,
      "group": 0,
      "size": "large",
      "color": "cyan",
      "shape": "cylinder"
    },
    {
      "pixel_coords": [
        271,
        128,
        24.943342208862305
      ],
      "3d_coords": [
        4.602584362030029,
        6.521433353424072,
        0.699999988079071
      ],
      "material": "rubber",
      "rotation": 130.51815841157816,
      "group": 0,
      "size": "large",
      "color": "cyan",
      "shape": "cylinder"
    },
    {
      "pixel_coords": [
        144,
        68,
        28.840187072753906
      ],
      "3d_coords": [
        -5.029032230377197,
        1.0357338190078735,
        0.699999988079071
      ],
      "material": "metal",
      "rotation": 253.4448317845875,
      "group": 1,
      "size": "large",
      "color": "cyan",
      "shape": "cylinder"
    },
    {
      "pixel_coords": [
        188,
        173,
        22.640060424804688
      ],
      "3d_coords": [
        5.263455867767334,
        -0.5232263803482056,
        0.699999988079071
      ],
      "material": "metal",
      "rotation": 158.81704297057365,
      "group": 1,
      "size": "large",
      "color": "cyan",
      "shape": "cylinder"
    }
  ]
}