{
  "image_index": 23,
  "directions": {
    "front": [
      0.754490315914154,
      -0.6563112735748291,
      -0.0
    ],
    "above": [
      0.0,
      0.0,
      1.0
    ],
    "right": [
      0.6563112735748291,
      0.7544902563095093,
      -0.0
    ],
    "below": [
      -0.0,
      -0.0,
      -1.0
    ],
    "left": [
      -0.6563112735748291,
      -0.7544902563095093,
      0.0
    ],
    "behind": [
      -0.754490315914154,
      0.6563112735748291,
      0.0
    ]
  },
  "split": "new",
  "image_filename": "CLEVR_new_000023.png",
  "relationships": {
    "front": [
      [],
      [
        0,
        4,
        5
      ],
      [
        0,
        4,
        5
      ],
      [
        0,
        1,
        2,
        4,
        5
      ],
      [
        0,
        5
      ],
      [
        0
      ]
    ],
    "left": [
      [
        2
      ],
      [
        0,
        2,
        3
      ],
      [],
      [
        0,
        2
      ],
      [
        0,
        2,
        3
      ],
      [
        0,
        1,
        2,
        3,
        4
      ]
    ],
    "behind": [
      [
        1,
        2,
        3,
        4,
        5
      ],
      [
        3
      ],
      [
        3
      ],
      [],
      [
        1,
        2,
        3
      ],
      [
        1,
        2,
        3,
        4
      ]
    ],
    "right": [
      [
        1,
        3,
        4,
        5
      ],
      [
        5
      ],
      [
        0,
        1,
        3,
        4,
        5
      ],
      [
        1,
        4,
        5
      ],
      [
        5
      ],
      []
    ]
  },
  "objects": [
    {
      "pixel_coords": [
        90,
        167,
        22.545642852783203
      ],
      "3d_coords": [
        1.8874911069869995,
        -5.974484443664551,
        0.699999988079071
      ],
      "material": "rubber",
      "rotation": 326.5489692088333,
      "group": 0,
      "size": "large",
      "color": "red",
      "shape": "cube"
    },
    {
      "pixel_coords": [
        197,
        79,
        27.285741806030273
      ],
      "3d_coords": [
        -1.8358181715011597,
        4.095630168914795,
        0.699999988079071
      ],
      "material": "metal",
      "rotation": 8.90512445376412,
      "group": 1,
      "size": "large",
      "color": "red",
      "shape": "cube"
    },
    {
      "pixel_coords": [
        120,
        64,
        28.348953247070312
      ],
      "3d_coords": [
        -6.106067180633545,
        -0.5903657674789429,
        0.699999988079071
      ],
      "material": "rubber",
      "rotation": 280.2256933370899,
      "group": 0,
      "size": "large",
      "color": "red",
      "shape": "cube"
    },
    {
      "pixel_coords": [
        194,
        53,
        29.157787322998047
      ],
      "3d_coords": [
        -4.615382671356201,
        5.426118850708008,
        0.699999988079071
      ],
      "material": "rubber",
      "rotation": 275.96894021777473,
      "group": 0,
      "size": "large",
      "color": "red",
      "shape": "cube"
    },
    {
      "pixel_coords": [
        190,
        98,
        26.12679100036621
      ],
      "3d_coords": [
        -0.4096941649913788,
        2.676241159439087,
        0.699999988079071
      ],
      "material": "rubber",
      "rotation": 314.40957961189446,
      "group": 0,
      "size": "large",
      "color": "red",
      "shape": "cube"
    },
    {
      "pixel_coords": [
        221,
        127,
        24.48202896118164
      ],
      "3d_coords": [
        2.919506549835205,
        3.3007278442382812,
        0.699999988079071
      ],
      "material": "metal",
      "rotation": 165.7520890544303,
      "group": 1,
      "size": "large",
      "color": "red",
      "shape": "cube"
    }
  ]
}