{
  "image_index": 41,
  "directions": {
    "front": [
      0.754490315914154,
      -0.6563112735748291,
      -0.0
    ],
    "above": [
      0.0,
      0.0,
      1.0
    ],
    "right": [
      0.6563112735748291,
      0.7544902563095093,
      -0.0
    ],
    "below": [
      -0.0,
      -0.0,
      -1.0
    ],
    "left": [
      -0.6563112735748291,
      -0.7544902563095093,
      0.0
    ],
    "behind": [
      -0.754490315914154,
      0.6563112735748291,
      0.0
    ]
  },
  "split": "new",
  "image_filename": "CLEVR_new_000041.png",
  "relationships": {
    "front": [
      [
        1,
        2,
        3,
        4,
        5,
        6,
        7,
        8
      ],
      [
        2,
        5,
        6,
        7
      ],
      [],
      [
        1,
        2,
        4,
        5,
        6,
        7,
        8
      ],
      [
        2,
        5,
        6,
        7
      ],
      [
        2,
        6
      ],
      [
        2
      ],
      [
        2,
        5,
        6
      ],
      [
        1,
        2,
        4,
        5,
        6,
        7
      ]
    ],
    "left": [
      [
        5
      ],
      [
        0,
        5,
        6,
        7,
        8
      ],
      [
        0,
        1,
        5,
        6,
        7,
        8
      ],
      [
        0,
        1,
        2,
        5,
        6,
        7,
        8
      ],
      [
        0,
        1,
        2,
        3,
        5,
        6,
        7,
        8
      ],
      [],
      [
        0,
        5
      ],
      [
        0,
        5,
        6
      ],
      [
        0,
        5,
        6,
        7
      ]
    ],
    "behind": [
      [],
      [
        0,
        3,
        8
      ],
      [
        0,
        1,
        3,
        4,
        5,
        6,
        7,
        8
      ],
      [
        0
      ],
      [
        0,
        3,
        8
      ],
      [
        0,
        1,
        3,
        4,
        7,
        8
      ],
      [
        0,
        1,
        3,
        4,
        5,
        7,
        8
      ],
      [
        0,
        1,
        3,
        4,
        8
      ],
      [
        0,
        3
      ]
    ],
    "right": [
      [
        1,
        2,
        3,
        4,
        6,
        7,
        8
      ],
      [
        2,
        3,
        4
      ],
      [
        3,
        4
      ],
      [
        4
      ],
      [],
      [
        0,
        1,
        2,
        3,
        4,
        6,
        7,
        8
      ],
      [
        1,
        2,
        3,
        4,
        7,
        8
      ],
      [
        1,
        2,
        3,
        4,
        8
      ],
      [
        1,
        2,
        3,
        4
      ]
    ]
  },
  "objects": [
    {
      "pixel_coords": [
        127,
        61,
        30.121036529541016
      ],
      "3d_coords": [
        -6.683106899261475,
        0.17955133318901062,
        0.5
      ],
      "material": "rubber",
      "rotation": 260.9334810405044,
      "group": 0,
      "size": "medium",
      "color": "gray",
      "shape": "cube"
    },
    {
      "pixel_coords": [
        141,
        135,
        25.289257049560547
      ],
      "3d_coords": [
        0.9428300857543945,
        -2.0066347122192383,
        0.5
      ],
      "material": "rubber",
      "rotation": 129.4086856994977,
      "group": 1,
      "size": "medium",
      "color": "brown",
      "shape": "cube"
    },
    {
      "pixel_coords": [
        139,
        203,
        21.99233055114746
      ],
      "3d_coords": [
        5.730114459991455,
        -4.327303409576416,
        0.5
      ],
      "material": "rubber",
      "rotation": 280.9867275360041,
      "group": 2,
      "size": "medium",
      "color": "purple",
      "shape": "cube"
    },
    {
      "pixel_coords": [
        230,
        111,
        26.67169952392578
      ],
      "3d_coords": [
        1.96986985206604,
        5.009853839874268,
        0.5
      ],
      "material": "rubber",
      "rotation": 334.75006616204126,
      "group": 0,
      "size": "medium",
      "color": "gray",
      "shape": "cube"
    },
    {
      "pixel_coords": [
        241,
        154,
        24.273826599121094
      ],
      "3d_coords": [
        5.55024528503418,
        3.5183043479919434,
        0.5
      ],
      "material": "rubber",
      "rotation": 153.81090316367198,
      "group": 3,
      "size": "medium",
      "color": "green",
      "shape": "cube"
    },
    {
      "pixel_coords": [
        84,
        146,
        24.650850296020508
      ],
      "3d_coords": [
        0.08583271503448486,
        -6.009042263031006,
        0.5
      ],
      "material": "rubber",
      "rotation": 177.85098485645725,
      "group": 4,
      "size": "medium",
      "color": "red",
      "shape": "cube"
    },
    {
      "pixel_coords": [
        110,
        155,
        24.19092559814453
      ],
      "3d_coords": [
        1.5909645557403564,
        -4.665192127227783,
        0.5
      ],
      "material": "rubber",
      "rotation": 91.1887788613108,
      "group": 2,
      "size": "medium",
      "color": "purple",
      "shape": "cube"
    },
    {
      "pixel_coords": [
        118,
        145,
        24.747941970825195
      ],
      "3d_coords": [
        1.0151638984680176,
        -3.8090391159057617,
        0.5
      ],
      "material": "rubber",
      "rotation": 125.90688914809341,
      "group": 5,
      "size": "medium",
      "color": "yellow",
      "shape": "cube"
    },
    {
      "pixel_coords": [
        142,
        103,
        27.149045944213867
      ],
      "3d_coords": [
        -1.7597612142562866,
        -0.7017258405685425,
        0.5
      ],
      "material": "rubber",
      "rotation": 17.08388619189199,
      "group": 1,
      "size": "medium",
      "color": "brown",
      "shape": "cube"
    }
  ]
}