{
  "relationships": {
    "behind": [
      [
        1,
        3,
        6,
        8
      ],
      [
        6,
        8
      ],
      [
        0,
        1,
        3,
        6,
        7,
        8
      ],
      [
        1,
        6,
        8
      ],
      [
        0,
        1,
        2,
        3,
        5,
        6,
        7,
        8
      ],
      [
        0,
        1,
        2,
        3,
        6,
        7,
        8
      ],
      [
        8
      ],
      [
        1,
        3,
        6,
        8
      ],
      []
    ],
    "front": [
      [
        2,
        4,
        5
      ],
      [
        0,
        2,
        3,
        4,
        5,
        7
      ],
      [
        4,
        5
      ],
      [
        0,
        2,
        4,
        5,
        7
      ],
      [],
      [
        4
      ],
      [
        0,
        1,
        2,
        3,
        4,
        5,
        7
      ],
      [
        2,
        4,
        5
      ],
      [
        0,
        1,
        2,
        3,
        4,
        5,
        6,
        7
      ]
    ],
    "right": [
      [],
      [
        0
      ],
      [
        0,
        1,
        3,
        4,
        5,
        6,
        8
      ],
      [
        0,
        1,
        4,
        5,
        6
      ],
      [
        0,
        1,
        6
      ],
      [
        0,
        1,
        4,
        6
      ],
      [
        0,
        1
      ],
      [
        0,
        1,
        2,
        3,
        4,
        5,
        6,
        8
      ],
      [
        0,
        1,
        3,
        4,
        5,
        6
      ]
    ],
    "left": [
      [
        1,
        2,
        3,
        4,
        5,
        6,
        7,
        8
      ],
      [
        2,
        3,
        4,
        5,
        6,
        7,
        8
      ],
      [
        7
      ],
      [
        2,
        7,
        8
      ],
      [
        2,
        3,
        5,
        7,
        8
      ],
      [
        2,
        3,
        7,
        8
      ],
      [
        2,
        3,
        4,
        5,
        7,
        8
      ],
      [],
      [
        2,
        7
      ]
    ]
  },
  "image_index": 76,
  "image_filename": "simi_new_000076.png",
  "objects": [
    {
      "size": "large",
      "pixel_coords": [
        292,
        149,
        23.74709701538086
      ],
      "shape": "sphere",
      "3d_coords": [
        6.616508483886719,
        6.751319408416748,
        0.699999988079071
      ],
      "material": "metal",
      "group": 0,
      "rotation": 284.2986941370722,
      "color": "red"
    },
    {
      "size": "large",
      "pixel_coords": [
        280,
        132,
        24.617855072021484
      ],
      "shape": "sphere",
      "3d_coords": [
        5.128396511077881,
        6.872504234313965,
        0.699999988079071
      ],
      "material": "metal",
      "group": 0,
      "rotation": 70.5094813651296,
      "color": "red"
    },
    {
      "size": "large",
      "pixel_coords": [
        140,
        119,
        25.348493576049805
      ],
      "shape": "sphere",
      "3d_coords": [
        -0.1802404671907425,
        -1.4910551309585571,
        0.699999988079071
      ],
      "material": "metal",
      "group": 0,
      "rotation": 33.93606190734783,
      "color": "red"
    },
    {
      "size": "large",
      "pixel_coords": [
        176,
        114,
        25.674528121948242
      ],
      "shape": "sphere",
      "3d_coords": [
        0.45876312255859375,
        1.048423171043396,
        0.699999988079071
      ],
      "material": "metal",
      "group": 0,
      "rotation": 349.9970378198667,
      "color": "red"
    },
    {
      "size": "large",
      "pixel_coords": [
        185,
        181,
        22.21409034729004
      ],
      "shape": "sphere",
      "3d_coords": [
        5.655121326446533,
        -0.9291209578514099,
        0.699999988079071
      ],
      "material": "metal",
      "group": 0,
      "rotation": 208.88318159107226,
      "color": "red"
    },
    {
      "size": "large",
      "pixel_coords": [
        180,
        166,
        22.878009796142578
      ],
      "shape": "sphere",
      "3d_coords": [
        4.575691223144531,
        -0.721634566783905,
        0.699999988079071
      ],
      "material": "rubber",
      "group": 1,
      "rotation": 89.8577089303275,
      "color": "red"
    },
    {
      "size": "large",
      "pixel_coords": [
        221,
        109,
        25.940441131591797
      ],
      "shape": "sphere",
      "3d_coords": [
        1.5214687585830688,
        4.24874210357666,
        0.699999988079071
      ],
      "material": "rubber",
      "group": 1,
      "rotation": 235.76732735734885,
      "color": "red"
    },
    {
      "size": "large",
      "pixel_coords": [
        49,
        95,
        26.839874267578125
      ],
      "shape": "sphere",
      "3d_coords": [
        -5.404783248901367,
        -6.8626532554626465,
        0.699999988079071
      ],
      "material": "metal",
      "group": 0,
      "rotation": 223.38991200695443,
      "color": "red"
    },
    {
      "size": "large",
      "pixel_coords": [
        178,
        46,
        30.460813522338867
      ],
      "shape": "sphere",
      "3d_coords": [
        -6.280768871307373,
        4.717295169830322,
        0.699999988079071
      ],
      "material": "rubber",
      "group": 1,
      "rotation": 152.21052672491925,
      "color": "red"
    }
  ],
  "directions": {
    "behind": [
      -0.754490315914154,
      0.6563112735748291,
      0.0
    ],
    "front": [
      0.754490315914154,
      -0.6563112735748291,
      -0.0
    ],
    "below": [
      -0.0,
      -0.0,
      -1.0
    ],
    "right": [
      0.6563112735748291,
      0.7544902563095093,
      -0.0
    ],
    "above": [
      0.0,
      0.0,
      1.0
    ],
    "left": [
      -0.6563112735748291,
      -0.7544902563095093,
      0.0
    ]
  },
  "split": "new"
}