{
  "relationships": {
    "behind": [
      [
        1,
        2,
        3,
        4,
        5,
        7
      ],
      [
        3,
        7
      ],
      [
        1,
        3,
        5,
        7
      ],
      [
        7
      ],
      [
        1,
        2,
        3,
        5,
        7
      ],
      [
        3,
        7
      ],
      [
        0,
        1,
        2,
        3,
        4,
        5,
        7,
        8
      ],
      [],
      [
        0,
        1,
        2,
        3,
        4,
        5,
        7
      ]
    ],
    "front": [
      [
        6,
        8
      ],
      [
        0,
        2,
        4,
        6,
        8
      ],
      [
        0,
        4,
        6,
        8
      ],
      [
        0,
        1,
        2,
        4,
        5,
        6,
        8
      ],
      [
        0,
        6,
        8
      ],
      [
        0,
        2,
        4,
        6,
        8
      ],
      [],
      [
        0,
        1,
        2,
        3,
        4,
        5,
        6,
        8
      ],
      [
        6
      ]
    ],
    "right": [
      [
        5,
        6,
        7,
        8
      ],
      [
        0,
        2,
        3,
        5,
        6,
        7,
        8
      ],
      [
        5,
        6,
        7,
        8
      ],
      [
        0,
        2,
        5,
        6,
        7,
        8
      ],
      [
        0,
        1,
        2,
        3,
        5,
        6,
        7,
        8
      ],
      [
        7,
        8
      ],
      [
        5,
        7,
        8
      ],
      [],
      []
    ],
    "left": [
      [
        1,
        3,
        4
      ],
      [
        4
      ],
      [
        1,
        3,
        4
      ],
      [
        1,
        4
      ],
      [],
      [
        0,
        1,
        2,
        3,
        4,
        6
      ],
      [
        0,
        1,
        2,
        3,
        4
      ],
      [
        0,
        1,
        2,
        3,
        4,
        5,
        6
      ],
      [
        0,
        1,
        2,
        3,
        4,
        5,
        6
      ]
    ]
  },
  "image_index": 75,
  "image_filename": "simi_new_000075.png",
  "objects": [
    {
      "size": "medium",
      "pixel_coords": [
        125,
        117,
        26.465911865234375
      ],
      "shape": "cube",
      "3d_coords": [
        -1.118201732635498,
        -2.3920202255249023,
        0.5
      ],
      "material": "rubber",
      "group": 0,
      "rotation": 30.604129619427447,
      "color": "gray"
    },
    {
      "size": "medium",
      "pixel_coords": [
        97,
        68,
        29.587499618530273
      ],
      "shape": "cube",
      "3d_coords": [
        -6.947318077087402,
        -2.5197622776031494,
        0.5
      ],
      "material": "rubber",
      "group": 1,
      "rotation": 112.42994337667024,
      "color": "brown"
    },
    {
      "size": "medium",
      "pixel_coords": [
        137,
        89,
        28.16337013244629
      ],
      "shape": "cube",
      "3d_coords": [
        -3.280367374420166,
        -0.44045189023017883,
        0.5
      ],
      "material": "rubber",
      "group": 2,
      "rotation": 189.04169495077505,
      "color": "blue"
    },
    {
      "size": "medium",
      "pixel_coords": [
        130,
        71,
        29.420684814453125
      ],
      "shape": "cube",
      "3d_coords": [
        -5.444923400878906,
        -0.12424341589212418,
        0.5
      ],
      "material": "rubber",
      "group": 2,
      "rotation": 134.38610447647628,
      "color": "blue"
    },
    {
      "size": "medium",
      "pixel_coords": [
        75,
        82,
        28.660696029663086
      ],
      "shape": "cube",
      "3d_coords": [
        -6.275533676147461,
        -4.605747222900391,
        0.5
      ],
      "material": "rubber",
      "group": 3,
      "rotation": 207.52540709867037,
      "color": "red"
    },
    {
      "size": "medium",
      "pixel_coords": [
        193,
        86,
        28.373149871826172
      ],
      "shape": "cube",
      "3d_coords": [
        -1.5525435209274292,
        3.80237078666687,
        0.5
      ],
      "material": "rubber",
      "group": 4,
      "rotation": 116.25620998336113,
      "color": "yellow"
    },
    {
      "size": "medium",
      "pixel_coords": [
        149,
        199,
        22.42718505859375
      ],
      "shape": "cube",
      "3d_coords": [
        5.712480068206787,
        -3.652987480163574,
        0.5
      ],
      "material": "rubber",
      "group": 2,
      "rotation": 203.67649651835725,
      "color": "blue"
    },
    {
      "size": "medium",
      "pixel_coords": [
        226,
        85,
        28.46521759033203
      ],
      "shape": "cube",
      "3d_coords": [
        -0.5116503238677979,
        6.231267929077148,
        0.5
      ],
      "material": "rubber",
      "group": 1,
      "rotation": 219.086106506084,
      "color": "brown"
    },
    {
      "size": "medium",
      "pixel_coords": [
        216,
        139,
        25.2469425201416
      ],
      "shape": "cube",
      "3d_coords": [
        3.658231258392334,
        2.6727333068847656,
        0.5
      ],
      "material": "rubber",
      "group": 5,
      "rotation": 116.69999663155241,
      "color": "purple"
    }
  ],
  "directions": {
    "behind": [
      -0.754490315914154,
      0.6563112735748291,
      0.0
    ],
    "front": [
      0.754490315914154,
      -0.6563112735748291,
      -0.0
    ],
    "below": [
      -0.0,
      -0.0,
      -1.0
    ],
    "right": [
      0.6563112735748291,
      0.7544902563095093,
      -0.0
    ],
    "above": [
      0.0,
      0.0,
      1.0
    ],
    "left": [
      -0.6563112735748291,
      -0.7544902563095093,
      0.0
    ]
  },
  "split": "new"
}