{
  "relationships": {
    "behind": [
      [
        1,
        2,
        3,
        4,
        5,
        6,
        7,
        8
      ],
      [
        2,
        7,
        8
      ],
      [],
      [
        1,
        2,
        4,
        5,
        7,
        8
      ],
      [
        1,
        2,
        5,
        7,
        8
      ],
      [
        2,
        7,
        8
      ],
      [
        1,
        2,
        3,
        4,
        5,
        7,
        8
      ],
      [
        2,
        8
      ],
      [
        2
      ]
    ],
    "front": [
      [],
      [
        0,
        3,
        4,
        6
      ],
      [
        0,
        1,
        3,
        4,
        5,
        6,
        7,
        8
      ],
      [
        0,
        6
      ],
      [
        0,
        3,
        6
      ],
      [
        0,
        3,
        4,
        6
      ],
      [
        0
      ],
      [
        0,
        1,
        3,
        4,
        5,
        6
      ],
      [
        0,
        1,
        3,
        4,
        5,
        6,
        7
      ]
    ],
    "right": [
      [
        1,
        6,
        8
      ],
      [
        6
      ],
      [
        0,
        1,
        3,
        6,
        7,
        8
      ],
      [
        0,
        1,
        6,
        7,
        8
      ],
      [
        0,
        1,
        2,
        3,
        6,
        7,
        8
      ],
      [
        0,
        1,
        2,
        3,
        4,
        6,
        7,
        8
      ],
      [],
      [
        0,
        1,
        6,
        8
      ],
      [
        1,
        6
      ]
    ],
    "left": [
      [
        2,
        3,
        4,
        5,
        7
      ],
      [
        0,
        2,
        3,
        4,
        5,
        7,
        8
      ],
      [
        4,
        5
      ],
      [
        2,
        4,
        5
      ],
      [
        5
      ],
      [],
      [
        0,
        1,
        2,
        3,
        4,
        5,
        7,
        8
      ],
      [
        2,
        3,
        4,
        5
      ],
      [
        0,
        2,
        3,
        4,
        5,
        7
      ]
    ]
  },
  "image_index": 83,
  "image_filename": "simi_new_000083.png",
  "objects": [
    {
      "size": "large",
      "pixel_coords": [
        191,
        198,
        21.247190475463867
      ],
      "shape": "cube",
      "3d_coords": [
        6.696767807006836,
        -1.0762529373168945,
        0.699999988079071
      ],
      "material": "metal",
      "group": 0,
      "rotation": 261.68319546519064,
      "color": "blue"
    },
    {
      "size": "large",
      "pixel_coords": [
        219,
        122,
        24.75128936767578
      ],
      "shape": "cube",
      "3d_coords": [
        2.4613242149353027,
        3.428037405014038,
        0.699999988079071
      ],
      "material": "metal",
      "group": 1,
      "rotation": 123.48710431161419,
      "color": "cyan"
    },
    {
      "size": "large",
      "pixel_coords": [
        173,
        53,
        29.157133102416992
      ],
      "shape": "cube",
      "3d_coords": [
        -5.407991409301758,
        3.7349894046783447,
        0.699999988079071
      ],
      "material": "metal",
      "group": 2,
      "rotation": 329.0299736242038,
      "color": "red"
    },
    {
      "size": "large",
      "pixel_coords": [
        147,
        129,
        24.418317794799805
      ],
      "shape": "cube",
      "3d_coords": [
        0.7855440974235535,
        -1.3759264945983887,
        0.699999988079071
      ],
      "material": "metal",
      "group": 3,
      "rotation": 285.6707889027251,
      "color": "gray"
    },
    {
      "size": "large",
      "pixel_coords": [
        138,
        110,
        25.429000854492188
      ],
      "shape": "cube",
      "3d_coords": [
        -1.0135295391082764,
        -1.2926349639892578,
        0.699999988079071
      ],
      "material": "metal",
      "group": 4,
      "rotation": 42.813867213145755,
      "color": "purple"
    },
    {
      "size": "large",
      "pixel_coords": [
        88,
        96,
        26.258005142211914
      ],
      "shape": "cube",
      "3d_coords": [
        -3.858654260635376,
        -4.107828140258789,
        0.699999988079071
      ],
      "material": "metal",
      "group": 3,
      "rotation": 349.6187336765735,
      "color": "gray"
    },
    {
      "size": "large",
      "pixel_coords": [
        257,
        165,
        22.66897964477539
      ],
      "shape": "cube",
      "3d_coords": [
        6.47050142288208,
        3.8934781551361084,
        0.699999988079071
      ],
      "material": "metal",
      "group": 4,
      "rotation": 244.89488206143983,
      "color": "purple"
    },
    {
      "size": "large",
      "pixel_coords": [
        165,
        101,
        25.942827224731445
      ],
      "shape": "cube",
      "3d_coords": [
        -0.9349274635314941,
        0.8410810232162476,
        0.699999988079071
      ],
      "material": "metal",
      "group": 5,
      "rotation": 276.8426338269352,
      "color": "green"
    },
    {
      "size": "large",
      "pixel_coords": [
        225,
        72,
        27.80615234375
      ],
      "shape": "cube",
      "3d_coords": [
        -1.6560171842575073,
        6.460212230682373,
        0.699999988079071
      ],
      "material": "metal",
      "group": 3,
      "rotation": 299.0214351483187,
      "color": "gray"
    }
  ],
  "directions": {
    "behind": [
      -0.754490315914154,
      0.6563112735748291,
      0.0
    ],
    "front": [
      0.754490315914154,
      -0.6563112735748291,
      -0.0
    ],
    "below": [
      -0.0,
      -0.0,
      -1.0
    ],
    "right": [
      0.6563112735748291,
      0.7544902563095093,
      -0.0
    ],
    "above": [
      0.0,
      0.0,
      1.0
    ],
    "left": [
      -0.6563112735748291,
      -0.7544902563095093,
      0.0
    ]
  },
  "split": "new"
}