{
  "relationships": {
    "behind": [
      [
        2,
        5,
        6,
        7,
        8
      ],
      [
        0,
        2,
        3,
        4,
        5,
        6,
        7,
        8
      ],
      [
        8
      ],
      [
        0,
        2,
        4,
        5,
        6,
        7,
        8
      ],
      [
        0,
        2,
        5,
        6,
        7,
        8
      ],
      [
        2,
        6,
        8
      ],
      [
        2,
        8
      ],
      [
        2,
        5,
        6,
        8
      ],
      []
    ],
    "front": [
      [
        1,
        3,
        4
      ],
      [],
      [
        0,
        1,
        3,
        4,
        5,
        6,
        7
      ],
      [
        1
      ],
      [
        1,
        3
      ],
      [
        0,
        1,
        3,
        4,
        7
      ],
      [
        0,
        1,
        3,
        4,
        5,
        7
      ],
      [
        0,
        1,
        3,
        4
      ],
      [
        0,
        1,
        2,
        3,
        4,
        5,
        6,
        7
      ]
    ],
    "right": [
      [],
      [
        0,
        3,
        4,
        6,
        7,
        8
      ],
      [
        0,
        1,
        3,
        4,
        6,
        7,
        8
      ],
      [
        0,
        6
      ],
      [
        0,
        3,
        6,
        7,
        8
      ],
      [
        0,
        1,
        3,
        4,
        6,
        7,
        8
      ],
      [
        0
      ],
      [
        0,
        3,
        6
      ],
      [
        0,
        6
      ]
    ],
    "left": [
      [
        1,
        2,
        3,
        4,
        5,
        6,
        7,
        8
      ],
      [
        2,
        5
      ],
      [],
      [
        1,
        2,
        4,
        5,
        7
      ],
      [
        1,
        2,
        5
      ],
      [],
      [
        1,
        2,
        3,
        4,
        5,
        7,
        8
      ],
      [
        1,
        2,
        4,
        5
      ],
      [
        1,
        2,
        4,
        5
      ]
    ]
  },
  "image_index": 60,
  "image_filename": "simi_new_000060.png",
  "objects": [
    {
      "size": "large",
      "pixel_coords": [
        234,
        151,
        23.750680923461914
      ],
      "shape": "cube",
      "3d_coords": [
        5.002069473266602,
        3.2055792808532715,
        0.699999988079071
      ],
      "material": "rubber",
      "group": 0,
      "rotation": 168.5288466155433,
      "color": "brown"
    },
    {
      "size": "large",
      "pixel_coords": [
        113,
        218,
        20.83295249938965
      ],
      "shape": "cylinder",
      "3d_coords": [
        6.014024257659912,
        -5.884560585021973,
        0.699999988079071
      ],
      "material": "rubber",
      "group": 1,
      "rotation": 236.56780776938655,
      "color": "brown"
    },
    {
      "size": "large",
      "pixel_coords": [
        160,
        54,
        29.680925369262695
      ],
      "shape": "cylinder",
      "3d_coords": [
        -5.911892414093018,
        2.7946083545684814,
        0.699999988079071
      ],
      "material": "rubber",
      "group": 1,
      "rotation": 281.1638614275435,
      "color": "brown"
    },
    {
      "size": "large",
      "pixel_coords": [
        163,
        178,
        22.49774932861328
      ],
      "shape": "cone",
      "3d_coords": [
        4.798788547515869,
        -2.057992935180664,
        0.699999988079071
      ],
      "material": "rubber",
      "group": 2,
      "rotation": 52.89643463108717,
      "color": "brown"
    },
    {
      "size": "large",
      "pixel_coords": [
        151,
        156,
        23.4763240814209
      ],
      "shape": "cylinder",
      "3d_coords": [
        3.0125784873962402,
        -2.0943603515625,
        0.699999988079071
      ],
      "material": "rubber",
      "group": 1,
      "rotation": 151.2813505733943,
      "color": "brown"
    },
    {
      "size": "large",
      "pixel_coords": [
        136,
        115,
        25.654661178588867
      ],
      "shape": "cylinder",
      "3d_coords": [
        -0.6917822360992432,
        -1.5957447290420532,
        0.699999988079071
      ],
      "material": "rubber",
      "group": 1,
      "rotation": 348.20763871398947,
      "color": "brown"
    },
    {
      "size": "large",
      "pixel_coords": [
        205,
        78,
        27.942171096801758
      ],
      "shape": "cube",
      "3d_coords": [
        -1.8015732765197754,
        4.856250762939453,
        0.699999988079071
      ],
      "material": "rubber",
      "group": 0,
      "rotation": 334.85585865036785,
      "color": "brown"
    },
    {
      "size": "large",
      "pixel_coords": [
        174,
        128,
        24.94043731689453
      ],
      "shape": "cone",
      "3d_coords": [
        1.538295030593872,
        0.40618234872817993,
        0.699999988079071
      ],
      "material": "rubber",
      "group": 2,
      "rotation": 310.1547361632277,
      "color": "brown"
    },
    {
      "size": "large",
      "pixel_coords": [
        204,
        44,
        30.45221519470215
      ],
      "shape": "cylinder",
      "3d_coords": [
        -5.451615810394287,
        6.749439716339111,
        0.699999988079071
      ],
      "material": "rubber",
      "group": 1,
      "rotation": 40.3866057377593,
      "color": "brown"
    }
  ],
  "directions": {
    "behind": [
      -0.754490315914154,
      0.6563112735748291,
      0.0
    ],
    "front": [
      0.754490315914154,
      -0.6563112735748291,
      -0.0
    ],
    "below": [
      -0.0,
      -0.0,
      -1.0
    ],
    "right": [
      0.6563112735748291,
      0.7544902563095093,
      -0.0
    ],
    "above": [
      0.0,
      0.0,
      1.0
    ],
    "left": [
      -0.6563112735748291,
      -0.7544902563095093,
      0.0
    ]
  },
  "split": "new"
}