{
  "relationships": {
    "behind": [
      [
        1,
        2,
        3,
        4,
        5,
        6,
        7,
        8
      ],
      [
        2,
        3,
        7
      ],
      [],
      [
        2,
        7
      ],
      [
        1,
        2,
        3,
        5,
        6,
        7,
        8
      ],
      [
        2,
        3,
        7
      ],
      [
        1,
        2,
        3,
        5,
        7
      ],
      [
        2
      ],
      [
        1,
        2,
        3,
        5,
        6,
        7
      ]
    ],
    "front": [
      [],
      [
        0,
        4,
        6,
        8
      ],
      [
        0,
        1,
        3,
        4,
        5,
        6,
        7,
        8
      ],
      [
        0,
        1,
        4,
        5,
        6,
        8
      ],
      [
        0
      ],
      [
        0,
        4,
        6,
        8
      ],
      [
        0,
        4,
        8
      ],
      [
        0,
        1,
        3,
        4,
        5,
        6,
        8
      ],
      [
        0,
        4
      ]
    ],
    "right": [
      [
        1,
        2,
        3,
        4,
        5,
        6
      ],
      [],
      [
        1,
        3,
        4
      ],
      [
        1
      ],
      [
        1,
        3
      ],
      [
        1,
        2,
        3,
        4,
        6
      ],
      [
        1,
        3,
        4
      ],
      [
        0,
        1,
        2,
        3,
        4,
        5,
        6,
        8
      ],
      [
        0,
        1,
        2,
        3,
        4,
        5,
        6
      ]
    ],
    "left": [
      [
        7,
        8
      ],
      [
        0,
        2,
        3,
        4,
        5,
        6,
        7,
        8
      ],
      [
        0,
        5,
        7,
        8
      ],
      [
        0,
        2,
        4,
        5,
        6,
        7,
        8
      ],
      [
        0,
        2,
        5,
        6,
        7,
        8
      ],
      [
        0,
        7,
        8
      ],
      [
        0,
        5,
        7,
        8
      ],
      [],
      [
        7
      ]
    ]
  },
  "image_index": 52,
  "image_filename": "simi_new_000052.png",
  "objects": [
    {
      "size": "large",
      "pixel_coords": [
        88,
        181,
        22.56534767150879
      ],
      "shape": "cube",
      "3d_coords": [
        2.9581596851348877,
        -6.508850574493408,
        0.699999988079071
      ],
      "material": "metal",
      "group": 0,
      "rotation": 38.464814352094784,
      "color": "blue"
    },
    {
      "size": "large",
      "pixel_coords": [
        250,
        154,
        23.764511108398438
      ],
      "shape": "cube",
      "3d_coords": [
        5.725000381469727,
        4.075145721435547,
        0.699999988079071
      ],
      "material": "metal",
      "group": 1,
      "rotation": 108.70328407698028,
      "color": "green"
    },
    {
      "size": "large",
      "pixel_coords": [
        209,
        61,
        29.254981994628906
      ],
      "shape": "cube",
      "3d_coords": [
        -3.372115135192871,
        6.139814853668213,
        0.699999988079071
      ],
      "material": "metal",
      "group": 2,
      "rotation": 290.10448137089594,
      "color": "red"
    },
    {
      "size": "large",
      "pixel_coords": [
        231,
        101,
        26.626564025878906
      ],
      "shape": "cube",
      "3d_coords": [
        1.1190035343170166,
        5.441550254821777,
        0.699999988079071
      ],
      "material": "metal",
      "group": 3,
      "rotation": 111.92368960034928,
      "color": "gray"
    },
    {
      "size": "large",
      "pixel_coords": [
        194,
        198,
        21.842761993408203
      ],
      "shape": "cube",
      "3d_coords": [
        6.918094158172607,
        -0.8916171193122864,
        0.699999988079071
      ],
      "material": "metal",
      "group": 2,
      "rotation": 69.95670027324697,
      "color": "red"
    },
    {
      "size": "large",
      "pixel_coords": [
        139,
        131,
        24.94562339782715
      ],
      "shape": "cube",
      "3d_coords": [
        0.7229998111724854,
        -1.9714843034744263,
        0.699999988079071
      ],
      "material": "metal",
      "group": 1,
      "rotation": 220.66457035508094,
      "color": "green"
    },
    {
      "size": "large",
      "pixel_coords": [
        177,
        166,
        23.236379623413086
      ],
      "shape": "cube",
      "3d_coords": [
        4.408216953277588,
        -0.7955923676490784,
        0.699999988079071
      ],
      "material": "metal",
      "group": 4,
      "rotation": 294.62300491730804,
      "color": "brown"
    },
    {
      "size": "large",
      "pixel_coords": [
        122,
        57,
        29.56426429748535
      ],
      "shape": "cube",
      "3d_coords": [
        -6.951088905334473,
        -0.28049904108047485,
        0.699999988079071
      ],
      "material": "metal",
      "group": 5,
      "rotation": 43.488794661059124,
      "color": "purple"
    },
    {
      "size": "large",
      "pixel_coords": [
        99,
        150,
        23.961153030395508
      ],
      "shape": "cube",
      "3d_coords": [
        1.043346643447876,
        -5.135829448699951,
        0.699999988079071
      ],
      "material": "metal",
      "group": 5,
      "rotation": 205.56856615547733,
      "color": "purple"
    }
  ],
  "directions": {
    "behind": [
      -0.754490315914154,
      0.6563112735748291,
      0.0
    ],
    "front": [
      0.754490315914154,
      -0.6563112735748291,
      -0.0
    ],
    "below": [
      -0.0,
      -0.0,
      -1.0
    ],
    "right": [
      0.6563112735748291,
      0.7544902563095093,
      -0.0
    ],
    "above": [
      0.0,
      0.0,
      1.0
    ],
    "left": [
      -0.6563112735748291,
      -0.7544902563095093,
      0.0
    ]
  },
  "split": "new"
}