{
  "image_index": 36,
  "directions": {
    "front": [
      0.754490315914154,
      -0.6563112735748291,
      -0.0
    ],
    "above": [
      0.0,
      0.0,
      1.0
    ],
    "right": [
      0.6563112735748291,
      0.7544902563095093,
      -0.0
    ],
    "below": [
      -0.0,
      -0.0,
      -1.0
    ],
    "left": [
      -0.6563112735748291,
      -0.7544902563095093,
      0.0
    ],
    "behind": [
      -0.754490315914154,
      0.6563112735748291,
      0.0
    ]
  },
  "split": "new",
  "image_filename": "CLEVR_new_000036.png",
  "relationships": {
    "front": [
      [],
      [
        0,
        2,
        7
      ],
      [
        0,
        7
      ],
      [
        0,
        1,
        2,
        7
      ],
      [
        0,
        1,
        2,
        3,
        6,
        7
      ],
      [
        0,
        1,
        2,
        3,
        6,
        7
      ],
      [
        0,
        1,
        2,
        3,
        7
      ],
      []
    ],
    "left": [
      [
        3
      ],
      [
        0,
        2,
        3,
        4,
        5,
        7
      ],
      [
        0,
        3
      ],
      [],
      [
        0,
        2,
        3,
        7
      ],
      [
        0,
        2,
        3,
        4,
        7
      ],
      [
        0,
        1,
        2,
        3,
        4,
        5,
        7
      ],
      [
        0,
        2,
        3
      ]
    ],
    "behind": [
      [
        1,
        2,
        3,
        4,
        5,
        6
      ],
      [
        3,
        4,
        5,
        6
      ],
      [
        1,
        3,
        4,
        5,
        6
      ],
      [
        4,
        5,
        6
      ],
      [],
      [],
      [
        4,
        5
      ],
      [
        1,
        2,
        3,
        4,
        5,
        6
      ]
    ],
    "right": [
      [
        1,
        2,
        4,
        5,
        6,
        7
      ],
      [
        6
      ],
      [
        1,
        4,
        5,
        6,
        7
      ],
      [
        0,
        1,
        2,
        4,
        5,
        6,
        7
      ],
      [
        1,
        5,
        6
      ],
      [
        1,
        6
      ],
      [],
      [
        1,
        4,
        5,
        6
      ]
    ]
  },
  "objects": [
    {
      "pixel_coords": [
        135,
        197,
        22.181425094604492
      ],
      "3d_coords": [
        5.130069255828857,
        -4.495351791381836,
        0.699999988079071
      ],
      "material": "rubber",
      "rotation": 260.01770421838785,
      "group": 0,
      "size": "large",
      "color": "gray",
      "shape": "cylinder"
    },
    {
      "pixel_coords": [
        237,
        159,
        23.83658790588379
      ],
      "3d_coords": [
        5.900643825531006,
        2.8007376194000244,
        0.699999988079071
      ],
      "material": "rubber",
      "rotation": 24.495417937044333,
      "group": 1,
      "size": "large",
      "color": "green",
      "shape": "cylinder"
    },
    {
      "pixel_coords": [
        167,
        187,
        22.56962776184082
      ],
      "3d_coords": [
        5.512791633605957,
        -2.4021146297454834,
        0.699999988079071
      ],
      "material": "rubber",
      "rotation": 94.9454381853607,
      "group": 2,
      "size": "large",
      "color": "brown",
      "shape": "cylinder"
    },
    {
      "pixel_coords": [
        68,
        108,
        26.583221435546875
      ],
      "3d_coords": [
        -3.8237626552581787,
        -5.901115417480469,
        0.699999988079071
      ],
      "material": "rubber",
      "rotation": 13.683005186186751,
      "group": 3,
      "size": "large",
      "color": "purple",
      "shape": "cylinder"
    },
    {
      "pixel_coords": [
        216,
        93,
        27.47418212890625
      ],
      "3d_coords": [
        0.21156474947929382,
        4.8734965324401855,
        0.699999988079071
      ],
      "material": "rubber",
      "rotation": 112.73812231755876,
      "group": 4,
      "size": "large",
      "color": "cyan",
      "shape": "cylinder"
    },
    {
      "pixel_coords": [
        234,
        96,
        27.30324363708496
      ],
      "3d_coords": [
        1.1159361600875854,
        5.980850696563721,
        0.699999988079071
      ],
      "material": "rubber",
      "rotation": 241.58396990445692,
      "group": 1,
      "size": "large",
      "color": "green",
      "shape": "cylinder"
    },
    {
      "pixel_coords": [
        263,
        133,
        25.188268661499023
      ],
      "3d_coords": [
        4.953496932983398,
        5.777683734893799,
        0.699999988079071
      ],
      "material": "rubber",
      "rotation": 325.2273618340603,
      "group": 5,
      "size": "large",
      "color": "blue",
      "shape": "cylinder"
    },
    {
      "pixel_coords": [
        175,
        204,
        21.88692855834961
      ],
      "3d_coords": [
        6.739823341369629,
        -2.4898345470428467,
        0.699999988079071
      ],
      "material": "rubber",
      "rotation": 322.0236299749434,
      "group": 5,
      "size": "large",
      "color": "blue",
      "shape": "cylinder"
    }
  ]
}