{
  "image_index": 137,
  "directions": {
    "front": [
      0.754490315914154,
      -0.6563112735748291,
      -0.0
    ],
    "above": [
      0.0,
      0.0,
      1.0
    ],
    "right": [
      0.6563112735748291,
      0.7544902563095093,
      -0.0
    ],
    "below": [
      -0.0,
      -0.0,
      -1.0
    ],
    "left": [
      -0.6563112735748291,
      -0.7544902563095093,
      0.0
    ],
    "behind": [
      -0.754490315914154,
      0.6563112735748291,
      0.0
    ]
  },
  "split": "new",
  "image_filename": "CLEVR_new_000137.png",
  "relationships": {
    "front": [
      [
        1,
        2,
        3,
        5,
        6
      ],
      [
        3,
        5,
        6
      ],
      [
        1,
        3,
        5,
        6
      ],
      [],
      [
        0,
        1,
        2,
        3,
        5,
        6
      ],
      [],
      [
        3,
        5
      ]
    ],
    "left": [
      [
        1,
        6
      ],
      [
        6
      ],
      [
        0,
        1,
        3,
        4,
        5,
        6
      ],
      [
        0,
        1,
        6
      ],
      [
        0,
        1,
        3,
        5,
        6
      ],
      [
        0,
        1,
        3,
        6
      ],
      []
    ],
    "behind": [
      [
        4
      ],
      [
        0,
        2,
        4
      ],
      [
        0,
        4
      ],
      [
        0,
        1,
        2,
        4,
        6
      ],
      [],
      [
        0,
        1,
        2,
        4,
        6
      ],
      [
        0,
        1,
        2,
        4
      ]
    ],
    "right": [
      [
        2,
        3,
        4,
        5
      ],
      [
        0,
        2,
        3,
        4,
        5
      ],
      [],
      [
        2,
        4,
        5
      ],
      [
        2
      ],
      [
        2,
        4
      ],
      [
        0,
        1,
        2,
        3,
        4,
        5
      ]
    ]
  },
  "objects": [
    {
      "pixel_coords": [
        118,
        70,
        29.506189346313477
      ],
      "3d_coords": [
        -5.8812665939331055,
        -0.9626455307006836,
        0.699999988079071
      ],
      "material": "rubber",
      "rotation": 151.04465136582746,
      "group": 0,
      "size": "large",
      "color": "gray",
      "shape": "sphere"
    },
    {
      "pixel_coords": [
        103,
        95,
        27.776233673095703
      ],
      "3d_coords": [
        -3.817814826965332,
        -3.1061887741088867,
        0.699999988079071
      ],
      "material": "rubber",
      "rotation": 124.03742458522419,
      "group": 0,
      "size": "large",
      "color": "gray",
      "shape": "sphere"
    },
    {
      "pixel_coords": [
        184,
        86,
        28.3526668548584
      ],
      "3d_coords": [
        -1.7233093976974487,
        3.027820348739624,
        0.699999988079071
      ],
      "material": "rubber",
      "rotation": 47.79959881020049,
      "group": 1,
      "size": "large",
      "color": "gray",
      "shape": "cylinder"
    },
    {
      "pixel_coords": [
        101,
        126,
        25.87980079650879
      ],
      "3d_coords": [
        -1.0213762521743774,
        -4.414917469024658,
        0.699999988079071
      ],
      "material": "rubber",
      "rotation": 37.11920478439813,
      "group": 1,
      "size": "large",
      "color": "gray",
      "shape": "cylinder"
    },
    {
      "pixel_coords": [
        161,
        54,
        30.766925811767578
      ],
      "3d_coords": [
        -6.041727542877197,
        3.216440200805664,
        0.699999988079071
      ],
      "material": "rubber",
      "rotation": 128.8846789671299,
      "group": 0,
      "size": "large",
      "color": "gray",
      "shape": "sphere"
    },
    {
      "pixel_coords": [
        125,
        130,
        25.657983779907227
      ],
      "3d_coords": [
        0.14386431872844696,
        -2.9351766109466553,
        0.699999988079071
      ],
      "material": "rubber",
      "rotation": 183.1494149767921,
      "group": 2,
      "size": "large",
      "color": "gray",
      "shape": "cone"
    },
    {
      "pixel_coords": [
        63,
        91,
        28.051557540893555
      ],
      "3d_coords": [
        -5.703843593597412,
        -5.799476146697998,
        0.699999988079071
      ],
      "material": "rubber",
      "rotation": 119.11425125170996,
      "group": 0,
      "size": "large",
      "color": "gray",
      "shape": "sphere"
    }
  ]
}