{
  "image_index": 93,
  "directions": {
    "front": [
      0.754490315914154,
      -0.6563112735748291,
      -0.0
    ],
    "above": [
      0.0,
      0.0,
      1.0
    ],
    "right": [
      0.6563112735748291,
      0.7544902563095093,
      -0.0
    ],
    "below": [
      -0.0,
      -0.0,
      -1.0
    ],
    "left": [
      -0.6563112735748291,
      -0.7544902563095093,
      0.0
    ],
    "behind": [
      -0.754490315914154,
      0.6563112735748291,
      0.0
    ]
  },
  "split": "new",
  "image_filename": "CLEVR_new_000093.png",
  "relationships": {
    "front": [
      [
        1,
        2,
        3,
        4,
        5,
        6
      ],
      [
        2,
        3,
        5
      ],
      [],
      [
        2,
        5
      ],
      [
        1,
        2,
        3,
        5
      ],
      [
        2
      ],
      [
        1,
        2,
        3,
        4,
        5
      ]
    ],
    "left": [
      [
        2,
        4,
        5,
        6
      ],
      [
        0,
        2,
        3,
        4,
        5,
        6
      ],
      [
        5,
        6
      ],
      [
        0,
        2,
        4,
        5,
        6
      ],
      [
        2,
        5,
        6
      ],
      [],
      [
        5
      ]
    ],
    "behind": [
      [],
      [
        0,
        4,
        6
      ],
      [
        0,
        1,
        3,
        4,
        5,
        6
      ],
      [
        0,
        1,
        4,
        6
      ],
      [
        0,
        6
      ],
      [
        0,
        1,
        3,
        4,
        6
      ],
      [
        0
      ]
    ],
    "right": [
      [
        1,
        3
      ],
      [],
      [
        0,
        1,
        3,
        4
      ],
      [
        1
      ],
      [
        0,
        1,
        3
      ],
      [
        0,
        1,
        2,
        3,
        4,
        6
      ],
      [
        0,
        1,
        2,
        3,
        4
      ]
    ]
  },
  "objects": [
    {
      "pixel_coords": [
        183,
        77,
        28.347789764404297
      ],
      "3d_coords": [
        -2.5046958923339844,
        3.4277963638305664,
        0.699999988079071
      ],
      "material": "rubber",
      "rotation": 14.503330456569756,
      "group": 0,
      "size": "large",
      "color": "blue",
      "shape": "cylinder"
    },
    {
      "pixel_coords": [
        253,
        107,
        26.421743392944336
      ],
      "3d_coords": [
        2.682699680328369,
        6.493352890014648,
        0.699999988079071
      ],
      "material": "rubber",
      "rotation": 349.0141362616943,
      "group": 0,
      "size": "large",
      "color": "blue",
      "shape": "cylinder"
    },
    {
      "pixel_coords": [
        131,
        149,
        24.091508865356445
      ],
      "3d_coords": [
        1.7889543771743774,
        -3.2351937294006348,
        0.699999988079071
      ],
      "material": "rubber",
      "rotation": 295.4059460045508,
      "group": 0,
      "size": "large",
      "color": "blue",
      "shape": "cylinder"
    },
    {
      "pixel_coords": [
        214,
        103,
        26.693506240844727
      ],
      "3d_coords": [
        0.9541630744934082,
        4.192992687225342,
        0.699999988079071
      ],
      "material": "rubber",
      "rotation": 235.6161761465172,
      "group": 0,
      "size": "large",
      "color": "blue",
      "shape": "cylinder"
    },
    {
      "pixel_coords": [
        162,
        88,
        27.64875030517578
      ],
      "3d_coords": [
        -2.288184642791748,
        1.4176385402679443,
        0.699999988079071
      ],
      "material": "metal",
      "rotation": 325.7508598963763,
      "group": 1,
      "size": "large",
      "color": "blue",
      "shape": "cylinder"
    },
    {
      "pixel_coords": [
        97,
        129,
        25.15304946899414
      ],
      "3d_coords": [
        -0.9222686886787415,
        -4.647747993469238,
        0.699999988079071
      ],
      "material": "metal",
      "rotation": 322.193210531379,
      "group": 1,
      "size": "large",
      "color": "blue",
      "shape": "cylinder"
    },
    {
      "pixel_coords": [
        145,
        74,
        28.567028045654297
      ],
      "3d_coords": [
        -4.253109455108643,
        0.9086508750915527,
        0.699999988079071
      ],
      "material": "rubber",
      "rotation": 86.44526701796455,
      "group": 0,
      "size": "large",
      "color": "blue",
      "shape": "cylinder"
    }
  ]
}