{
  "image_index": 136,
  "directions": {
    "front": [
      0.754490315914154,
      -0.6563112735748291,
      -0.0
    ],
    "above": [
      0.0,
      0.0,
      1.0
    ],
    "right": [
      0.6563112735748291,
      0.7544902563095093,
      -0.0
    ],
    "below": [
      -0.0,
      -0.0,
      -1.0
    ],
    "left": [
      -0.6563112735748291,
      -0.7544902563095093,
      0.0
    ],
    "behind": [
      -0.754490315914154,
      0.6563112735748291,
      0.0
    ]
  },
  "split": "new",
  "image_filename": "CLEVR_new_000136.png",
  "relationships": {
    "front": [
      [
        2,
        3,
        4,
        6
      ],
      [
        0,
        2,
        3,
        4,
        6
      ],
      [
        6
      ],
      [
        2,
        4,
        6
      ],
      [
        2,
        6
      ],
      [
        0,
        1,
        2,
        3,
        4,
        6
      ],
      []
    ],
    "left": [
      [
        1,
        2,
        6
      ],
      [
        2,
        6
      ],
      [],
      [
        0,
        1,
        2,
        4,
        5,
        6
      ],
      [
        0,
        1,
        2,
        6
      ],
      [
        0,
        1,
        2,
        4,
        6
      ],
      [
        2
      ]
    ],
    "behind": [
      [
        1,
        5
      ],
      [
        5
      ],
      [
        0,
        1,
        3,
        4,
        5
      ],
      [
        0,
        1,
        5
      ],
      [
        0,
        1,
        3,
        5
      ],
      [],
      [
        0,
        1,
        2,
        3,
        4,
        5
      ]
    ],
    "right": [
      [
        3,
        4,
        5
      ],
      [
        0,
        3,
        4,
        5
      ],
      [
        0,
        1,
        3,
        4,
        5,
        6
      ],
      [],
      [
        3,
        5
      ],
      [
        3
      ],
      [
        0,
        1,
        3,
        4,
        5
      ]
    ]
  },
  "objects": [
    {
      "pixel_coords": [
        139,
        88,
        27.40269660949707
      ],
      "3d_coords": [
        -3.0810556411743164,
        -0.38714560866355896,
        0.699999988079071
      ],
      "material": "metal",
      "rotation": 7.190356334821311,
      "group": 0,
      "size": "large",
      "color": "purple",
      "shape": "cylinder"
    },
    {
      "pixel_coords": [
        145,
        63,
        29.088136672973633
      ],
      "3d_coords": [
        -5.407632827758789,
        1.1888188123703003,
        0.699999988079071
      ],
      "material": "metal",
      "rotation": 255.27467582362033,
      "group": 0,
      "size": "large",
      "color": "purple",
      "shape": "cylinder"
    },
    {
      "pixel_coords": [
        75,
        150,
        23.938594818115234
      ],
      "3d_coords": [
        0.2874723970890045,
        -6.589715003967285,
        0.699999988079071
      ],
      "material": "metal",
      "rotation": 355.10715710656115,
      "group": 0,
      "size": "large",
      "color": "purple",
      "shape": "cylinder"
    },
    {
      "pixel_coords": [
        259,
        133,
        24.806682586669922
      ],
      "3d_coords": [
        4.536836624145508,
        5.644829750061035,
        0.699999988079071
      ],
      "material": "metal",
      "rotation": 148.2187296127483,
      "group": 0,
      "size": "large",
      "color": "purple",
      "shape": "cylinder"
    },
    {
      "pixel_coords": [
        144,
        141,
        24.370731353759766
      ],
      "3d_coords": [
        1.686434268951416,
        -2.001462936401367,
        0.699999988079071
      ],
      "material": "rubber",
      "rotation": 171.19259326205957,
      "group": 1,
      "size": "large",
      "color": "purple",
      "shape": "cylinder"
    },
    {
      "pixel_coords": [
        198,
        40,
        30.838380813598633
      ],
      "3d_coords": [
        -6.048009395599365,
        6.548627853393555,
        0.699999988079071
      ],
      "material": "metal",
      "rotation": 334.39637616995014,
      "group": 0,
      "size": "large",
      "color": "purple",
      "shape": "cylinder"
    },
    {
      "pixel_coords": [
        91,
        176,
        22.72342300415039
      ],
      "3d_coords": [
        2.683664560317993,
        -6.218815326690674,
        0.699999988079071
      ],
      "material": "rubber",
      "rotation": 17.821019389296133,
      "group": 1,
      "size": "large",
      "color": "purple",
      "shape": "cylinder"
    }
  ]
}