{
  "image_index": 20,
  "directions": {
    "front": [
      0.754490315914154,
      -0.6563112735748291,
      -0.0
    ],
    "above": [
      0.0,
      0.0,
      1.0
    ],
    "right": [
      0.6563112735748291,
      0.7544902563095093,
      -0.0
    ],
    "below": [
      -0.0,
      -0.0,
      -1.0
    ],
    "left": [
      -0.6563112735748291,
      -0.7544902563095093,
      0.0
    ],
    "behind": [
      -0.754490315914154,
      0.6563112735748291,
      0.0
    ]
  },
  "split": "new",
  "image_filename": "CLEVR_new_000020.png",
  "relationships": {
    "front": [
      [],
      [
        0,
        2,
        3,
        4,
        5,
        6
      ],
      [
        0,
        4,
        5,
        6
      ],
      [
        0,
        2,
        4,
        5,
        6
      ],
      [
        0
      ],
      [
        0,
        4,
        6
      ],
      [
        0,
        4
      ]
    ],
    "left": [
      [
        3,
        5
      ],
      [
        0,
        2,
        3,
        5
      ],
      [
        0,
        3,
        5
      ],
      [
        5
      ],
      [
        0,
        1,
        2,
        3,
        5
      ],
      [],
      [
        0,
        1,
        2,
        3,
        4,
        5
      ]
    ],
    "behind": [
      [
        1,
        2,
        3,
        4,
        5,
        6
      ],
      [],
      [
        1,
        3
      ],
      [
        1
      ],
      [
        1,
        2,
        3,
        5,
        6
      ],
      [
        1,
        2,
        3
      ],
      [
        1,
        2,
        3,
        5
      ]
    ],
    "right": [
      [
        1,
        2,
        4,
        6
      ],
      [
        4,
        6
      ],
      [
        1,
        4,
        6
      ],
      [
        0,
        1,
        2,
        4,
        6
      ],
      [
        6
      ],
      [
        0,
        1,
        2,
        3,
        4,
        6
      ],
      []
    ]
  },
  "objects": [
    {
      "pixel_coords": [
        94,
        164,
        23.659183502197266
      ],
      "3d_coords": [
        1.7760175466537476,
        -5.935189247131348,
        0.699999988079071
      ],
      "material": "metal",
      "rotation": 19.596168517277214,
      "group": 0,
      "size": "large",
      "color": "brown",
      "shape": "cylinder"
    },
    {
      "pixel_coords": [
        209,
        54,
        30.379291534423828
      ],
      "3d_coords": [
        -3.950364351272583,
        6.84842586517334,
        0.699999988079071
      ],
      "material": "rubber",
      "rotation": 26.684740780849214,
      "group": 1,
      "size": "large",
      "color": "brown",
      "shape": "cylinder"
    },
    {
      "pixel_coords": [
        155,
        107,
        26.7469482421875
      ],
      "3d_coords": [
        -0.8395100235939026,
        -0.031125416979193687,
        0.699999988079071
      ],
      "material": "metal",
      "rotation": 108.73882241749688,
      "group": 0,
      "size": "large",
      "color": "brown",
      "shape": "cylinder"
    },
    {
      "pixel_coords": [
        87,
        88,
        27.941471099853516
      ],
      "3d_coords": [
        -5.044920444488525,
        -3.9209237098693848,
        0.699999988079071
      ],
      "material": "rubber",
      "rotation": 137.48028696036556,
      "group": 1,
      "size": "large",
      "color": "brown",
      "shape": "cylinder"
    },
    {
      "pixel_coords": [
        190,
        164,
        23.676551818847656
      ],
      "3d_coords": [
        4.74285364151001,
        -0.13804484903812408,
        0.699999988079071
      ],
      "material": "rubber",
      "rotation": 258.6939724407101,
      "group": 1,
      "size": "large",
      "color": "brown",
      "shape": "cylinder"
    },
    {
      "pixel_coords": [
        61,
        108,
        26.69976234436035
      ],
      "3d_coords": [
        -4.061261177062988,
        -6.426914691925049,
        0.699999988079071
      ],
      "material": "metal",
      "rotation": 11.726420856341857,
      "group": 0,
      "size": "large",
      "color": "brown",
      "shape": "cylinder"
    },
    {
      "pixel_coords": [
        209,
        156,
        24.023334503173828
      ],
      "3d_coords": [
        4.827309608459473,
        1.2561696767807007,
        0.699999988079071
      ],
      "material": "metal",
      "rotation": 222.9009674613124,
      "group": 0,
      "size": "large",
      "color": "brown",
      "shape": "cylinder"
    }
  ]
}