{
  "image_index": 11,
  "directions": {
    "front": [
      0.754490315914154,
      -0.6563112735748291,
      -0.0
    ],
    "above": [
      0.0,
      0.0,
      1.0
    ],
    "right": [
      0.6563112735748291,
      0.7544902563095093,
      -0.0
    ],
    "below": [
      -0.0,
      -0.0,
      -1.0
    ],
    "left": [
      -0.6563112735748291,
      -0.7544902563095093,
      0.0
    ],
    "behind": [
      -0.754490315914154,
      0.6563112735748291,
      0.0
    ]
  },
  "split": "new",
  "image_filename": "CLEVR_new_000011.png",
  "relationships": {
    "front": [
      [
        3,
        7,
        8
      ],
      [
        0,
        3,
        7,
        8
      ],
      [
        0,
        1,
        3,
        7,
        8
      ],
      [],
      [
        0,
        1,
        2,
        3,
        7,
        8
      ],
      [
        0,
        1,
        2,
        3,
        4,
        6,
        7,
        8
      ],
      [
        0,
        1,
        2,
        3,
        7,
        8
      ],
      [
        3,
        8
      ],
      [],
      [
        0,
        1,
        2,
        3,
        4,
        5,
        6,
        7,
        8
      ]
    ],
    "left": [
      [
        1,
        2,
        3,
        4,
        5,
        6,
        7,
        8,
        9
      ],
      [],
      [
        1
      ],
      [
        1,
        2,
        5,
        6,
        7,
        8,
        9
      ],
      [
        1,
        2,
        3,
        5,
        6,
        7,
        8,
        9
      ],
      [
        1,
        2,
        6,
        7,
        8
      ],
      [
        1,
        2
      ],
      [
        1,
        2,
        6,
        8
      ],
      [
        1,
        2,
        6
      ],
      [
        1,
        2,
        5,
        6,
        7,
        8
      ]
    ],
    "behind": [
      [
        1,
        2,
        4,
        5,
        6,
        9
      ],
      [
        2,
        4,
        5,
        6,
        9
      ],
      [
        4,
        5,
        6,
        9
      ],
      [
        0,
        1,
        2,
        4,
        5,
        6,
        7,
        9
      ],
      [
        5,
        9
      ],
      [
        9
      ],
      [
        5,
        9
      ],
      [
        0,
        1,
        2,
        4,
        5,
        6,
        9
      ],
      [
        0,
        1,
        2,
        4,
        5,
        6,
        7,
        9
      ],
      []
    ],
    "right": [
      [],
      [
        0,
        2,
        3,
        4,
        5,
        6,
        7,
        8,
        9
      ],
      [
        0,
        3,
        4,
        5,
        6,
        7,
        8,
        9
      ],
      [
        0,
        4
      ],
      [
        0
      ],
      [
        0,
        3,
        4,
        9
      ],
      [
        0,
        3,
        4,
        5,
        7,
        8,
        9
      ],
      [
        0,
        3,
        4,
        5,
        9
      ],
      [
        0,
        3,
        4,
        5,
        7,
        9
      ],
      [
        0,
        3,
        4
      ]
    ]
  },
  "objects": [
    {
      "pixel_coords": [
        239,
        159,
        23.82539939880371
      ],
      "3d_coords": [
        5.7034735679626465,
        3.297811269760132,
        0.5
      ],
      "material": "metal",
      "rotation": 68.50375594341659,
      "group": 0,
      "size": "medium",
      "color": "red",
      "shape": "cube"
    },
    {
      "pixel_coords": [
        91,
        119,
        25.982406616210938
      ],
      "3d_coords": [
        -1.8894193172454834,
        -4.749137878417969,
        0.5
      ],
      "material": "metal",
      "rotation": 92.13333996790357,
      "group": 0,
      "size": "medium",
      "color": "red",
      "shape": "cube"
    },
    {
      "pixel_coords": [
        112,
        111,
        26.465599060058594
      ],
      "3d_coords": [
        -1.9958332777023315,
        -3.106099843978882,
        0.5
      ],
      "material": "metal",
      "rotation": 179.7066306520398,
      "group": 0,
      "size": "medium",
      "color": "red",
      "shape": "cube"
    },
    {
      "pixel_coords": [
        221,
        182,
        22.78725242614746
      ],
      "3d_coords": [
        6.641460418701172,
        1.3006209135055542,
        0.5
      ],
      "material": "metal",
      "rotation": 181.63606010787376,
      "group": 0,
      "size": "medium",
      "color": "red",
      "shape": "cube"
    },
    {
      "pixel_coords": [
        236,
        129,
        25.40228271484375
      ],
      "3d_coords": [
        3.421994686126709,
        4.48002815246582,
        0.5
      ],
      "material": "rubber",
      "rotation": 252.80190252702056,
      "group": 1,
      "size": "medium",
      "color": "red",
      "shape": "cube"
    },
    {
      "pixel_coords": [
        155,
        106,
        26.72606658935547
      ],
      "3d_coords": [
        -0.9958414435386658,
        0.06451857089996338,
        0.5
      ],
      "material": "rubber",
      "rotation": 280.74507022229113,
      "group": 1,
      "size": "medium",
      "color": "red",
      "shape": "cube"
    },
    {
      "pixel_coords": [
        129,
        104,
        26.84799575805664
      ],
      "3d_coords": [
        -2.0391623973846436,
        -1.7174533605575562,
        0.5
      ],
      "material": "rubber",
      "rotation": 259.1403718660412,
      "group": 1,
      "size": "medium",
      "color": "red",
      "shape": "cube"
    },
    {
      "pixel_coords": [
        135,
        149,
        24.325786590576172
      ],
      "3d_coords": [
        1.968948483467102,
        -2.832801342010498,
        0.5
      ],
      "material": "metal",
      "rotation": 110.9361046358,
      "group": 0,
      "size": "medium",
      "color": "red",
      "shape": "cube"
    },
    {
      "pixel_coords": [
        112,
        154,
        24.10504150390625
      ],
      "3d_coords": [
        1.6418356895446777,
        -4.395366668701172,
        0.5
      ],
      "material": "metal",
      "rotation": 72.72649085210007,
      "group": 0,
      "size": "medium",
      "color": "red",
      "shape": "cube"
    },
    {
      "pixel_coords": [
        210,
        102,
        27.02301788330078
      ],
      "3d_coords": [
        0.3371698558330536,
        4.096210479736328,
        0.5
      ],
      "material": "rubber",
      "rotation": 44.28849631444735,
      "group": 1,
      "size": "medium",
      "color": "red",
      "shape": "cube"
    }
  ]
}