{
  "image_index": 167,
  "directions": {
    "front": [
      0.754490315914154,
      -0.6563112735748291,
      -0.0
    ],
    "above": [
      0.0,
      0.0,
      1.0
    ],
    "right": [
      0.6563112735748291,
      0.7544902563095093,
      -0.0
    ],
    "below": [
      -0.0,
      -0.0,
      -1.0
    ],
    "left": [
      -0.6563112735748291,
      -0.7544902563095093,
      0.0
    ],
    "behind": [
      -0.754490315914154,
      0.6563112735748291,
      0.0
    ]
  },
  "split": "new",
  "image_filename": "CLEVR_new_000167.png",
  "relationships": {
    "front": [
      [
        3,
        4
      ],
      [
        0,
        3,
        4,
        5,
        6,
        7
      ],
      [
        0,
        1,
        3,
        4,
        5,
        6,
        7
      ],
      [
        4
      ],
      [],
      [
        0,
        3,
        4,
        6
      ],
      [
        0,
        3,
        4
      ],
      [
        0,
        3,
        4,
        6
      ]
    ],
    "left": [
      [
        5
      ],
      [
        0,
        3,
        4,
        5
      ],
      [
        0,
        1,
        3,
        4,
        5
      ],
      [
        0,
        5
      ],
      [
        0,
        3,
        5
      ],
      [],
      [
        0,
        1,
        2,
        3,
        4,
        5
      ],
      [
        0,
        1,
        2,
        3,
        4,
        5,
        6
      ]
    ],
    "behind": [
      [
        1,
        2,
        5,
        6,
        7
      ],
      [
        2
      ],
      [],
      [
        0,
        1,
        2,
        5,
        6,
        7
      ],
      [
        0,
        1,
        2,
        3,
        5,
        6,
        7
      ],
      [
        1,
        2
      ],
      [
        1,
        2,
        5,
        7
      ],
      [
        1,
        2
      ]
    ],
    "right": [
      [
        1,
        2,
        3,
        4,
        6,
        7
      ],
      [
        2,
        6,
        7
      ],
      [
        6,
        7
      ],
      [
        1,
        2,
        4,
        6,
        7
      ],
      [
        1,
        2,
        6,
        7
      ],
      [
        0,
        1,
        2,
        3,
        4,
        6,
        7
      ],
      [
        7
      ],
      []
    ]
  },
  "objects": [
    {
      "pixel_coords": [
        91,
        123,
        25.618696212768555
      ],
      "3d_coords": [
        -1.652627944946289,
        -4.7942094802856445,
        0.5
      ],
      "material": "metal",
      "rotation": 160.5840514277649,
      "group": 0,
      "size": "medium",
      "color": "brown",
      "shape": "cube"
    },
    {
      "pixel_coords": [
        191,
        99,
        27.021249771118164
      ],
      "3d_coords": [
        -0.4517222046852112,
        2.8749775886535645,
        0.5
      ],
      "material": "metal",
      "rotation": 76.45868519319299,
      "group": 1,
      "size": "medium",
      "color": "purple",
      "shape": "cube"
    },
    {
      "pixel_coords": [
        227,
        89,
        27.65152931213379
      ],
      "3d_coords": [
        -0.10122422873973846,
        5.940113544464111,
        0.5
      ],
      "material": "metal",
      "rotation": 126.48393138378118,
      "group": 2,
      "size": "medium",
      "color": "yellow",
      "shape": "cube"
    },
    {
      "pixel_coords": [
        139,
        136,
        24.930116653442383
      ],
      "3d_coords": [
        0.9503557682037354,
        -2.1251957416534424,
        0.5
      ],
      "material": "metal",
      "rotation": 81.83448215396113,
      "group": 3,
      "size": "medium",
      "color": "green",
      "shape": "cube"
    },
    {
      "pixel_coords": [
        160,
        193,
        22.300294876098633
      ],
      "3d_coords": [
        5.518221378326416,
        -2.7611336708068848,
        0.5
      ],
      "material": "metal",
      "rotation": 230.83080744927722,
      "group": 2,
      "size": "medium",
      "color": "yellow",
      "shape": "cube"
    },
    {
      "pixel_coords": [
        64,
        101,
        26.89415168762207
      ],
      "3d_coords": [
        -4.6073784828186035,
        -5.975837707519531,
        0.5
      ],
      "material": "metal",
      "rotation": 155.29554068179377,
      "group": 3,
      "size": "medium",
      "color": "green",
      "shape": "cube"
    },
    {
      "pixel_coords": [
        236,
        150,
        24.22789192199707
      ],
      "3d_coords": [
        4.998218536376953,
        3.4047181606292725,
        0.5
      ],
      "material": "metal",
      "rotation": 17.307690158732754,
      "group": 4,
      "size": "medium",
      "color": "blue",
      "shape": "cube"
    },
    {
      "pixel_coords": [
        262,
        142,
        24.623342514038086
      ],
      "3d_coords": [
        5.259064674377441,
        5.410354137420654,
        0.5
      ],
      "material": "metal",
      "rotation": 303.63737243236636,
      "group": 4,
      "size": "medium",
      "color": "blue",
      "shape": "cube"
    }
  ]
}