{
  "image_index": 144,
  "directions": {
    "front": [
      0.754490315914154,
      -0.6563112735748291,
      -0.0
    ],
    "above": [
      0.0,
      0.0,
      1.0
    ],
    "right": [
      0.6563112735748291,
      0.7544902563095093,
      -0.0
    ],
    "below": [
      -0.0,
      -0.0,
      -1.0
    ],
    "left": [
      -0.6563112735748291,
      -0.7544902563095093,
      0.0
    ],
    "behind": [
      -0.754490315914154,
      0.6563112735748291,
      0.0
    ]
  },
  "split": "new",
  "image_filename": "CLEVR_new_000144.png",
  "relationships": {
    "front": [
      [
        1,
        2,
        3,
        6,
        7,
        9
      ],
      [
        2,
        3,
        6,
        7,
        9
      ],
      [],
      [
        2,
        6,
        7,
        9
      ],
      [
        0,
        1,
        2,
        3,
        6,
        7,
        9
      ],
      [
        0,
        1,
        2,
        3,
        4,
        6,
        7,
        8,
        9
      ],
      [
        2,
        7
      ],
      [
        2
      ],
      [
        0,
        1,
        2,
        3,
        6,
        7,
        9
      ],
      [
        2,
        6,
        7
      ]
    ],
    "left": [
      [
        3,
        6,
        7
      ],
      [
        0,
        2,
        3,
        4,
        5,
        6,
        7,
        8,
        9
      ],
      [
        0,
        3,
        6,
        7,
        8
      ],
      [],
      [
        0,
        2,
        3,
        6,
        7,
        8,
        9
      ],
      [
        0,
        2,
        3,
        4,
        6,
        7,
        8,
        9
      ],
      [
        3
      ],
      [
        3,
        6
      ],
      [
        0,
        3,
        6,
        7
      ],
      [
        0,
        2,
        3,
        6,
        7,
        8
      ]
    ],
    "behind": [
      [
        4,
        5,
        8
      ],
      [
        0,
        4,
        5,
        8
      ],
      [
        0,
        1,
        3,
        4,
        5,
        6,
        7,
        8,
        9
      ],
      [
        0,
        1,
        4,
        5,
        8
      ],
      [
        5
      ],
      [],
      [
        0,
        1,
        3,
        4,
        5,
        8,
        9
      ],
      [
        0,
        1,
        3,
        4,
        5,
        6,
        8,
        9
      ],
      [
        5
      ],
      [
        0,
        1,
        3,
        4,
        5,
        8
      ]
    ],
    "right": [
      [
        1,
        2,
        4,
        5,
        8,
        9
      ],
      [],
      [
        1,
        4,
        5,
        9
      ],
      [
        0,
        1,
        2,
        4,
        5,
        6,
        7,
        8,
        9
      ],
      [
        1,
        5
      ],
      [
        1
      ],
      [
        0,
        1,
        2,
        4,
        5,
        7,
        8,
        9
      ],
      [
        0,
        1,
        2,
        4,
        5,
        8,
        9
      ],
      [
        1,
        2,
        4,
        5,
        9
      ],
      [
        1,
        4,
        5
      ]
    ]
  },
  "objects": [
    {
      "pixel_coords": [
        136,
        74,
        28.571327209472656
      ],
      "3d_coords": [
        -4.579925060272217,
        0.021762855350971222,
        0.699999988079071
      ],
      "material": "rubber",
      "rotation": 237.13142617709894,
      "group": 0,
      "size": "large",
      "color": "red",
      "shape": "sphere"
    },
    {
      "pixel_coords": [
        266,
        120,
        25.80889892578125
      ],
      "3d_coords": [
        3.8596887588500977,
        6.81775426864624,
        0.699999988079071
      ],
      "material": "rubber",
      "rotation": 178.44003914675574,
      "group": 1,
      "size": "large",
      "color": "yellow",
      "shape": "sphere"
    },
    {
      "pixel_coords": [
        115,
        205,
        21.84238052368164
      ],
      "3d_coords": [
        5.215169906616211,
        -5.624478340148926,
        0.699999988079071
      ],
      "material": "rubber",
      "rotation": 309.76224806216885,
      "group": 2,
      "size": "large",
      "color": "cyan",
      "shape": "sphere"
    },
    {
      "pixel_coords": [
        92,
        88,
        27.68181800842285
      ],
      "3d_coords": [
        -4.709324836730957,
        -3.6623780727386475,
        0.699999988079071
      ],
      "material": "rubber",
      "rotation": 148.86692720716417,
      "group": 2,
      "size": "large",
      "color": "cyan",
      "shape": "sphere"
    },
    {
      "pixel_coords": [
        183,
        70,
        28.872892379760742
      ],
      "3d_coords": [
        -3.3526341915130615,
        3.7118237018585205,
        0.699999988079071
      ],
      "material": "rubber",
      "rotation": 28.34807485628763,
      "group": 1,
      "size": "large",
      "color": "yellow",
      "shape": "sphere"
    },
    {
      "pixel_coords": [
        228,
        72,
        28.721572875976562
      ],
      "3d_coords": [
        -1.5173908472061157,
        6.916062831878662,
        0.699999988079071
      ],
      "material": "rubber",
      "rotation": 97.00605073132208,
      "group": 3,
      "size": "large",
      "color": "brown",
      "shape": "sphere"
    },
    {
      "pixel_coords": [
        81,
        154,
        24.07700538635254
      ],
      "3d_coords": [
        0.6921210289001465,
        -6.369421482086182,
        0.699999988079071
      ],
      "material": "rubber",
      "rotation": 47.116831507340095,
      "group": 2,
      "size": "large",
      "color": "cyan",
      "shape": "sphere"
    },
    {
      "pixel_coords": [
        81,
        176,
        23.05591583251953
      ],
      "3d_coords": [
        2.330638885498047,
        -6.9123663902282715,
        0.699999988079071
      ],
      "material": "rubber",
      "rotation": 47.83836613000189,
      "group": 4,
      "size": "large",
      "color": "green",
      "shape": "sphere"
    },
    {
      "pixel_coords": [
        162,
        67,
        29.056907653808594
      ],
      "3d_coords": [
        -4.390909194946289,
        2.277103900909424,
        0.699999988079071
      ],
      "material": "rubber",
      "rotation": 330.2725162699924,
      "group": 2,
      "size": "large",
      "color": "cyan",
      "shape": "sphere"
    },
    {
      "pixel_coords": [
        138,
        164,
        23.61008071899414
      ],
      "3d_coords": [
        3.127579927444458,
        -3.139577865600586,
        0.699999988079071
      ],
      "material": "rubber",
      "rotation": 90.00118062661127,
      "group": 4,
      "size": "large",
      "color": "green",
      "shape": "sphere"
    }
  ]
}