{
  "image_index": 6,
  "directions": {
    "front": [
      0.754490315914154,
      -0.6563112735748291,
      -0.0
    ],
    "above": [
      0.0,
      0.0,
      1.0
    ],
    "right": [
      0.6563112735748291,
      0.7544902563095093,
      -0.0
    ],
    "below": [
      -0.0,
      -0.0,
      -1.0
    ],
    "left": [
      -0.6563112735748291,
      -0.7544902563095093,
      0.0
    ],
    "behind": [
      -0.754490315914154,
      0.6563112735748291,
      0.0
    ]
  },
  "split": "new",
  "image_filename": "CLEVR_new_000006.png",
  "relationships": {
    "front": [
      [
        4,
        5,
        7
      ],
      [
        0,
        2,
        3,
        4,
        5,
        6,
        7,
        8,
        9
      ],
      [
        0,
        3,
        4,
        5,
        7,
        9
      ],
      [
        0,
        4,
        5,
        7
      ],
      [],
      [
        4,
        7
      ],
      [
        0,
        2,
        3,
        4,
        5,
        7,
        8,
        9
      ],
      [
        4
      ],
      [
        0,
        2,
        3,
        4,
        5,
        7,
        9
      ],
      [
        0,
        4,
        5,
        7
      ]
    ],
    "left": [
      [
        5
      ],
      [
        0,
        5
      ],
      [
        0,
        1,
        3,
        4,
        5,
        6,
        7,
        8,
        9
      ],
      [
        0,
        1,
        4,
        5,
        6,
        7,
        8,
        9
      ],
      [
        0,
        1,
        5,
        7
      ],
      [],
      [
        0,
        1,
        4,
        5,
        7
      ],
      [
        0,
        5
      ],
      [
        0,
        1,
        4,
        5,
        6,
        7,
        9
      ],
      [
        0,
        1,
        4,
        5,
        6,
        7
      ]
    ],
    "behind": [
      [
        1,
        2,
        3,
        6,
        8,
        9
      ],
      [],
      [
        1,
        6,
        8
      ],
      [
        1,
        2,
        6,
        8
      ],
      [
        0,
        1,
        2,
        3,
        5,
        6,
        7,
        8,
        9
      ],
      [
        0,
        1,
        2,
        3,
        6,
        8,
        9
      ],
      [
        1
      ],
      [
        0,
        1,
        2,
        3,
        5,
        6,
        8,
        9
      ],
      [
        1,
        6
      ],
      [
        1,
        2,
        6,
        8
      ]
    ],
    "right": [
      [
        1,
        2,
        3,
        4,
        6,
        7,
        8,
        9
      ],
      [
        2,
        3,
        4,
        6,
        8,
        9
      ],
      [],
      [
        2
      ],
      [
        2,
        3,
        6,
        8,
        9
      ],
      [
        0,
        1,
        2,
        3,
        4,
        6,
        7,
        8,
        9
      ],
      [
        2,
        3,
        8,
        9
      ],
      [
        2,
        3,
        4,
        6,
        8,
        9
      ],
      [
        2,
        3
      ],
      [
        2,
        3,
        8
      ]
    ]
  },
  "objects": [
    {
      "pixel_coords": [
        124,
        125,
        25.370901107788086
      ],
      "3d_coords": [
        -0.3625190854072571,
        -2.758761405944824,
        0.699999988079071
      ],
      "material": "metal",
      "rotation": 147.3469022074479,
      "group": 0,
      "size": "large",
      "color": "brown",
      "shape": "cone"
    },
    {
      "pixel_coords": [
        176,
        69,
        28.73820686340332
      ],
      "3d_coords": [
        -3.562077760696411,
        3.3292412757873535,
        0.699999988079071
      ],
      "material": "metal",
      "rotation": 280.03765636795566,
      "group": 1,
      "size": "large",
      "color": "brown",
      "shape": "sphere"
    },
    {
      "pixel_coords": [
        276,
        133,
        24.914663314819336
      ],
      "3d_coords": [
        5.312462329864502,
        6.574162006378174,
        0.699999988079071
      ],
      "material": "metal",
      "rotation": 214.24914066247675,
      "group": 2,
      "size": "large",
      "color": "brown",
      "shape": "cube"
    },
    {
      "pixel_coords": [
        232,
        134,
        24.872913360595703
      ],
      "3d_coords": [
        3.935343027114868,
        3.752990245819092,
        0.699999988079071
      ],
      "material": "metal",
      "rotation": 323.34664852727906,
      "group": 2,
      "size": "large",
      "color": "brown",
      "shape": "cube"
    },
    {
      "pixel_coords": [
        151,
        187,
        22.413990020751953
      ],
      "3d_coords": [
        4.971834659576416,
        -3.211911916732788,
        0.699999988079071
      ],
      "material": "metal",
      "rotation": 260.5491598705825,
      "group": 0,
      "size": "large",
      "color": "brown",
      "shape": "cone"
    },
    {
      "pixel_coords": [
        90,
        144,
        24.39076805114746
      ],
      "3d_coords": [
        0.05801835283637047,
        -5.520671367645264,
        0.699999988079071
      ],
      "material": "metal",
      "rotation": 230.93113664441304,
      "group": 1,
      "size": "large",
      "color": "brown",
      "shape": "sphere"
    },
    {
      "pixel_coords": [
        191,
        80,
        28.002044677734375
      ],
      "3d_coords": [
        -1.942140817642212,
        3.782073974609375,
        0.699999988079071
      ],
      "material": "metal",
      "rotation": 89.4742627769296,
      "group": 2,
      "size": "large",
      "color": "brown",
      "shape": "cube"
    },
    {
      "pixel_coords": [
        145,
        163,
        23.464073181152344
      ],
      "3d_coords": [
        3.211825132369995,
        -2.7905783653259277,
        0.699999988079071
      ],
      "material": "metal",
      "rotation": 41.977636108761445,
      "group": 2,
      "size": "large",
      "color": "brown",
      "shape": "cube"
    },
    {
      "pixel_coords": [
        208,
        93,
        27.16332244873047
      ],
      "3d_coords": [
        -0.10534350574016571,
        4.280890464782715,
        0.699999988079071
      ],
      "material": "metal",
      "rotation": 312.12654668552034,
      "group": 1,
      "size": "large",
      "color": "brown",
      "shape": "sphere"
    },
    {
      "pixel_coords": [
        183,
        126,
        25.32118034362793
      ],
      "3d_coords": [
        1.6724138259887695,
        1.0034197568893433,
        0.699999988079071
      ],
      "material": "metal",
      "rotation": 32.25864453977329,
      "group": 2,
      "size": "large",
      "color": "brown",
      "shape": "cube"
    }
  ]
}