{
  "image_index": 166,
  "directions": {
    "front": [
      0.754490315914154,
      -0.6563112735748291,
      -0.0
    ],
    "above": [
      0.0,
      0.0,
      1.0
    ],
    "right": [
      0.6563112735748291,
      0.7544902563095093,
      -0.0
    ],
    "below": [
      -0.0,
      -0.0,
      -1.0
    ],
    "left": [
      -0.6563112735748291,
      -0.7544902563095093,
      0.0
    ],
    "behind": [
      -0.754490315914154,
      0.6563112735748291,
      0.0
    ]
  },
  "split": "new",
  "image_filename": "CLEVR_new_000166.png",
  "relationships": {
    "front": [
      [
        1,
        2,
        4,
        5
      ],
      [
        2,
        5
      ],
      [
        5
      ],
      [
        1,
        2,
        4,
        5
      ],
      [
        1,
        2,
        5
      ],
      []
    ],
    "left": [
      [
        2,
        3,
        4,
        5
      ],
      [
        0,
        2,
        3,
        4,
        5
      ],
      [],
      [
        2,
        4,
        5
      ],
      [
        2
      ],
      [
        2,
        4
      ]
    ],
    "behind": [
      [],
      [
        0,
        3,
        4
      ],
      [
        0,
        1,
        3,
        4
      ],
      [],
      [
        0,
        3
      ],
      [
        0,
        1,
        2,
        3,
        4
      ]
    ],
    "right": [
      [
        1
      ],
      [],
      [
        0,
        1,
        3,
        4,
        5
      ],
      [
        0,
        1
      ],
      [
        0,
        1,
        3,
        5
      ],
      [
        0,
        1,
        3
      ]
    ]
  },
  "objects": [
    {
      "pixel_coords": [
        218,
        95,
        27.1323299407959
      ],
      "3d_coords": [
        0.220474973320961,
        4.940219879150391,
        0.5
      ],
      "material": "metal",
      "rotation": 124.48367683216613,
      "group": 0,
      "size": "medium",
      "color": "cyan",
      "shape": "cube"
    },
    {
      "pixel_coords": [
        272,
        125,
        25.362730026245117
      ],
      "3d_coords": [
        4.506589412689209,
        6.830202579498291,
        0.5
      ],
      "material": "metal",
      "rotation": 214.48134365515781,
      "group": 0,
      "size": "medium",
      "color": "cyan",
      "shape": "cube"
    },
    {
      "pixel_coords": [
        96,
        105,
        26.4967041015625
      ],
      "3d_coords": [
        -3.148439884185791,
        -3.828139305114746,
        0.5
      ],
      "material": "rubber",
      "rotation": 103.72183106806445,
      "group": 1,
      "size": "medium",
      "color": "cyan",
      "shape": "cube"
    },
    {
      "pixel_coords": [
        188,
        90,
        27.455089569091797
      ],
      "3d_coords": [
        -1.3022297620773315,
        3.169393539428711,
        0.5
      ],
      "material": "metal",
      "rotation": 34.76379577520306,
      "group": 0,
      "size": "medium",
      "color": "cyan",
      "shape": "cube"
    },
    {
      "pixel_coords": [
        149,
        100,
        26.8067626953125
      ],
      "3d_coords": [
        -1.764796495437622,
        -0.050801921635866165,
        0.5
      ],
      "material": "rubber",
      "rotation": 83.11189047754178,
      "group": 1,
      "size": "medium",
      "color": "cyan",
      "shape": "cube"
    },
    {
      "pixel_coords": [
        119,
        203,
        21.75440216064453
      ],
      "3d_coords": [
        4.89559268951416,
        -5.3883819580078125,
        0.5
      ],
      "material": "rubber",
      "rotation": 27.14612716292365,
      "group": 1,
      "size": "medium",
      "color": "cyan",
      "shape": "cube"
    }
  ]
}