{
  "image_index": 171,
  "directions": {
    "front": [
      0.754490315914154,
      -0.6563112735748291,
      -0.0
    ],
    "above": [
      0.0,
      0.0,
      1.0
    ],
    "right": [
      0.6563112735748291,
      0.7544902563095093,
      -0.0
    ],
    "below": [
      -0.0,
      -0.0,
      -1.0
    ],
    "left": [
      -0.6563112735748291,
      -0.7544902563095093,
      0.0
    ],
    "behind": [
      -0.754490315914154,
      0.6563112735748291,
      0.0
    ]
  },
  "split": "new",
  "image_filename": "CLEVR_new_000171.png",
  "relationships": {
    "front": [
      [
        2,
        5,
        7
      ],
      [
        0,
        2,
        4,
        5,
        6,
        7
      ],
      [],
      [
        0,
        1,
        2,
        4,
        5,
        6,
        7
      ],
      [
        0,
        2,
        5,
        6,
        7
      ],
      [
        2,
        7
      ],
      [
        2,
        5,
        7
      ],
      [
        2
      ]
    ],
    "left": [
      [
        2,
        5,
        6
      ],
      [
        0,
        2,
        5,
        6
      ],
      [
        5,
        6
      ],
      [
        0,
        1,
        2,
        4,
        5,
        6
      ],
      [
        0,
        2,
        5,
        6
      ],
      [
        6
      ],
      [],
      [
        0,
        1,
        2,
        3,
        4,
        5,
        6
      ]
    ],
    "behind": [
      [
        1,
        3,
        4
      ],
      [
        3
      ],
      [
        0,
        1,
        3,
        4,
        5,
        6,
        7
      ],
      [],
      [
        1,
        3
      ],
      [
        0,
        1,
        3,
        4,
        6
      ],
      [
        1,
        3,
        4
      ],
      [
        0,
        1,
        3,
        4,
        5,
        6
      ]
    ],
    "right": [
      [
        1,
        3,
        4,
        7
      ],
      [
        3,
        7
      ],
      [
        0,
        1,
        3,
        4,
        7
      ],
      [
        7
      ],
      [
        3,
        7
      ],
      [
        0,
        1,
        2,
        3,
        4,
        7
      ],
      [
        0,
        1,
        2,
        3,
        4,
        5,
        7
      ],
      []
    ]
  },
  "objects": [
    {
      "pixel_coords": [
        138,
        136,
        24.8455810546875
      ],
      "3d_coords": [
        0.9189170598983765,
        -2.204987049102783,
        0.5
      ],
      "material": "metal",
      "rotation": 173.8613781928701,
      "group": 0,
      "size": "medium",
      "color": "green",
      "shape": "cube"
    },
    {
      "pixel_coords": [
        193,
        76,
        28.43555450439453
      ],
      "3d_coords": [
        -2.504685640335083,
        4.213418483734131,
        0.5
      ],
      "material": "metal",
      "rotation": 216.16034313290572,
      "group": 1,
      "size": "medium",
      "color": "purple",
      "shape": "cube"
    },
    {
      "pixel_coords": [
        80,
        177,
        22.863826751708984
      ],
      "3d_coords": [
        2.1959822177886963,
        -6.969258785247803,
        0.5
      ],
      "material": "metal",
      "rotation": 121.95991609828577,
      "group": 0,
      "size": "medium",
      "color": "green",
      "shape": "cube"
    },
    {
      "pixel_coords": [
        221,
        68,
        29.008895874023438
      ],
      "3d_coords": [
        -2.2522552013397217,
        6.830957412719727,
        0.5
      ],
      "material": "metal",
      "rotation": 122.01217740562524,
      "group": 2,
      "size": "medium",
      "color": "gray",
      "shape": "cube"
    },
    {
      "pixel_coords": [
        187,
        94,
        27.21771812438965
      ],
      "3d_coords": [
        -0.959341287612915,
        2.8011300563812256,
        0.5
      ],
      "material": "metal",
      "rotation": 326.275243770034,
      "group": 3,
      "size": "medium",
      "color": "yellow",
      "shape": "cube"
    },
    {
      "pixel_coords": [
        88,
        139,
        24.674327850341797
      ],
      "3d_coords": [
        -0.39489826560020447,
        -5.454488277435303,
        0.5
      ],
      "material": "metal",
      "rotation": 129.74653405568202,
      "group": 2,
      "size": "medium",
      "color": "gray",
      "shape": "cube"
    },
    {
      "pixel_coords": [
        72,
        122,
        25.614002227783203
      ],
      "3d_coords": [
        -2.4051806926727295,
        -5.994532585144043,
        0.5
      ],
      "material": "metal",
      "rotation": 233.87328262537906,
      "group": 1,
      "size": "medium",
      "color": "purple",
      "shape": "cube"
    },
    {
      "pixel_coords": [
        209,
        177,
        22.860923767089844
      ],
      "3d_coords": [
        6.000831604003906,
        0.6015409231185913,
        0.5
      ],
      "material": "metal",
      "rotation": 295.89419061764056,
      "group": 4,
      "size": "medium",
      "color": "brown",
      "shape": "cube"
    }
  ]
}