{
  "image_index": 74,
  "directions": {
    "front": [
      0.754490315914154,
      -0.6563112735748291,
      -0.0
    ],
    "above": [
      0.0,
      0.0,
      1.0
    ],
    "right": [
      0.6563112735748291,
      0.7544902563095093,
      -0.0
    ],
    "below": [
      -0.0,
      -0.0,
      -1.0
    ],
    "left": [
      -0.6563112735748291,
      -0.7544902563095093,
      0.0
    ],
    "behind": [
      -0.754490315914154,
      0.6563112735748291,
      0.0
    ]
  },
  "split": "new",
  "image_filename": "CLEVR_new_000074.png",
  "relationships": {
    "front": [
      [
        3,
        4
      ],
      [
        0,
        3,
        4
      ],
      [
        0,
        1,
        3,
        4,
        6
      ],
      [
        4
      ],
      [],
      [
        0,
        1,
        2,
        3,
        4,
        6
      ],
      [
        3,
        4
      ]
    ],
    "left": [
      [
        1,
        3,
        4,
        5
      ],
      [
        3,
        4,
        5
      ],
      [
        0,
        1,
        3,
        4,
        5
      ],
      [],
      [
        3
      ],
      [
        3,
        4
      ],
      [
        0,
        1,
        2,
        3,
        4,
        5
      ]
    ],
    "behind": [
      [
        1,
        2,
        5
      ],
      [
        2,
        5
      ],
      [
        5
      ],
      [
        0,
        1,
        2,
        5,
        6
      ],
      [
        0,
        1,
        2,
        3,
        5,
        6
      ],
      [],
      [
        2,
        5
      ]
    ],
    "right": [
      [
        2,
        6
      ],
      [
        0,
        2,
        6
      ],
      [
        6
      ],
      [
        0,
        1,
        2,
        4,
        5,
        6
      ],
      [
        0,
        1,
        2,
        5,
        6
      ],
      [
        0,
        1,
        2,
        6
      ],
      []
    ]
  },
  "objects": [
    {
      "pixel_coords": [
        200,
        138,
        24.81475257873535
      ],
      "3d_coords": [
        3.017047643661499,
        1.6920084953308105,
        0.5
      ],
      "material": "metal",
      "rotation": 310.7129967880115,
      "group": 0,
      "size": "medium",
      "color": "brown",
      "shape": "cube"
    },
    {
      "pixel_coords": [
        146,
        124,
        25.561058044433594
      ],
      "3d_coords": [
        0.18306578695774078,
        -1.216633915901184,
        0.5
      ],
      "material": "metal",
      "rotation": 24.50669768334445,
      "group": 0,
      "size": "medium",
      "color": "brown",
      "shape": "cube"
    },
    {
      "pixel_coords": [
        220,
        125,
        25.492679595947266
      ],
      "3d_coords": [
        2.642293930053711,
        3.5445263385772705,
        0.5
      ],
      "material": "rubber",
      "rotation": 238.3443753248658,
      "group": 1,
      "size": "medium",
      "color": "brown",
      "shape": "cube"
    },
    {
      "pixel_coords": [
        80,
        137,
        24.865581512451172
      ],
      "3d_coords": [
        -0.8101263642311096,
        -5.93222713470459,
        0.5
      ],
      "material": "metal",
      "rotation": 273.2535846227167,
      "group": 0,
      "size": "medium",
      "color": "brown",
      "shape": "cube"
    },
    {
      "pixel_coords": [
        80,
        169,
        23.35722541809082
      ],
      "3d_coords": [
        1.630514144897461,
        -6.770556449890137,
        0.5
      ],
      "material": "rubber",
      "rotation": 202.91920759682574,
      "group": 1,
      "size": "medium",
      "color": "brown",
      "shape": "cube"
    },
    {
      "pixel_coords": [
        160,
        68,
        28.917375564575195
      ],
      "3d_coords": [
        -4.477946758270264,
        2.2217671871185303,
        0.5
      ],
      "material": "metal",
      "rotation": 14.976489707497503,
      "group": 0,
      "size": "medium",
      "color": "brown",
      "shape": "cube"
    },
    {
      "pixel_coords": [
        284,
        156,
        23.973325729370117
      ],
      "3d_coords": [
        6.784736156463623,
        6.141223907470703,
        0.5
      ],
      "material": "rubber",
      "rotation": 318.73403034603325,
      "group": 1,
      "size": "medium",
      "color": "brown",
      "shape": "cube"
    }
  ]
}