{
  "image_index": 67,
  "directions": {
    "front": [
      0.754490315914154,
      -0.6563112735748291,
      -0.0
    ],
    "above": [
      0.0,
      0.0,
      1.0
    ],
    "right": [
      0.6563112735748291,
      0.7544902563095093,
      -0.0
    ],
    "below": [
      -0.0,
      -0.0,
      -1.0
    ],
    "left": [
      -0.6563112735748291,
      -0.7544902563095093,
      0.0
    ],
    "behind": [
      -0.754490315914154,
      0.6563112735748291,
      0.0
    ]
  },
  "split": "new",
  "image_filename": "CLEVR_new_000067.png",
  "relationships": {
    "front": [
      [
        1,
        5,
        6
      ],
      [
        5
      ],
      [
        0,
        1,
        5,
        6
      ],
      [
        0,
        1,
        2,
        4,
        5,
        6,
        7
      ],
      [
        0,
        1,
        2,
        5,
        6,
        7
      ],
      [],
      [
        1,
        5
      ],
      [
        0,
        1,
        2,
        5,
        6
      ]
    ],
    "left": [
      [
        1,
        3,
        4,
        5,
        6,
        7
      ],
      [],
      [
        0,
        1,
        3,
        4,
        5,
        6,
        7
      ],
      [
        1,
        7
      ],
      [
        1,
        3,
        5,
        7
      ],
      [
        1,
        3,
        7
      ],
      [
        1,
        3,
        4,
        5,
        7
      ],
      [
        1
      ]
    ],
    "behind": [
      [
        2,
        3,
        4,
        7
      ],
      [
        0,
        2,
        3,
        4,
        6,
        7
      ],
      [
        3,
        4,
        7
      ],
      [],
      [
        3
      ],
      [
        0,
        1,
        2,
        3,
        4,
        6,
        7
      ],
      [
        0,
        2,
        3,
        4,
        7
      ],
      [
        3,
        4
      ]
    ],
    "right": [
      [
        2
      ],
      [
        0,
        2,
        3,
        4,
        5,
        6,
        7
      ],
      [],
      [
        0,
        2,
        4,
        5,
        6
      ],
      [
        0,
        2,
        6
      ],
      [
        0,
        2,
        4,
        6
      ],
      [
        0,
        2
      ],
      [
        0,
        2,
        3,
        4,
        5,
        6
      ]
    ]
  },
  "objects": [
    {
      "pixel_coords": [
        199,
        155,
        23.823244094848633
      ],
      "3d_coords": [
        4.372745990753174,
        0.7732511162757874,
        0.699999988079071
      ],
      "material": "rubber",
      "rotation": 166.46601656552374,
      "group": 0,
      "size": "large",
      "color": "purple",
      "shape": "cube"
    },
    {
      "pixel_coords": [
        93,
        177,
        22.7998046875
      ],
      "3d_coords": [
        2.7674400806427,
        -6.233221054077148,
        0.699999988079071
      ],
      "material": "metal",
      "rotation": 325.26689725236395,
      "group": 1,
      "size": "large",
      "color": "purple",
      "shape": "cube"
    },
    {
      "pixel_coords": [
        225,
        140,
        24.581748962402344
      ],
      "3d_coords": [
        4.124779224395752,
        3.056576728820801,
        0.699999988079071
      ],
      "material": "metal",
      "rotation": 258.0922329903445,
      "group": 1,
      "size": "large",
      "color": "purple",
      "shape": "cube"
    },
    {
      "pixel_coords": [
        173,
        78,
        28.363550186157227
      ],
      "3d_coords": [
        -2.9369845390319824,
        2.652369976043701,
        0.699999988079071
      ],
      "material": "rubber",
      "rotation": 14.465258268875045,
      "group": 0,
      "size": "large",
      "color": "purple",
      "shape": "cube"
    },
    {
      "pixel_coords": [
        189,
        88,
        27.637781143188477
      ],
      "3d_coords": [
        -1.3564924001693726,
        3.1857941150665283,
        0.699999988079071
      ],
      "material": "metal",
      "rotation": 295.0473941044411,
      "group": 1,
      "size": "large",
      "color": "purple",
      "shape": "cube"
    },
    {
      "pixel_coords": [
        149,
        202,
        21.731090545654297
      ],
      "3d_coords": [
        5.967044353485107,
        -3.6825506687164307,
        0.699999988079071
      ],
      "material": "rubber",
      "rotation": 49.100494609929655,
      "group": 0,
      "size": "large",
      "color": "purple",
      "shape": "cube"
    },
    {
      "pixel_coords": [
        170,
        181,
        22.62870216369629
      ],
      "3d_coords": [
        5.236276149749756,
        -1.8654656410217285,
        0.699999988079071
      ],
      "material": "metal",
      "rotation": 234.43951878041435,
      "group": 1,
      "size": "large",
      "color": "purple",
      "shape": "cube"
    },
    {
      "pixel_coords": [
        146,
        94,
        27.23627281188965
      ],
      "3d_coords": [
        -2.2408406734466553,
        -0.07808371633291245,
        0.699999988079071
      ],
      "material": "rubber",
      "rotation": 305.525556712625,
      "group": 0,
      "size": "large",
      "color": "purple",
      "shape": "cube"
    }
  ]
}