{
  "image_index": 87,
  "directions": {
    "front": [
      0.754490315914154,
      -0.6563112735748291,
      -0.0
    ],
    "above": [
      0.0,
      0.0,
      1.0
    ],
    "right": [
      0.6563112735748291,
      0.7544902563095093,
      -0.0
    ],
    "below": [
      -0.0,
      -0.0,
      -1.0
    ],
    "left": [
      -0.6563112735748291,
      -0.7544902563095093,
      0.0
    ],
    "behind": [
      -0.754490315914154,
      0.6563112735748291,
      0.0
    ]
  },
  "split": "new",
  "image_filename": "CLEVR_new_000087.png",
  "relationships": {
    "front": [
      [
        2,
        5,
        6,
        7,
        9
      ],
      [
        0,
        2,
        5,
        6,
        7,
        9
      ],
      [
        5,
        7
      ],
      [
        0,
        1,
        2,
        4,
        5,
        6,
        7,
        9
      ],
      [
        0,
        2,
        5,
        6,
        7,
        9
      ],
      [],
      [
        2,
        5,
        7,
        9
      ],
      [
        5
      ],
      [
        0,
        1,
        2,
        3,
        4,
        5,
        6,
        7,
        9
      ],
      [
        2,
        5,
        7
      ]
    ],
    "left": [
      [],
      [
        0,
        2,
        6
      ],
      [
        0
      ],
      [
        0,
        1,
        2,
        4,
        5,
        6,
        7,
        8,
        9
      ],
      [
        0,
        1,
        2,
        6
      ],
      [
        0,
        1,
        2,
        4,
        6
      ],
      [
        0,
        2
      ],
      [
        0,
        1,
        2,
        4,
        6
      ],
      [
        0,
        1,
        2,
        4,
        6
      ],
      [
        0,
        1,
        2,
        4,
        5,
        6,
        7,
        8
      ]
    ],
    "behind": [
      [
        1,
        3,
        4,
        8
      ],
      [
        3,
        8
      ],
      [
        0,
        1,
        3,
        4,
        6,
        8,
        9
      ],
      [
        8
      ],
      [
        3,
        8
      ],
      [
        0,
        1,
        2,
        3,
        4,
        6,
        7,
        8,
        9
      ],
      [
        0,
        1,
        3,
        4,
        8
      ],
      [
        0,
        1,
        2,
        3,
        4,
        6,
        8,
        9
      ],
      [],
      [
        0,
        1,
        3,
        4,
        6,
        8
      ]
    ],
    "right": [
      [
        1,
        2,
        3,
        4,
        5,
        6,
        7,
        8,
        9
      ],
      [
        3,
        4,
        5,
        7,
        8,
        9
      ],
      [
        1,
        3,
        4,
        5,
        6,
        7,
        8,
        9
      ],
      [],
      [
        3,
        5,
        7,
        8,
        9
      ],
      [
        3,
        9
      ],
      [
        1,
        3,
        4,
        5,
        7,
        8,
        9
      ],
      [
        3,
        9
      ],
      [
        3,
        9
      ],
      [
        3
      ]
    ]
  },
  "objects": [
    {
      "pixel_coords": [
        43,
        86,
        27.74879264831543
      ],
      "3d_coords": [
        -6.910757064819336,
        -6.896801471710205,
        0.5
      ],
      "material": "metal",
      "rotation": 21.107279921887738,
      "group": 0,
      "size": "medium",
      "color": "green",
      "shape": "cube"
    },
    {
      "pixel_coords": [
        106,
        76,
        28.41018295288086
      ],
      "3d_coords": [
        -5.611462593078613,
        -1.9979074001312256,
        0.5
      ],
      "material": "metal",
      "rotation": 93.3250952903825,
      "group": 1,
      "size": "medium",
      "color": "blue",
      "shape": "cube"
    },
    {
      "pixel_coords": [
        60,
        117,
        25.89863395690918
      ],
      "3d_coords": [
        -3.287661075592041,
        -6.624941825866699,
        0.5
      ],
      "material": "metal",
      "rotation": 71.66426213467119,
      "group": 2,
      "size": "medium",
      "color": "purple",
      "shape": "cube"
    },
    {
      "pixel_coords": [
        230,
        87,
        27.73005485534668
      ],
      "3d_coords": [
        -0.04932337626814842,
        6.2481207847595215,
        0.5
      ],
      "material": "metal",
      "rotation": 214.79199278121035,
      "group": 3,
      "size": "medium",
      "color": "yellow",
      "shape": "cube"
    },
    {
      "pixel_coords": [
        121,
        81,
        28.11676025390625
      ],
      "3d_coords": [
        -4.621668815612793,
        -1.155261754989624,
        0.5
      ],
      "material": "metal",
      "rotation": 243.0692201939425,
      "group": 4,
      "size": "medium",
      "color": "brown",
      "shape": "cube"
    },
    {
      "pixel_coords": [
        131,
        214,
        21.460617065429688
      ],
      "3d_coords": [
        5.865231990814209,
        -5.082996368408203,
        0.5
      ],
      "material": "metal",
      "rotation": 312.5588626790647,
      "group": 0,
      "size": "medium",
      "color": "green",
      "shape": "cube"
    },
    {
      "pixel_coords": [
        79,
        110,
        26.338787078857422
      ],
      "3d_coords": [
        -3.3306798934936523,
        -5.1126627922058105,
        0.5
      ],
      "material": "metal",
      "rotation": 194.20767502754265,
      "group": 1,
      "size": "medium",
      "color": "blue",
      "shape": "cube"
    },
    {
      "pixel_coords": [
        137,
        196,
        22.146961212158203
      ],
      "3d_coords": [
        5.003150463104248,
        -4.255748271942139,
        0.5
      ],
      "material": "metal",
      "rotation": 94.85834051454277,
      "group": 2,
      "size": "medium",
      "color": "purple",
      "shape": "cube"
    },
    {
      "pixel_coords": [
        178,
        58,
        29.69614601135254
      ],
      "3d_coords": [
        -4.795603275299072,
        4.233529567718506,
        0.5
      ],
      "material": "metal",
      "rotation": 356.6338718256776,
      "group": 4,
      "size": "medium",
      "color": "brown",
      "shape": "cube"
    },
    {
      "pixel_coords": [
        194,
        139,
        24.726917266845703
      ],
      "3d_coords": [
        2.9489572048187256,
        1.13837468624115,
        0.5
      ],
      "material": "metal",
      "rotation": 350.9652732849606,
      "group": 4,
      "size": "medium",
      "color": "brown",
      "shape": "cube"
    }
  ]
}