{
  "image_index": 77,
  "directions": {
    "front": [
      0.754490315914154,
      -0.6563112735748291,
      -0.0
    ],
    "above": [
      0.0,
      0.0,
      1.0
    ],
    "right": [
      0.6563112735748291,
      0.7544902563095093,
      -0.0
    ],
    "below": [
      -0.0,
      -0.0,
      -1.0
    ],
    "left": [
      -0.6563112735748291,
      -0.7544902563095093,
      0.0
    ],
    "behind": [
      -0.754490315914154,
      0.6563112735748291,
      0.0
    ]
  },
  "split": "new",
  "image_filename": "CLEVR_new_000077.png",
  "relationships": {
    "front": [
      [
        1,
        3,
        6,
        7,
        8
      ],
      [
        3,
        6,
        7,
        8
      ],
      [
        0,
        1,
        3,
        4,
        6,
        7,
        8
      ],
      [
        7
      ],
      [
        0,
        1,
        3,
        6,
        7,
        8
      ],
      [
        0,
        1,
        2,
        3,
        4,
        6,
        7,
        8,
        9
      ],
      [
        7
      ],
      [],
      [
        3,
        6,
        7
      ],
      [
        0,
        1,
        2,
        3,
        4,
        6,
        7,
        8
      ]
    ],
    "left": [
      [
        1,
        4,
        8
      ],
      [
        4,
        8
      ],
      [
        0,
        1,
        4,
        5,
        7,
        8,
        9
      ],
      [
        0,
        1,
        2,
        4,
        5,
        6,
        7,
        8,
        9
      ],
      [
        8
      ],
      [
        0,
        1,
        4,
        8,
        9
      ],
      [
        0,
        1,
        2,
        4,
        5,
        7,
        8,
        9
      ],
      [
        0,
        1,
        4,
        5,
        8,
        9
      ],
      [],
      [
        0,
        1,
        4,
        8
      ]
    ],
    "behind": [
      [
        2,
        4,
        5,
        9
      ],
      [
        0,
        2,
        4,
        5,
        9
      ],
      [
        5,
        9
      ],
      [
        0,
        1,
        2,
        4,
        5,
        8,
        9
      ],
      [
        2,
        5,
        9
      ],
      [],
      [
        0,
        1,
        2,
        4,
        5,
        8,
        9
      ],
      [
        0,
        1,
        2,
        3,
        4,
        5,
        6,
        8,
        9
      ],
      [
        0,
        1,
        2,
        4,
        5,
        9
      ],
      [
        5
      ]
    ],
    "right": [
      [
        2,
        3,
        5,
        6,
        7,
        9
      ],
      [
        0,
        2,
        3,
        5,
        6,
        7,
        9
      ],
      [
        3,
        6
      ],
      [],
      [
        0,
        1,
        2,
        3,
        5,
        6,
        7,
        9
      ],
      [
        2,
        3,
        6,
        7
      ],
      [
        3
      ],
      [
        2,
        3,
        6
      ],
      [
        0,
        1,
        2,
        3,
        4,
        5,
        6,
        7,
        9
      ],
      [
        2,
        3,
        5,
        6,
        7
      ]
    ]
  },
  "objects": [
    {
      "pixel_coords": [
        122,
        106,
        26.6652889251709
      ],
      "3d_coords": [
        -1.9546562433242798,
        -2.255545139312744,
        0.699999988079071
      ],
      "material": "metal",
      "rotation": 267.34527454606723,
      "group": 0,
      "size": "large",
      "color": "gray",
      "shape": "cylinder"
    },
    {
      "pixel_coords": [
        90,
        108,
        26.55556869506836
      ],
      "3d_coords": [
        -2.825613021850586,
        -4.544337272644043,
        0.699999988079071
      ],
      "material": "metal",
      "rotation": 267.7892891187877,
      "group": 0,
      "size": "large",
      "color": "gray",
      "shape": "cylinder"
    },
    {
      "pixel_coords": [
        232,
        89,
        27.6886043548584
      ],
      "3d_coords": [
        0.13702978193759918,
        6.226748943328857,
        0.699999988079071
      ],
      "material": "metal",
      "rotation": 142.3479634713018,
      "group": 0,
      "size": "large",
      "color": "gray",
      "shape": "cylinder"
    },
    {
      "pixel_coords": [
        266,
        163,
        23.679759979248047
      ],
      "3d_coords": [
        6.822296619415283,
        4.733892917633057,
        0.699999988079071
      ],
      "material": "metal",
      "rotation": 283.6231732524481,
      "group": 0,
      "size": "large",
      "color": "gray",
      "shape": "cylinder"
    },
    {
      "pixel_coords": [
        85,
        82,
        28.158924102783203
      ],
      "3d_coords": [
        -5.539699077606201,
        -4.0331854820251465,
        0.699999988079071
      ],
      "material": "metal",
      "rotation": 277.9584170509483,
      "group": 0,
      "size": "large",
      "color": "gray",
      "shape": "cylinder"
    },
    {
      "pixel_coords": [
        198,
        56,
        29.98563003540039
      ],
      "3d_coords": [
        -4.36694860458374,
        5.645852565765381,
        0.699999988079071
      ],
      "material": "rubber",
      "rotation": 54.67904402302173,
      "group": 1,
      "size": "large",
      "color": "gray",
      "shape": "cylinder"
    },
    {
      "pixel_coords": [
        250,
        157,
        23.96877670288086
      ],
      "3d_coords": [
        5.966681003570557,
        4.044570446014404,
        0.699999988079071
      ],
      "material": "rubber",
      "rotation": 77.58882385123441,
      "group": 1,
      "size": "large",
      "color": "gray",
      "shape": "cylinder"
    },
    {
      "pixel_coords": [
        199,
        193,
        22.366466522216797
      ],
      "3d_coords": [
        6.804223537445068,
        -0.4649762213230133,
        0.699999988079071
      ],
      "material": "metal",
      "rotation": 195.37531963367613,
      "group": 0,
      "size": "large",
      "color": "gray",
      "shape": "cylinder"
    },
    {
      "pixel_coords": [
        65,
        108,
        26.528871536254883
      ],
      "3d_coords": [
        -3.574115753173828,
        -6.245733261108398,
        0.699999988079071
      ],
      "material": "metal",
      "rotation": 219.89800558615184,
      "group": 0,
      "size": "large",
      "color": "gray",
      "shape": "cylinder"
    },
    {
      "pixel_coords": [
        146,
        68,
        29.085094451904297
      ],
      "3d_coords": [
        -4.889750003814697,
        0.9922976493835449,
        0.699999988079071
      ],
      "material": "rubber",
      "rotation": 227.87066038320262,
      "group": 1,
      "size": "large",
      "color": "gray",
      "shape": "cylinder"
    }
  ]
}