{
  "image_index": 122,
  "directions": {
    "front": [
      0.754490315914154,
      -0.6563112735748291,
      -0.0
    ],
    "above": [
      0.0,
      0.0,
      1.0
    ],
    "right": [
      0.6563112735748291,
      0.7544902563095093,
      -0.0
    ],
    "below": [
      -0.0,
      -0.0,
      -1.0
    ],
    "left": [
      -0.6563112735748291,
      -0.7544902563095093,
      0.0
    ],
    "behind": [
      -0.754490315914154,
      0.6563112735748291,
      0.0
    ]
  },
  "split": "new",
  "image_filename": "CLEVR_new_000122.png",
  "relationships": {
    "front": [
      [
        2,
        4,
        7
      ],
      [
        0,
        2,
        3,
        4,
        5,
        7,
        8
      ],
      [
        4,
        7
      ],
      [
        0,
        2,
        4,
        5,
        7,
        8
      ],
      [
        7
      ],
      [
        0,
        2,
        4,
        7,
        8
      ],
      [
        0,
        1,
        2,
        3,
        4,
        5,
        7,
        8
      ],
      [],
      [
        0,
        2,
        4,
        7
      ]
    ],
    "left": [
      [
        1,
        2,
        3,
        4,
        5,
        6,
        7,
        8
      ],
      [
        3,
        7,
        8
      ],
      [
        1,
        3,
        4,
        5,
        7,
        8
      ],
      [
        8
      ],
      [
        1,
        3,
        7,
        8
      ],
      [
        1,
        3,
        4,
        7,
        8
      ],
      [
        1,
        3,
        4,
        5,
        7,
        8
      ],
      [
        3,
        8
      ],
      []
    ],
    "behind": [
      [
        1,
        3,
        5,
        6,
        8
      ],
      [
        6
      ],
      [
        0,
        1,
        3,
        5,
        6,
        8
      ],
      [
        1,
        6
      ],
      [
        0,
        1,
        2,
        3,
        5,
        6,
        8
      ],
      [
        1,
        3,
        6
      ],
      [],
      [
        0,
        1,
        2,
        3,
        4,
        5,
        6,
        8
      ],
      [
        1,
        3,
        5,
        6
      ]
    ],
    "right": [
      [],
      [
        0,
        2,
        4,
        5,
        6
      ],
      [
        0
      ],
      [
        0,
        1,
        2,
        4,
        5,
        6,
        7
      ],
      [
        0,
        2,
        5,
        6
      ],
      [
        0,
        2,
        6
      ],
      [
        0
      ],
      [
        0,
        1,
        2,
        4,
        5,
        6
      ],
      [
        0,
        1,
        2,
        3,
        4,
        5,
        6,
        7
      ]
    ]
  },
  "objects": [
    {
      "pixel_coords": [
        243,
        143,
        24.179519653320312
      ],
      "3d_coords": [
        4.867795944213867,
        3.9642751216888428,
        0.699999988079071
      ],
      "material": "metal",
      "rotation": 255.790771632235,
      "group": 0,
      "size": "large",
      "color": "purple",
      "shape": "cylinder"
    },
    {
      "pixel_coords": [
        164,
        72,
        28.523305892944336
      ],
      "3d_coords": [
        -3.803295135498047,
        2.265353202819824,
        0.699999988079071
      ],
      "material": "metal",
      "rotation": 84.98929565340778,
      "group": 1,
      "size": "large",
      "color": "blue",
      "shape": "cylinder"
    },
    {
      "pixel_coords": [
        199,
        145,
        24.065664291381836
      ],
      "3d_coords": [
        3.670750379562378,
        1.166167974472046,
        0.699999988079071
      ],
      "material": "metal",
      "rotation": 27.592472562251714,
      "group": 2,
      "size": "large",
      "color": "red",
      "shape": "cylinder"
    },
    {
      "pixel_coords": [
        129,
        75,
        28.317522048950195
      ],
      "3d_coords": [
        -4.7748847007751465,
        -0.4130837917327881,
        0.699999988079071
      ],
      "material": "metal",
      "rotation": 178.0165474605235,
      "group": 3,
      "size": "large",
      "color": "cyan",
      "shape": "cylinder"
    },
    {
      "pixel_coords": [
        152,
        169,
        22.893474578857422
      ],
      "3d_coords": [
        3.907041311264038,
        -2.573777675628662,
        0.699999988079071
      ],
      "material": "metal",
      "rotation": 111.73241747811272,
      "group": 4,
      "size": "large",
      "color": "green",
      "shape": "cylinder"
    },
    {
      "pixel_coords": [
        203,
        93,
        27.102842330932617
      ],
      "3d_coords": [
        -0.40965592861175537,
        3.934767484664917,
        0.699999988079071
      ],
      "material": "metal",
      "rotation": 26.767602073729847,
      "group": 0,
      "size": "large",
      "color": "purple",
      "shape": "cylinder"
    },
    {
      "pixel_coords": [
        216,
        67,
        28.928544998168945
      ],
      "3d_coords": [
        -2.4558515548706055,
        6.4105224609375,
        0.699999988079071
      ],
      "material": "metal",
      "rotation": 293.2450517743881,
      "group": 5,
      "size": "large",
      "color": "yellow",
      "shape": "cylinder"
    },
    {
      "pixel_coords": [
        101,
        179,
        22.416160583496094
      ],
      "3d_coords": [
        3.14221453666687,
        -5.815125942230225,
        0.699999988079071
      ],
      "material": "metal",
      "rotation": 345.0409873290119,
      "group": 6,
      "size": "large",
      "color": "gray",
      "shape": "cylinder"
    },
    {
      "pixel_coords": [
        85,
        106,
        26.267805099487305
      ],
      "3d_coords": [
        -3.2214114665985107,
        -4.677059650421143,
        0.699999988079071
      ],
      "material": "metal",
      "rotation": 121.50885612522465,
      "group": 3,
      "size": "large",
      "color": "cyan",
      "shape": "cylinder"
    }
  ]
}