{
  "image_index": 119,
  "directions": {
    "front": [
      0.754490315914154,
      -0.6563112735748291,
      -0.0
    ],
    "above": [
      0.0,
      0.0,
      1.0
    ],
    "right": [
      0.6563112735748291,
      0.7544902563095093,
      -0.0
    ],
    "below": [
      -0.0,
      -0.0,
      -1.0
    ],
    "left": [
      -0.6563112735748291,
      -0.7544902563095093,
      0.0
    ],
    "behind": [
      -0.754490315914154,
      0.6563112735748291,
      0.0
    ]
  },
  "split": "new",
  "image_filename": "CLEVR_new_000119.png",
  "relationships": {
    "front": [
      [
        1,
        2
      ],
      [
        2
      ],
      [],
      [
        0,
        1,
        2
      ],
      [
        0,
        1,
        2,
        3
      ],
      [
        0,
        1,
        2,
        3,
        4
      ]
    ],
    "left": [
      [
        2,
        3,
        4,
        5
      ],
      [
        0,
        2,
        3,
        4,
        5
      ],
      [
        3
      ],
      [],
      [
        2,
        3
      ],
      [
        2,
        3,
        4
      ]
    ],
    "behind": [
      [
        3,
        4,
        5
      ],
      [
        0,
        3,
        4,
        5
      ],
      [
        0,
        1,
        3,
        4,
        5
      ],
      [
        4,
        5
      ],
      [
        5
      ],
      []
    ],
    "right": [
      [
        1
      ],
      [],
      [
        0,
        1,
        4,
        5
      ],
      [
        0,
        1,
        2,
        4,
        5
      ],
      [
        0,
        1,
        5
      ],
      [
        0,
        1
      ]
    ]
  },
  "objects": [
    {
      "pixel_coords": [
        272,
        123,
        24.96202278137207
      ],
      "3d_coords": [
        4.355185508728027,
        6.764978408813477,
        0.699999988079071
      ],
      "material": "metal",
      "rotation": 35.60904402102002,
      "group": 0,
      "size": "large",
      "color": "green",
      "shape": "sphere"
    },
    {
      "pixel_coords": [
        296,
        151,
        23.509780883789062
      ],
      "3d_coords": [
        6.979639530181885,
        6.661900043487549,
        0.699999988079071
      ],
      "material": "metal",
      "rotation": 293.51754899798016,
      "group": 0,
      "size": "large",
      "color": "green",
      "shape": "sphere"
    },
    {
      "pixel_coords": [
        114,
        234,
        20.058696746826172
      ],
      "3d_coords": [
        6.621253490447998,
        -6.3622660636901855,
        0.699999988079071
      ],
      "material": "rubber",
      "rotation": 293.6550882907133,
      "group": 1,
      "size": "large",
      "color": "green",
      "shape": "sphere"
    },
    {
      "pixel_coords": [
        124,
        58,
        29.038414001464844
      ],
      "3d_coords": [
        -6.639333248138428,
        0.024851137772202492,
        0.699999988079071
      ],
      "material": "metal",
      "rotation": 118.11534025785622,
      "group": 0,
      "size": "large",
      "color": "green",
      "shape": "sphere"
    },
    {
      "pixel_coords": [
        190,
        62,
        28.790546417236328
      ],
      "3d_coords": [
        -3.760892868041992,
        4.716802597045898,
        0.699999988079071
      ],
      "material": "rubber",
      "rotation": 169.52441989320425,
      "group": 1,
      "size": "large",
      "color": "green",
      "shape": "sphere"
    },
    {
      "pixel_coords": [
        208,
        48,
        29.83966827392578
      ],
      "3d_coords": [
        -4.523782730102539,
        6.9867682456970215,
        0.699999988079071
      ],
      "material": "metal",
      "rotation": 226.8943318249783,
      "group": 0,
      "size": "large",
      "color": "green",
      "shape": "sphere"
    }
  ]
}