{
  "image_index": 95,
  "directions": {
    "front": [
      0.754490315914154,
      -0.6563112735748291,
      -0.0
    ],
    "above": [
      0.0,
      0.0,
      1.0
    ],
    "right": [
      0.6563112735748291,
      0.7544902563095093,
      -0.0
    ],
    "below": [
      -0.0,
      -0.0,
      -1.0
    ],
    "left": [
      -0.6563112735748291,
      -0.7544902563095093,
      0.0
    ],
    "behind": [
      -0.754490315914154,
      0.6563112735748291,
      0.0
    ]
  },
  "split": "new",
  "image_filename": "CLEVR_new_000095.png",
  "relationships": {
    "front": [
      [
        4,
        5,
        6
      ],
      [
        0,
        4,
        5,
        6
      ],
      [
        0,
        1,
        4,
        5,
        6
      ],
      [
        0,
        1,
        2,
        4,
        5,
        6
      ],
      [],
      [
        4,
        6
      ],
      [
        4
      ]
    ],
    "left": [
      [
        5
      ],
      [
        0,
        2,
        3,
        4,
        5
      ],
      [
        0,
        5
      ],
      [
        0,
        2,
        4,
        5
      ],
      [
        0,
        2,
        5
      ],
      [],
      [
        0,
        2,
        3,
        4,
        5
      ]
    ],
    "behind": [
      [
        1,
        2,
        3
      ],
      [
        2,
        3
      ],
      [
        3
      ],
      [],
      [
        0,
        1,
        2,
        3,
        5,
        6
      ],
      [
        0,
        1,
        2,
        3
      ],
      [
        0,
        1,
        2,
        3,
        5
      ]
    ],
    "right": [
      [
        1,
        2,
        3,
        4,
        6
      ],
      [],
      [
        1,
        3,
        4,
        6
      ],
      [
        1,
        6
      ],
      [
        1,
        3,
        6
      ],
      [
        0,
        1,
        2,
        3,
        4,
        6
      ],
      []
    ]
  },
  "objects": [
    {
      "pixel_coords": [
        87,
        115,
        25.56385040283203
      ],
      "3d_coords": [
        -2.3741097450256348,
        -4.747720241546631,
        0.699999988079071
      ],
      "material": "metal",
      "rotation": 331.63024425878126,
      "group": 0,
      "size": "large",
      "color": "yellow",
      "shape": "cylinder"
    },
    {
      "pixel_coords": [
        187,
        108,
        25.932863235473633
      ],
      "3d_coords": [
        0.3904544711112976,
        2.050283193588257,
        0.699999988079071
      ],
      "material": "metal",
      "rotation": 80.16005842939009,
      "group": 1,
      "size": "large",
      "color": "blue",
      "shape": "cylinder"
    },
    {
      "pixel_coords": [
        111,
        91,
        26.9576473236084
      ],
      "3d_coords": [
        -3.73298978805542,
        -2.2956879138946533,
        0.699999988079071
      ],
      "material": "metal",
      "rotation": 35.37004993395895,
      "group": 1,
      "size": "large",
      "color": "blue",
      "shape": "cylinder"
    },
    {
      "pixel_coords": [
        181,
        60,
        28.963958740234375
      ],
      "3d_coords": [
        -4.236701011657715,
        4.0921735763549805,
        0.699999988079071
      ],
      "material": "metal",
      "rotation": 100.84084854543315,
      "group": 2,
      "size": "large",
      "color": "green",
      "shape": "cylinder"
    },
    {
      "pixel_coords": [
        122,
        228,
        20.523351669311523
      ],
      "3d_coords": [
        6.520130634307861,
        -5.782357692718506,
        0.699999988079071
      ],
      "material": "metal",
      "rotation": 6.26938347458295,
      "group": 1,
      "size": "large",
      "color": "blue",
      "shape": "cylinder"
    },
    {
      "pixel_coords": [
        61,
        133,
        24.589799880981445
      ],
      "3d_coords": [
        -1.6699697971343994,
        -6.944485187530518,
        0.699999988079071
      ],
      "material": "metal",
      "rotation": 327.9483782354015,
      "group": 1,
      "size": "large",
      "color": "blue",
      "shape": "cylinder"
    },
    {
      "pixel_coords": [
        155,
        218,
        20.867923736572266
      ],
      "3d_coords": [
        6.864513397216797,
        -3.837270736694336,
        0.699999988079071
      ],
      "material": "metal",
      "rotation": 252.6435236596788,
      "group": 0,
      "size": "large",
      "color": "yellow",
      "shape": "cylinder"
    }
  ]
}