{
  "image_index": 124,
  "directions": {
    "front": [
      0.754490315914154,
      -0.6563112735748291,
      -0.0
    ],
    "above": [
      0.0,
      0.0,
      1.0
    ],
    "right": [
      0.6563112735748291,
      0.7544902563095093,
      -0.0
    ],
    "below": [
      -0.0,
      -0.0,
      -1.0
    ],
    "left": [
      -0.6563112735748291,
      -0.7544902563095093,
      0.0
    ],
    "behind": [
      -0.754490315914154,
      0.6563112735748291,
      0.0
    ]
  },
  "split": "new",
  "image_filename": "CLEVR_new_000124.png",
  "relationships": {
    "front": [
      [
        2
      ],
      [
        0,
        2,
        5,
        6
      ],
      [],
      [
        0,
        1,
        2,
        4,
        5,
        6
      ],
      [
        0,
        1,
        2,
        5,
        6
      ],
      [
        0,
        2,
        6
      ],
      [
        0,
        2
      ]
    ],
    "left": [
      [
        5
      ],
      [
        0,
        5
      ],
      [
        0,
        1,
        3,
        4,
        5,
        6
      ],
      [
        0,
        1,
        4,
        5,
        6
      ],
      [
        0,
        1,
        5
      ],
      [],
      [
        0,
        1,
        5
      ]
    ],
    "behind": [
      [
        1,
        3,
        4,
        5,
        6
      ],
      [
        3,
        4
      ],
      [
        0,
        1,
        3,
        4,
        5,
        6
      ],
      [],
      [
        3
      ],
      [
        1,
        3,
        4
      ],
      [
        1,
        3,
        4,
        5
      ]
    ],
    "right": [
      [
        1,
        2,
        3,
        4,
        6
      ],
      [
        2,
        3,
        4,
        6
      ],
      [],
      [
        2
      ],
      [
        2,
        3
      ],
      [
        0,
        1,
        2,
        3,
        4,
        6
      ],
      [
        2,
        3
      ]
    ]
  },
  "objects": [
    {
      "pixel_coords": [
        52,
        100,
        26.62718391418457
      ],
      "3d_coords": [
        -4.9546613693237305,
        -6.732738018035889,
        0.699999988079071
      ],
      "material": "metal",
      "rotation": 108.65330646833665,
      "group": 0,
      "size": "large",
      "color": "green",
      "shape": "sphere"
    },
    {
      "pixel_coords": [
        80,
        80,
        27.83854866027832
      ],
      "3d_coords": [
        -5.928906440734863,
        -4.155282974243164,
        0.699999988079071
      ],
      "material": "metal",
      "rotation": 352.23279272229087,
      "group": 0,
      "size": "large",
      "color": "green",
      "shape": "sphere"
    },
    {
      "pixel_coords": [
        220,
        159,
        23.549793243408203
      ],
      "3d_coords": [
        5.182350158691406,
        1.9088878631591797,
        0.699999988079071
      ],
      "material": "rubber",
      "rotation": 309.6405144804341,
      "group": 1,
      "size": "large",
      "color": "green",
      "shape": "sphere"
    },
    {
      "pixel_coords": [
        198,
        44,
        30.40427589416504
      ],
      "3d_coords": [
        -5.402622699737549,
        6.437968730926514,
        0.699999988079071
      ],
      "material": "rubber",
      "rotation": 40.46947620064025,
      "group": 1,
      "size": "large",
      "color": "green",
      "shape": "sphere"
    },
    {
      "pixel_coords": [
        180,
        57,
        29.444992065429688
      ],
      "3d_coords": [
        -4.688539505004883,
        4.283030986785889,
        0.699999988079071
      ],
      "material": "metal",
      "rotation": 110.59318767990855,
      "group": 0,
      "size": "large",
      "color": "green",
      "shape": "sphere"
    },
    {
      "pixel_coords": [
        44,
        85,
        27.53175163269043
      ],
      "3d_coords": [
        -6.695923805236816,
        -6.817783832550049,
        0.699999988079071
      ],
      "material": "rubber",
      "rotation": 11.813269670337792,
      "group": 1,
      "size": "large",
      "color": "green",
      "shape": "sphere"
    },
    {
      "pixel_coords": [
        163,
        111,
        25.986799240112305
      ],
      "3d_coords": [
        -0.17573952674865723,
        0.3576066195964813,
        0.699999988079071
      ],
      "material": "rubber",
      "rotation": 175.54895115791467,
      "group": 1,
      "size": "large",
      "color": "green",
      "shape": "sphere"
    }
  ]
}