{
  "image_index": 4,
  "directions": {
    "front": [
      0.754490315914154,
      -0.6563112735748291,
      -0.0
    ],
    "above": [
      0.0,
      0.0,
      1.0
    ],
    "right": [
      0.6563112735748291,
      0.7544902563095093,
      -0.0
    ],
    "below": [
      -0.0,
      -0.0,
      -1.0
    ],
    "left": [
      -0.6563112735748291,
      -0.7544902563095093,
      0.0
    ],
    "behind": [
      -0.754490315914154,
      0.6563112735748291,
      0.0
    ]
  },
  "split": "new",
  "image_filename": "CLEVR_new_000004.png",
  "relationships": {
    "front": [
      [
        1,
        2,
        3,
        4,
        5,
        6,
        7
      ],
      [
        3,
        7
      ],
      [
        3,
        7
      ],
      [
        7
      ],
      [
        1,
        2,
        3,
        5,
        6,
        7
      ],
      [
        1,
        2,
        3,
        6,
        7
      ],
      [
        1,
        2,
        3,
        7
      ],
      []
    ],
    "left": [
      [
        1,
        2,
        3,
        4,
        5,
        6,
        7
      ],
      [],
      [
        1,
        3,
        4,
        5,
        6,
        7
      ],
      [
        1
      ],
      [
        1,
        3,
        5,
        6,
        7
      ],
      [
        1,
        3
      ],
      [
        1,
        3,
        5,
        7
      ],
      [
        1,
        3,
        5
      ]
    ],
    "behind": [
      [],
      [
        0,
        4,
        5,
        6
      ],
      [
        0,
        4,
        5,
        6
      ],
      [
        0,
        1,
        2,
        4,
        5,
        6
      ],
      [
        0
      ],
      [
        0,
        4
      ],
      [
        0,
        4,
        5
      ],
      [
        0,
        1,
        2,
        3,
        4,
        5,
        6
      ]
    ],
    "right": [
      [],
      [
        0,
        2,
        3,
        4,
        5,
        6,
        7
      ],
      [
        0
      ],
      [
        0,
        2,
        4,
        5,
        6,
        7
      ],
      [
        0,
        2
      ],
      [
        0,
        2,
        4,
        6,
        7
      ],
      [
        0,
        2,
        4
      ],
      [
        0,
        2,
        4,
        6
      ]
    ]
  },
  "objects": [
    {
      "pixel_coords": [
        193,
        63,
        28.71619987487793
      ],
      "3d_coords": [
        -3.5006515979766846,
        4.804433345794678,
        0.699999988079071
      ],
      "material": "rubber",
      "rotation": 239.35589101358119,
      "group": 0,
      "size": "large",
      "color": "gray",
      "shape": "cube"
    },
    {
      "pixel_coords": [
        71,
        90,
        26.959125518798828
      ],
      "3d_coords": [
        -5.216303825378418,
        -5.0724778175354,
        0.699999988079071
      ],
      "material": "rubber",
      "rotation": 125.17173240496328,
      "group": 1,
      "size": "large",
      "color": "red",
      "shape": "cube"
    },
    {
      "pixel_coords": [
        170,
        109,
        25.841320037841797
      ],
      "3d_coords": [
        -0.15399694442749023,
        0.8702177405357361,
        0.699999988079071
      ],
      "material": "rubber",
      "rotation": 227.52695090585155,
      "group": 2,
      "size": "large",
      "color": "cyan",
      "shape": "cube"
    },
    {
      "pixel_coords": [
        68,
        111,
        25.720727920532227
      ],
      "3d_coords": [
        -3.3352792263031006,
        -5.89420747756958,
        0.699999988079071
      ],
      "material": "rubber",
      "rotation": 248.11792350071383,
      "group": 0,
      "size": "large",
      "color": "gray",
      "shape": "cube"
    },
    {
      "pixel_coords": [
        159,
        90,
        26.95490074157715
      ],
      "3d_coords": [
        -2.153675079345703,
        0.996719479560852,
        0.699999988079071
      ],
      "material": "rubber",
      "rotation": 136.61446414663115,
      "group": 0,
      "size": "large",
      "color": "gray",
      "shape": "cube"
    },
    {
      "pixel_coords": [
        128,
        91,
        26.919755935668945
      ],
      "3d_coords": [
        -3.166804075241089,
        -1.1455152034759521,
        0.699999988079071
      ],
      "material": "rubber",
      "rotation": 346.9269617617143,
      "group": 2,
      "size": "large",
      "color": "cyan",
      "shape": "cube"
    },
    {
      "pixel_coords": [
        142,
        99,
        26.426773071289062
      ],
      "3d_coords": [
        -1.9358280897140503,
        -0.5146576762199402,
        0.699999988079071
      ],
      "material": "rubber",
      "rotation": 290.1104254894084,
      "group": 3,
      "size": "large",
      "color": "brown",
      "shape": "cube"
    },
    {
      "pixel_coords": [
        117,
        154,
        23.47444725036621
      ],
      "3d_coords": [
        1.721226453781128,
        -4.117282390594482,
        0.699999988079071
      ],
      "material": "rubber",
      "rotation": 157.8676498303273,
      "group": 2,
      "size": "large",
      "color": "cyan",
      "shape": "cube"
    }
  ]
}