{
  "image_index": 151,
  "directions": {
    "front": [
      0.754490315914154,
      -0.6563112735748291,
      -0.0
    ],
    "above": [
      0.0,
      0.0,
      1.0
    ],
    "right": [
      0.6563112735748291,
      0.7544902563095093,
      -0.0
    ],
    "below": [
      -0.0,
      -0.0,
      -1.0
    ],
    "left": [
      -0.6563112735748291,
      -0.7544902563095093,
      0.0
    ],
    "behind": [
      -0.754490315914154,
      0.6563112735748291,
      0.0
    ]
  },
  "split": "new",
  "image_filename": "CLEVR_new_000151.png",
  "relationships": {
    "front": [
      [
        1,
        2,
        3,
        4,
        5,
        6
      ],
      [
        3,
        4,
        6
      ],
      [
        1,
        3,
        4,
        5,
        6
      ],
      [
        4
      ],
      [],
      [
        1,
        3,
        4,
        6
      ],
      [
        3,
        4
      ]
    ],
    "left": [
      [
        1,
        3,
        4,
        5,
        6
      ],
      [
        3,
        4,
        5,
        6
      ],
      [
        0,
        1,
        3,
        4,
        5,
        6
      ],
      [
        5,
        6
      ],
      [
        3,
        5,
        6
      ],
      [],
      [
        5
      ]
    ],
    "behind": [
      [],
      [
        0,
        2,
        5
      ],
      [
        0
      ],
      [
        0,
        1,
        2,
        5,
        6
      ],
      [
        0,
        1,
        2,
        3,
        5,
        6
      ],
      [
        0,
        2
      ],
      [
        0,
        1,
        2,
        5
      ]
    ],
    "right": [
      [
        2
      ],
      [
        0,
        2
      ],
      [],
      [
        0,
        1,
        2,
        4
      ],
      [
        0,
        1,
        2
      ],
      [
        0,
        1,
        2,
        3,
        4,
        6
      ],
      [
        0,
        1,
        2,
        3,
        4
      ]
    ]
  },
  "objects": [
    {
      "pixel_coords": [
        206,
        55,
        29.857646942138672
      ],
      "3d_coords": [
        -4.0415449142456055,
        6.468268394470215,
        0.699999988079071
      ],
      "material": "metal",
      "rotation": 99.85084409247067,
      "group": 0,
      "size": "large",
      "color": "yellow",
      "shape": "cylinder"
    },
    {
      "pixel_coords": [
        172,
        165,
        23.128414154052734
      ],
      "3d_coords": [
        4.197751045227051,
        -1.2890092134475708,
        0.699999988079071
      ],
      "material": "metal",
      "rotation": 112.65011974777636,
      "group": 0,
      "size": "large",
      "color": "yellow",
      "shape": "cylinder"
    },
    {
      "pixel_coords": [
        239,
        109,
        26.111501693725586
      ],
      "3d_coords": [
        2.245290994644165,
        5.450631618499756,
        0.699999988079071
      ],
      "material": "metal",
      "rotation": 298.46617653010566,
      "group": 0,
      "size": "large",
      "color": "yellow",
      "shape": "cylinder"
    },
    {
      "pixel_coords": [
        104,
        197,
        21.69854736328125
      ],
      "3d_coords": [
        4.313573837280273,
        -6.111680507659912,
        0.699999988079071
      ],
      "material": "rubber",
      "rotation": 299.28004108496583,
      "group": 1,
      "size": "large",
      "color": "yellow",
      "shape": "cylinder"
    },
    {
      "pixel_coords": [
        122,
        225,
        20.607894897460938
      ],
      "3d_coords": [
        6.432133197784424,
        -5.848365306854248,
        0.699999988079071
      ],
      "material": "rubber",
      "rotation": 256.0114388101122,
      "group": 1,
      "size": "large",
      "color": "yellow",
      "shape": "cylinder"
    },
    {
      "pixel_coords": [
        83,
        132,
        24.79713249206543
      ],
      "3d_coords": [
        -1.057153344154358,
        -5.601258277893066,
        0.699999988079071
      ],
      "material": "rubber",
      "rotation": 237.53529565781542,
      "group": 1,
      "size": "large",
      "color": "yellow",
      "shape": "cylinder"
    },
    {
      "pixel_coords": [
        100,
        173,
        22.746055603027344
      ],
      "3d_coords": [
        2.601986885070801,
        -5.737115859985352,
        0.699999988079071
      ],
      "material": "metal",
      "rotation": 54.04643695553886,
      "group": 0,
      "size": "large",
      "color": "yellow",
      "shape": "cylinder"
    }
  ]
}