{
  "image_index": 92,
  "directions": {
    "front": [
      0.754490315914154,
      -0.6563112735748291,
      -0.0
    ],
    "above": [
      0.0,
      0.0,
      1.0
    ],
    "right": [
      0.6563112735748291,
      0.7544902563095093,
      -0.0
    ],
    "below": [
      -0.0,
      -0.0,
      -1.0
    ],
    "left": [
      -0.6563112735748291,
      -0.7544902563095093,
      0.0
    ],
    "behind": [
      -0.754490315914154,
      0.6563112735748291,
      0.0
    ]
  },
  "split": "new",
  "image_filename": "CLEVR_new_000092.png",
  "relationships": {
    "front": [
      [
        2,
        3,
        5,
        8
      ],
      [
        0,
        2,
        3,
        4,
        5,
        8
      ],
      [
        5,
        8
      ],
      [
        2,
        5,
        8
      ],
      [
        2,
        3,
        5,
        8
      ],
      [
        8
      ],
      [
        0,
        1,
        2,
        3,
        4,
        5,
        7,
        8
      ],
      [
        0,
        2,
        3,
        4,
        5,
        8
      ],
      []
    ],
    "left": [
      [],
      [
        0,
        4,
        5,
        7,
        8
      ],
      [
        0,
        1,
        4,
        5,
        7,
        8
      ],
      [
        0,
        1,
        2,
        4,
        5,
        6,
        7,
        8
      ],
      [
        0,
        7
      ],
      [
        0,
        4,
        7,
        8
      ],
      [
        0,
        1,
        2,
        4,
        5,
        7,
        8
      ],
      [
        0
      ],
      [
        0,
        4,
        7
      ]
    ],
    "behind": [
      [
        1,
        6,
        7
      ],
      [
        6
      ],
      [
        0,
        1,
        3,
        4,
        6,
        7
      ],
      [
        0,
        1,
        4,
        6,
        7
      ],
      [
        1,
        6,
        7
      ],
      [
        0,
        1,
        2,
        3,
        4,
        6,
        7
      ],
      [],
      [
        6
      ],
      [
        0,
        1,
        2,
        3,
        4,
        5,
        6,
        7
      ]
    ],
    "right": [
      [
        1,
        2,
        3,
        4,
        5,
        6,
        7,
        8
      ],
      [
        2,
        3,
        6
      ],
      [
        3,
        6
      ],
      [],
      [
        1,
        2,
        3,
        5,
        6,
        8
      ],
      [
        1,
        2,
        3,
        6
      ],
      [
        3
      ],
      [
        1,
        2,
        3,
        4,
        5,
        6,
        8
      ],
      [
        1,
        2,
        3,
        5,
        6
      ]
    ]
  },
  "objects": [
    {
      "pixel_coords": [
        63,
        85,
        28.297338485717773
      ],
      "3d_coords": [
        -6.297283172607422,
        -5.55626916885376,
        0.699999988079071
      ],
      "material": "rubber",
      "rotation": 315.146540172151,
      "group": 0,
      "size": "large",
      "color": "blue",
      "shape": "cube"
    },
    {
      "pixel_coords": [
        192,
        103,
        27.117448806762695
      ],
      "3d_coords": [
        0.10196355730295181,
        2.711752414703369,
        0.699999988079071
      ],
      "material": "rubber",
      "rotation": 29.046598431829448,
      "group": 1,
      "size": "large",
      "color": "blue",
      "shape": "cone"
    },
    {
      "pixel_coords": [
        178,
        202,
        22.04988670349121
      ],
      "3d_coords": [
        6.848033905029297,
        -2.2293105125427246,
        0.699999988079071
      ],
      "material": "rubber",
      "rotation": 244.80506769484145,
      "group": 2,
      "size": "large",
      "color": "blue",
      "shape": "cylinder"
    },
    {
      "pixel_coords": [
        272,
        145,
        24.730276107788086
      ],
      "3d_coords": [
        6.046356201171875,
        5.780492782592773,
        0.699999988079071
      ],
      "material": "rubber",
      "rotation": 333.6637513523531,
      "group": 1,
      "size": "large",
      "color": "blue",
      "shape": "cone"
    },
    {
      "pixel_coords": [
        110,
        94,
        27.67135238647461
      ],
      "3d_coords": [
        -3.6412484645843506,
        -2.611295700073242,
        0.699999988079071
      ],
      "material": "rubber",
      "rotation": 276.2218209978383,
      "group": 0,
      "size": "large",
      "color": "blue",
      "shape": "cube"
    },
    {
      "pixel_coords": [
        117,
        191,
        22.514320373535156
      ],
      "3d_coords": [
        4.39655876159668,
        -5.352283477783203,
        0.699999988079071
      ],
      "material": "rubber",
      "rotation": 4.852298021153447,
      "group": 3,
      "size": "large",
      "color": "blue",
      "shape": "sphere"
    },
    {
      "pixel_coords": [
        238,
        100,
        27.27458953857422
      ],
      "3d_coords": [
        1.5290782451629639,
        6.056704521179199,
        0.699999988079071
      ],
      "material": "rubber",
      "rotation": 295.7383310466727,
      "group": 1,
      "size": "large",
      "color": "blue",
      "shape": "cone"
    },
    {
      "pixel_coords": [
        88,
        85,
        28.250173568725586
      ],
      "3d_coords": [
        -5.317986965179443,
        -3.8145337104797363,
        0.699999988079071
      ],
      "material": "rubber",
      "rotation": 252.35528886822394,
      "group": 3,
      "size": "large",
      "color": "blue",
      "shape": "sphere"
    },
    {
      "pixel_coords": [
        102,
        200,
        22.13835906982422
      ],
      "3d_coords": [
        4.516952991485596,
        -6.460264682769775,
        0.699999988079071
      ],
      "material": "rubber",
      "rotation": 171.80982480089995,
      "group": 3,
      "size": "large",
      "color": "blue",
      "shape": "sphere"
    }
  ]
}