{
  "image_index": 139,
  "directions": {
    "front": [
      0.754490315914154,
      -0.6563112735748291,
      -0.0
    ],
    "above": [
      0.0,
      0.0,
      1.0
    ],
    "right": [
      0.6563112735748291,
      0.7544902563095093,
      -0.0
    ],
    "below": [
      -0.0,
      -0.0,
      -1.0
    ],
    "left": [
      -0.6563112735748291,
      -0.7544902563095093,
      0.0
    ],
    "behind": [
      -0.754490315914154,
      0.6563112735748291,
      0.0
    ]
  },
  "split": "new",
  "image_filename": "CLEVR_new_000139.png",
  "relationships": {
    "front": [
      [
        1,
        3
      ],
      [],
      [
        0,
        1,
        3
      ],
      [
        1
      ],
      [
        0,
        1,
        3
      ],
      [
        0,
        1,
        2,
        3,
        4
      ]
    ],
    "left": [
      [
        1,
        2
      ],
      [
        2
      ],
      [],
      [
        0,
        1,
        2,
        4,
        5
      ],
      [
        0,
        1,
        2,
        5
      ],
      [
        0,
        1,
        2
      ]
    ],
    "behind": [
      [
        2,
        4,
        5
      ],
      [
        0,
        2,
        3,
        4,
        5
      ],
      [
        5
      ],
      [
        0,
        2,
        4,
        5
      ],
      [
        5
      ],
      []
    ],
    "right": [
      [
        3,
        4,
        5
      ],
      [
        0,
        3,
        4,
        5
      ],
      [
        0,
        1,
        3,
        4,
        5
      ],
      [],
      [
        3
      ],
      [
        3,
        4
      ]
    ]
  },
  "objects": [
    {
      "pixel_coords": [
        122,
        98,
        26.95708656311035
      ],
      "3d_coords": [
        -2.753025531768799,
        -1.864116907119751,
        0.699999988079071
      ],
      "material": "metal",
      "rotation": 134.3322775885749,
      "group": 0,
      "size": "large",
      "color": "blue",
      "shape": "sphere"
    },
    {
      "pixel_coords": [
        86,
        149,
        24.164159774780273
      ],
      "3d_coords": [
        0.30899250507354736,
        -5.934079170227051,
        0.699999988079071
      ],
      "material": "metal",
      "rotation": 158.77972475064198,
      "group": 1,
      "size": "large",
      "color": "gray",
      "shape": "sphere"
    },
    {
      "pixel_coords": [
        107,
        89,
        27.524944305419922
      ],
      "3d_coords": [
        -4.176130294799805,
        -2.5481598377227783,
        0.699999988079071
      ],
      "material": "metal",
      "rotation": 60.67222274211055,
      "group": 0,
      "size": "large",
      "color": "blue",
      "shape": "sphere"
    },
    {
      "pixel_coords": [
        222,
        161,
        23.603437423706055
      ],
      "3d_coords": [
        5.458805561065674,
        1.8118072748184204,
        0.699999988079071
      ],
      "material": "metal",
      "rotation": 354.6726600456135,
      "group": 2,
      "size": "large",
      "color": "green",
      "shape": "sphere"
    },
    {
      "pixel_coords": [
        226,
        111,
        26.204139709472656
      ],
      "3d_coords": [
        2.0200798511505127,
        4.492434024810791,
        0.699999988079071
      ],
      "material": "metal",
      "rotation": 350.60386648944916,
      "group": 3,
      "size": "large",
      "color": "brown",
      "shape": "sphere"
    },
    {
      "pixel_coords": [
        216,
        95,
        27.175933837890625
      ],
      "3d_coords": [
        0.34635916352272034,
        4.76000452041626,
        0.699999988079071
      ],
      "material": "metal",
      "rotation": 179.02849835303985,
      "group": 4,
      "size": "large",
      "color": "red",
      "shape": "sphere"
    }
  ]
}