{
  "image_index": 147,
  "directions": {
    "front": [
      0.754490315914154,
      -0.6563112735748291,
      -0.0
    ],
    "above": [
      0.0,
      0.0,
      1.0
    ],
    "right": [
      0.6563112735748291,
      0.7544902563095093,
      -0.0
    ],
    "below": [
      -0.0,
      -0.0,
      -1.0
    ],
    "left": [
      -0.6563112735748291,
      -0.7544902563095093,
      0.0
    ],
    "behind": [
      -0.754490315914154,
      0.6563112735748291,
      0.0
    ]
  },
  "split": "new",
  "image_filename": "CLEVR_new_000147.png",
  "relationships": {
    "front": [
      [
        1,
        2,
        3,
        4,
        5,
        6,
        7,
        8,
        9
      ],
      [
        3,
        7,
        9
      ],
      [
        1,
        3,
        7,
        9
      ],
      [],
      [
        1,
        2,
        3,
        5,
        6,
        7,
        8,
        9
      ],
      [
        1,
        2,
        3,
        6,
        7,
        8,
        9
      ],
      [
        1,
        2,
        3,
        7,
        8,
        9
      ],
      [
        3,
        9
      ],
      [
        1,
        3,
        7,
        9
      ],
      [
        3
      ]
    ],
    "left": [
      [
        1,
        2,
        3,
        5,
        6,
        8,
        9
      ],
      [],
      [
        1,
        5
      ],
      [
        1,
        2,
        5
      ],
      [
        0,
        1,
        2,
        3,
        5,
        6,
        8,
        9
      ],
      [
        1
      ],
      [
        1,
        2,
        3,
        5,
        8,
        9
      ],
      [
        0,
        1,
        2,
        3,
        4,
        5,
        6,
        8,
        9
      ],
      [
        1,
        2,
        3,
        5,
        9
      ],
      [
        1,
        2,
        5
      ]
    ],
    "behind": [
      [],
      [
        0,
        2,
        4,
        5,
        6,
        8
      ],
      [
        0,
        4,
        5,
        6
      ],
      [
        0,
        1,
        2,
        4,
        5,
        6,
        7,
        8,
        9
      ],
      [
        0
      ],
      [
        0,
        4
      ],
      [
        0,
        4,
        5
      ],
      [
        0,
        1,
        2,
        4,
        5,
        6,
        8
      ],
      [
        0,
        4,
        5,
        6
      ],
      [
        0,
        1,
        2,
        4,
        5,
        6,
        7,
        8
      ]
    ],
    "right": [
      [
        4,
        7
      ],
      [
        0,
        2,
        3,
        4,
        5,
        6,
        7,
        8,
        9
      ],
      [
        0,
        3,
        4,
        6,
        7,
        8,
        9
      ],
      [
        0,
        4,
        6,
        7,
        8
      ],
      [
        7
      ],
      [
        0,
        2,
        3,
        4,
        6,
        7,
        8,
        9
      ],
      [
        0,
        4,
        7
      ],
      [],
      [
        0,
        4,
        6,
        7
      ],
      [
        0,
        4,
        6,
        7,
        8
      ]
    ]
  },
  "objects": [
    {
      "pixel_coords": [
        208,
        84,
        27.608604431152344
      ],
      "3d_coords": [
        -1.109965205192566,
        4.6708455085754395,
        0.699999988079071
      ],
      "material": "metal",
      "rotation": 78.9492550687826,
      "group": 0,
      "size": "large",
      "color": "red",
      "shape": "cylinder"
    },
    {
      "pixel_coords": [
        74,
        123,
        25.283653259277344
      ],
      "3d_coords": [
        -1.8883912563323975,
        -5.946290969848633,
        0.699999988079071
      ],
      "material": "rubber",
      "rotation": 205.2890966205263,
      "group": 1,
      "size": "large",
      "color": "red",
      "shape": "cylinder"
    },
    {
      "pixel_coords": [
        127,
        130,
        24.893468856811523
      ],
      "3d_coords": [
        0.3430052697658539,
        -2.72165584564209,
        0.699999988079071
      ],
      "material": "rubber",
      "rotation": 44.333815904366496,
      "group": 1,
      "size": "large",
      "color": "red",
      "shape": "cylinder"
    },
    {
      "pixel_coords": [
        158,
        183,
        22.391590118408203
      ],
      "3d_coords": [
        5.012907981872559,
        -2.473191976547241,
        0.699999988079071
      ],
      "material": "rubber",
      "rotation": 202.73459938451447,
      "group": 1,
      "size": "large",
      "color": "red",
      "shape": "cylinder"
    },
    {
      "pixel_coords": [
        229,
        95,
        26.953210830688477
      ],
      "3d_coords": [
        0.5471435189247131,
        5.65535306930542,
        0.699999988079071
      ],
      "material": "rubber",
      "rotation": 183.60473680843077,
      "group": 1,
      "size": "large",
      "color": "red",
      "shape": "cylinder"
    },
    {
      "pixel_coords": [
        122,
        109,
        26.10984992980957
      ],
      "3d_coords": [
        -1.6884193420410156,
        -2.335836410522461,
        0.699999988079071
      ],
      "material": "metal",
      "rotation": 10.963161798929413,
      "group": 0,
      "size": "large",
      "color": "red",
      "shape": "cylinder"
    },
    {
      "pixel_coords": [
        191,
        132,
        24.80211639404297
      ],
      "3d_coords": [
        2.396243095397949,
        1.2779371738433838,
        0.699999988079071
      ],
      "material": "metal",
      "rotation": 309.43213398306233,
      "group": 0,
      "size": "large",
      "color": "red",
      "shape": "cylinder"
    },
    {
      "pixel_coords": [
        245,
        168,
        23.064605712890625
      ],
      "3d_coords": [
        6.447439193725586,
        3.163156032562256,
        0.699999988079071
      ],
      "material": "rubber",
      "rotation": 304.8065134064556,
      "group": 1,
      "size": "large",
      "color": "red",
      "shape": "cylinder"
    },
    {
      "pixel_coords": [
        183,
        143,
        24.251134872436523
      ],
      "3d_coords": [
        2.972184181213379,
        0.37356847524642944,
        0.699999988079071
      ],
      "material": "metal",
      "rotation": 83.92439908691,
      "group": 0,
      "size": "large",
      "color": "red",
      "shape": "cylinder"
    },
    {
      "pixel_coords": [
        168,
        158,
        23.5214900970459
      ],
      "3d_coords": [
        3.6038708686828613,
        -1.1017436981201172,
        0.699999988079071
      ],
      "material": "metal",
      "rotation": 110.59134243584441,
      "group": 0,
      "size": "large",
      "color": "red",
      "shape": "cylinder"
    }
  ]
}