{
  "image_index": 141,
  "directions": {
    "front": [
      0.754490315914154,
      -0.6563112735748291,
      -0.0
    ],
    "above": [
      0.0,
      0.0,
      1.0
    ],
    "right": [
      0.6563112735748291,
      0.7544902563095093,
      -0.0
    ],
    "below": [
      -0.0,
      -0.0,
      -1.0
    ],
    "left": [
      -0.6563112735748291,
      -0.7544902563095093,
      0.0
    ],
    "behind": [
      -0.754490315914154,
      0.6563112735748291,
      0.0
    ]
  },
  "split": "new",
  "image_filename": "CLEVR_new_000141.png",
  "relationships": {
    "front": [
      [
        1
      ],
      [],
      [
        0,
        1,
        3
      ],
      [
        0,
        1
      ],
      [
        0,
        1,
        2,
        3
      ],
      [
        0,
        1,
        2,
        3,
        4
      ]
    ],
    "left": [
      [
        1,
        2,
        3,
        5
      ],
      [
        2
      ],
      [],
      [
        1,
        2
      ],
      [
        0,
        1,
        2,
        3,
        5
      ],
      [
        1,
        2,
        3
      ]
    ],
    "behind": [
      [
        2,
        3,
        4,
        5
      ],
      [
        0,
        2,
        3,
        4,
        5
      ],
      [
        4,
        5
      ],
      [
        2,
        4,
        5
      ],
      [
        5
      ],
      []
    ],
    "right": [
      [
        4
      ],
      [
        0,
        3,
        4,
        5
      ],
      [
        0,
        1,
        3,
        4,
        5
      ],
      [
        0,
        4,
        5
      ],
      [],
      [
        0,
        4
      ]
    ]
  },
  "objects": [
    {
      "pixel_coords": [
        228,
        163,
        23.52988624572754
      ],
      "3d_coords": [
        5.723020076751709,
        2.323901891708374,
        0.699999988079071
      ],
      "material": "metal",
      "rotation": 203.19288466020194,
      "group": 0,
      "size": "large",
      "color": "brown",
      "shape": "cone"
    },
    {
      "pixel_coords": [
        106,
        139,
        24.71350860595703
      ],
      "3d_coords": [
        0.394392728805542,
        -4.426504611968994,
        0.699999988079071
      ],
      "material": "metal",
      "rotation": 89.11075017808162,
      "group": 1,
      "size": "large",
      "color": "green",
      "shape": "cone"
    },
    {
      "pixel_coords": [
        83,
        121,
        25.675180435180664
      ],
      "3d_coords": [
        -1.8069791793823242,
        -5.411614894866943,
        0.699999988079071
      ],
      "material": "metal",
      "rotation": 148.2788091210007,
      "group": 1,
      "size": "large",
      "color": "green",
      "shape": "cone"
    },
    {
      "pixel_coords": [
        139,
        138,
        24.754165649414062
      ],
      "3d_coords": [
        1.3491913080215454,
        -2.2525713443756104,
        0.699999988079071
      ],
      "material": "metal",
      "rotation": 308.517002858266,
      "group": 2,
      "size": "large",
      "color": "blue",
      "shape": "cone"
    },
    {
      "pixel_coords": [
        245,
        114,
        26.118408203125
      ],
      "3d_coords": [
        2.681830883026123,
        5.770620346069336,
        0.699999988079071
      ],
      "material": "metal",
      "rotation": 191.28327165059332,
      "group": 3,
      "size": "large",
      "color": "red",
      "shape": "cone"
    },
    {
      "pixel_coords": [
        165,
        87,
        27.788259506225586
      ],
      "3d_coords": [
        -2.3228604793548584,
        1.5604203939437866,
        0.699999988079071
      ],
      "material": "metal",
      "rotation": 64.00724900070064,
      "group": 3,
      "size": "large",
      "color": "red",
      "shape": "cone"
    }
  ]
}