{
  "image_index": 91,
  "directions": {
    "front": [
      0.754490315914154,
      -0.6563112735748291,
      -0.0
    ],
    "above": [
      0.0,
      0.0,
      1.0
    ],
    "right": [
      0.6563112735748291,
      0.7544902563095093,
      -0.0
    ],
    "below": [
      -0.0,
      -0.0,
      -1.0
    ],
    "left": [
      -0.6563112735748291,
      -0.7544902563095093,
      0.0
    ],
    "behind": [
      -0.754490315914154,
      0.6563112735748291,
      0.0
    ]
  },
  "split": "new",
  "image_filename": "CLEVR_new_000091.png",
  "relationships": {
    "front": [
      [
        2,
        4,
        5,
        8
      ],
      [
        0,
        2,
        4,
        5,
        7,
        8
      ],
      [],
      [
        0,
        1,
        2,
        4,
        5,
        7,
        8
      ],
      [
        2,
        5,
        8
      ],
      [
        2
      ],
      [
        0,
        1,
        2,
        3,
        4,
        5,
        7,
        8
      ],
      [
        2,
        4,
        5,
        8
      ],
      [
        2,
        5
      ]
    ],
    "left": [
      [
        4
      ],
      [
        0,
        2,
        3,
        4,
        5,
        6,
        7,
        8
      ],
      [
        0,
        3,
        4,
        5,
        6
      ],
      [
        0,
        4,
        5,
        6
      ],
      [],
      [
        0,
        4
      ],
      [
        0,
        4
      ],
      [
        0,
        3,
        4,
        5,
        6
      ],
      [
        0,
        2,
        3,
        4,
        5,
        6,
        7
      ]
    ],
    "behind": [
      [
        1,
        3,
        6
      ],
      [
        3,
        6
      ],
      [
        0,
        1,
        3,
        4,
        5,
        6,
        7,
        8
      ],
      [
        6
      ],
      [
        0,
        1,
        3,
        6,
        7
      ],
      [
        0,
        1,
        3,
        4,
        6,
        7,
        8
      ],
      [],
      [
        1,
        3,
        6
      ],
      [
        0,
        1,
        3,
        4,
        6,
        7
      ]
    ],
    "right": [
      [
        1,
        2,
        3,
        5,
        6,
        7,
        8
      ],
      [],
      [
        1,
        8
      ],
      [
        1,
        2,
        7,
        8
      ],
      [
        0,
        1,
        2,
        3,
        5,
        6,
        7,
        8
      ],
      [
        1,
        2,
        3,
        7,
        8
      ],
      [
        1,
        2,
        3,
        7,
        8
      ],
      [
        1,
        8
      ],
      [
        1
      ]
    ]
  },
  "objects": [
    {
      "pixel_coords": [
        132,
        98,
        27.116432189941406
      ],
      "3d_coords": [
        -2.4226956367492676,
        -1.1721034049987793,
        0.699999988079071
      ],
      "material": "rubber",
      "rotation": 201.64585801545428,
      "group": 0,
      "size": "large",
      "color": "green",
      "shape": "sphere"
    },
    {
      "pixel_coords": [
        241,
        112,
        26.22186279296875
      ],
      "3d_coords": [
        2.5440638065338135,
        5.504411220550537,
        0.699999988079071
      ],
      "material": "rubber",
      "rotation": 89.16527484156627,
      "group": 1,
      "size": "large",
      "color": "green",
      "shape": "cylinder"
    },
    {
      "pixel_coords": [
        208,
        138,
        24.729116439819336
      ],
      "3d_coords": [
        3.4855339527130127,
        2.0230536460876465,
        0.699999988079071
      ],
      "material": "rubber",
      "rotation": 293.9192527483468,
      "group": 2,
      "size": "large",
      "color": "green",
      "shape": "cone"
    },
    {
      "pixel_coords": [
        175,
        79,
        28.3846492767334
      ],
      "3d_coords": [
        -2.744744062423706,
        2.7366411685943604,
        0.699999988079071
      ],
      "material": "rubber",
      "rotation": 32.90796394285441,
      "group": 0,
      "size": "large",
      "color": "green",
      "shape": "sphere"
    },
    {
      "pixel_coords": [
        54,
        92,
        27.508689880371094
      ],
      "3d_coords": [
        -5.775740146636963,
        -6.438750267028809,
        0.699999988079071
      ],
      "material": "rubber",
      "rotation": 189.4195585467573,
      "group": 0,
      "size": "large",
      "color": "green",
      "shape": "sphere"
    },
    {
      "pixel_coords": [
        154,
        123,
        25.589597702026367
      ],
      "3d_coords": [
        0.529395580291748,
        -0.7738324403762817,
        0.699999988079071
      ],
      "material": "rubber",
      "rotation": 13.010975619563595,
      "group": 1,
      "size": "large",
      "color": "green",
      "shape": "cylinder"
    },
    {
      "pixel_coords": [
        174,
        63,
        29.593461990356445
      ],
      "3d_coords": [
        -4.501766204833984,
        3.5761187076568604,
        0.699999988079071
      ],
      "material": "rubber",
      "rotation": 126.3295817159526,
      "group": 1,
      "size": "large",
      "color": "green",
      "shape": "cylinder"
    },
    {
      "pixel_coords": [
        214,
        115,
        26.069442749023438
      ],
      "3d_coords": [
        1.85341477394104,
        3.582937240600586,
        0.699999988079071
      ],
      "material": "rubber",
      "rotation": 77.02848670078866,
      "group": 3,
      "size": "large",
      "color": "green",
      "shape": "cube"
    },
    {
      "pixel_coords": [
        222,
        129,
        25.21726417541504
      ],
      "3d_coords": [
        3.258528232574463,
        3.3224575519561768,
        0.699999988079071
      ],
      "material": "rubber",
      "rotation": 307.42280608295033,
      "group": 0,
      "size": "large",
      "color": "green",
      "shape": "sphere"
    }
  ]
}