{
  "image_index": 46,
  "directions": {
    "front": [
      0.754490315914154,
      -0.6563112735748291,
      -0.0
    ],
    "above": [
      0.0,
      0.0,
      1.0
    ],
    "right": [
      0.6563112735748291,
      0.7544902563095093,
      -0.0
    ],
    "below": [
      -0.0,
      -0.0,
      -1.0
    ],
    "left": [
      -0.6563112735748291,
      -0.7544902563095093,
      0.0
    ],
    "behind": [
      -0.754490315914154,
      0.6563112735748291,
      0.0
    ]
  },
  "split": "new",
  "image_filename": "CLEVR_new_000046.png",
  "relationships": {
    "front": [
      [
        2,
        3,
        5
      ],
      [
        2,
        3,
        5
      ],
      [],
      [],
      [
        0,
        1,
        2,
        3,
        5
      ],
      [
        2,
        3
      ]
    ],
    "left": [
      [],
      [
        0,
        3,
        5
      ],
      [
        0,
        1,
        3,
        4,
        5
      ],
      [],
      [
        0,
        1,
        3,
        5
      ],
      [
        0,
        3
      ]
    ],
    "behind": [
      [
        4
      ],
      [
        4
      ],
      [
        0,
        1,
        4,
        5
      ],
      [
        0,
        1,
        4,
        5
      ],
      [],
      [
        0,
        1,
        4
      ]
    ],
    "right": [
      [
        1,
        2,
        4,
        5
      ],
      [
        2,
        4
      ],
      [],
      [
        1,
        2,
        4,
        5
      ],
      [
        2
      ],
      [
        1,
        2,
        4
      ]
    ]
  },
  "objects": [
    {
      "pixel_coords": [
        107,
        69,
        28.703580856323242
      ],
      "3d_coords": [
        -6.130010604858398,
        -1.7898797988891602,
        0.699999988079071
      ],
      "material": "rubber",
      "rotation": 166.35554898877314,
      "group": 0,
      "size": "large",
      "color": "green",
      "shape": "cylinder"
    },
    {
      "pixel_coords": [
        176,
        83,
        27.771772384643555
      ],
      "3d_coords": [
        -2.23812198638916,
        2.520845890045166,
        0.699999988079071
      ],
      "material": "rubber",
      "rotation": 297.91820144461,
      "group": 1,
      "size": "large",
      "color": "green",
      "shape": "cube"
    },
    {
      "pixel_coords": [
        248,
        128,
        25.150869369506836
      ],
      "3d_coords": [
        3.9505300521850586,
        5.101542949676514,
        0.699999988079071
      ],
      "material": "rubber",
      "rotation": 43.998107314956194,
      "group": 1,
      "size": "large",
      "color": "green",
      "shape": "cube"
    },
    {
      "pixel_coords": [
        92,
        95,
        27.0137996673584
      ],
      "3d_coords": [
        -4.009077548980713,
        -3.875187635421753,
        0.699999988079071
      ],
      "material": "rubber",
      "rotation": 242.61701772831373,
      "group": 0,
      "size": "large",
      "color": "green",
      "shape": "cylinder"
    },
    {
      "pixel_coords": [
        190,
        82,
        27.86136245727539
      ],
      "3d_coords": [
        -1.8805415630340576,
        3.5742318630218506,
        0.699999988079071
      ],
      "material": "rubber",
      "rotation": 47.88525034465224,
      "group": 0,
      "size": "large",
      "color": "green",
      "shape": "cylinder"
    },
    {
      "pixel_coords": [
        132,
        98,
        26.858734130859375
      ],
      "3d_coords": [
        -2.374840497970581,
        -1.1788763999938965,
        0.699999988079071
      ],
      "material": "rubber",
      "rotation": 214.93021084914054,
      "group": 1,
      "size": "large",
      "color": "green",
      "shape": "cube"
    }
  ]
}