{
  "image_index": 164,
  "directions": {
    "front": [
      0.754490315914154,
      -0.6563112735748291,
      -0.0
    ],
    "above": [
      0.0,
      0.0,
      1.0
    ],
    "right": [
      0.6563112735748291,
      0.7544902563095093,
      -0.0
    ],
    "below": [
      -0.0,
      -0.0,
      -1.0
    ],
    "left": [
      -0.6563112735748291,
      -0.7544902563095093,
      0.0
    ],
    "behind": [
      -0.754490315914154,
      0.6563112735748291,
      0.0
    ]
  },
  "split": "new",
  "image_filename": "CLEVR_new_000164.png",
  "relationships": {
    "front": [
      [
        1,
        2,
        3,
        4,
        5,
        6,
        7,
        8
      ],
      [
        4,
        6,
        8
      ],
      [
        1,
        3,
        4,
        6,
        8
      ],
      [
        1,
        4,
        6,
        8
      ],
      [
        6
      ],
      [
        1,
        2,
        3,
        4,
        6,
        7,
        8
      ],
      [],
      [
        1,
        2,
        3,
        4,
        6,
        8
      ],
      [
        4,
        6
      ]
    ],
    "left": [
      [
        1,
        2
      ],
      [
        2
      ],
      [],
      [
        0,
        1,
        2,
        4,
        7
      ],
      [
        0,
        1,
        2,
        7
      ],
      [
        0,
        1,
        2,
        3,
        4,
        6,
        7,
        8
      ],
      [
        0,
        1,
        2,
        3,
        4,
        7
      ],
      [
        0,
        1,
        2
      ],
      [
        0,
        1,
        2,
        3,
        4,
        6,
        7
      ]
    ],
    "behind": [
      [],
      [
        0,
        2,
        3,
        5,
        7
      ],
      [
        0,
        5,
        7
      ],
      [
        0,
        2,
        5,
        7
      ],
      [
        0,
        1,
        2,
        3,
        5,
        7,
        8
      ],
      [
        0
      ],
      [
        0,
        1,
        2,
        3,
        4,
        5,
        7,
        8
      ],
      [
        0,
        5
      ],
      [
        0,
        1,
        2,
        3,
        5,
        7
      ]
    ],
    "right": [
      [
        3,
        4,
        5,
        6,
        7,
        8
      ],
      [
        0,
        3,
        4,
        5,
        6,
        7,
        8
      ],
      [
        0,
        1,
        3,
        4,
        5,
        6,
        7,
        8
      ],
      [
        5,
        6,
        8
      ],
      [
        3,
        5,
        6,
        8
      ],
      [],
      [
        5,
        8
      ],
      [
        3,
        4,
        5,
        6,
        8
      ],
      [
        5
      ]
    ]
  },
  "objects": [
    {
      "pixel_coords": [
        109,
        71,
        28.615930557250977
      ],
      "3d_coords": [
        -5.907793998718262,
        -1.693200945854187,
        0.699999988079071
      ],
      "material": "rubber",
      "rotation": 316.73463920351276,
      "group": 0,
      "size": "large",
      "color": "gray",
      "shape": "cylinder"
    },
    {
      "pixel_coords": [
        65,
        114,
        25.887065887451172
      ],
      "3d_coords": [
        -3.218290090560913,
        -6.2053141593933105,
        0.699999988079071
      ],
      "material": "metal",
      "rotation": 86.81259503408182,
      "group": 1,
      "size": "large",
      "color": "gray",
      "shape": "cylinder"
    },
    {
      "pixel_coords": [
        52,
        95,
        27.032102584838867
      ],
      "3d_coords": [
        -5.503682613372803,
        -6.587734222412109,
        0.699999988079071
      ],
      "material": "metal",
      "rotation": 250.98527604524594,
      "group": 1,
      "size": "large",
      "color": "gray",
      "shape": "cylinder"
    },
    {
      "pixel_coords": [
        134,
        122,
        25.39914894104004
      ],
      "3d_coords": [
        -0.20986518263816833,
        -2.040085792541504,
        0.699999988079071
      ],
      "material": "metal",
      "rotation": 283.1200877750331,
      "group": 1,
      "size": "large",
      "color": "gray",
      "shape": "cylinder"
    },
    {
      "pixel_coords": [
        100,
        145,
        24.180614471435547
      ],
      "3d_coords": [
        0.5545279383659363,
        -4.9136810302734375,
        0.699999988079071
      ],
      "material": "metal",
      "rotation": 335.84375910407783,
      "group": 1,
      "size": "large",
      "color": "gray",
      "shape": "cylinder"
    },
    {
      "pixel_coords": [
        240,
        107,
        26.255516052246094
      ],
      "3d_coords": [
        2.1349711418151855,
        5.648762226104736,
        0.699999988079071
      ],
      "material": "metal",
      "rotation": 293.05164318327064,
      "group": 1,
      "size": "large",
      "color": "gray",
      "shape": "cylinder"
    },
    {
      "pixel_coords": [
        128,
        173,
        22.81464958190918
      ],
      "3d_coords": [
        3.4698095321655273,
        -4.085816860198975,
        0.699999988079071
      ],
      "material": "metal",
      "rotation": 35.57122745082411,
      "group": 1,
      "size": "large",
      "color": "gray",
      "shape": "cylinder"
    },
    {
      "pixel_coords": [
        107,
        90,
        27.324678421020508
      ],
      "3d_coords": [
        -3.9994680881500244,
        -2.5777599811553955,
        0.699999988079071
      ],
      "material": "rubber",
      "rotation": 282.3691978083762,
      "group": 0,
      "size": "large",
      "color": "gray",
      "shape": "cylinder"
    },
    {
      "pixel_coords": [
        146,
        142,
        24.349878311157227
      ],
      "3d_coords": [
        1.7473621368408203,
        -1.9591953754425049,
        0.699999988079071
      ],
      "material": "metal",
      "rotation": 218.87312333285956,
      "group": 1,
      "size": "large",
      "color": "gray",
      "shape": "cylinder"
    }
  ]
}