{
  "image_index": 96,
  "directions": {
    "front": [
      0.754490315914154,
      -0.6563112735748291,
      -0.0
    ],
    "above": [
      0.0,
      0.0,
      1.0
    ],
    "right": [
      0.6563112735748291,
      0.7544902563095093,
      -0.0
    ],
    "below": [
      -0.0,
      -0.0,
      -1.0
    ],
    "left": [
      -0.6563112735748291,
      -0.7544902563095093,
      0.0
    ],
    "behind": [
      -0.754490315914154,
      0.6563112735748291,
      0.0
    ]
  },
  "split": "new",
  "image_filename": "CLEVR_new_000096.png",
  "relationships": {
    "front": [
      [
        1,
        3,
        5,
        6,
        7,
        8,
        9
      ],
      [
        3,
        7
      ],
      [
        0,
        1,
        3,
        5,
        6,
        7,
        8,
        9
      ],
      [
        7
      ],
      [
        0,
        1,
        2,
        3,
        5,
        6,
        7,
        8,
        9
      ],
      [
        1,
        3,
        7
      ],
      [
        1,
        3,
        5,
        7,
        8,
        9
      ],
      [],
      [
        1,
        3,
        5,
        7
      ],
      [
        1,
        3,
        5,
        7,
        8
      ]
    ],
    "left": [
      [
        1,
        3,
        5,
        7
      ],
      [
        5
      ],
      [
        0,
        1,
        3,
        4,
        5,
        7,
        9
      ],
      [
        1,
        5,
        7
      ],
      [
        0,
        1,
        3,
        5,
        7
      ],
      [],
      [
        0,
        1,
        2,
        3,
        4,
        5,
        7,
        9
      ],
      [
        5
      ],
      [
        0,
        1,
        2,
        3,
        4,
        5,
        6,
        7,
        9
      ],
      [
        0,
        1,
        3,
        4,
        5,
        7
      ]
    ],
    "behind": [
      [
        2,
        4
      ],
      [
        0,
        2,
        4,
        5,
        6,
        8,
        9
      ],
      [
        4
      ],
      [
        0,
        1,
        2,
        4,
        5,
        6,
        8,
        9
      ],
      [],
      [
        0,
        2,
        4,
        6,
        8,
        9
      ],
      [
        0,
        2,
        4
      ],
      [
        0,
        1,
        2,
        3,
        4,
        5,
        6,
        8,
        9
      ],
      [
        0,
        2,
        4,
        6,
        9
      ],
      [
        0,
        2,
        4,
        6
      ]
    ],
    "right": [
      [
        2,
        4,
        6,
        8,
        9
      ],
      [
        0,
        2,
        3,
        4,
        6,
        8,
        9
      ],
      [
        6,
        8
      ],
      [
        0,
        2,
        4,
        6,
        8,
        9
      ],
      [
        2,
        6,
        8,
        9
      ],
      [
        0,
        1,
        2,
        3,
        4,
        6,
        7,
        8,
        9
      ],
      [
        8
      ],
      [
        0,
        2,
        3,
        4,
        6,
        8,
        9
      ],
      [],
      [
        2,
        6,
        8
      ]
    ]
  },
  "objects": [
    {
      "pixel_coords": [
        156,
        85,
        27.625131607055664
      ],
      "3d_coords": [
        -2.796072006225586,
        1.0832241773605347,
        0.699999988079071
      ],
      "material": "metal",
      "rotation": 200.25277908246548,
      "group": 0,
      "size": "large",
      "color": "cyan",
      "shape": "cube"
    },
    {
      "pixel_coords": [
        99,
        152,
        23.832637786865234
      ],
      "3d_coords": [
        0.9921051263809204,
        -5.199168682098389,
        0.699999988079071
      ],
      "material": "metal",
      "rotation": 166.89510783034262,
      "group": 1,
      "size": "large",
      "color": "cyan",
      "shape": "cylinder"
    },
    {
      "pixel_coords": [
        183,
        81,
        27.839948654174805
      ],
      "3d_coords": [
        -2.1102240085601807,
        3.1685123443603516,
        0.699999988079071
      ],
      "material": "metal",
      "rotation": 336.93389891019797,
      "group": 2,
      "size": "large",
      "color": "cyan",
      "shape": "cone"
    },
    {
      "pixel_coords": [
        119,
        171,
        22.967954635620117
      ],
      "3d_coords": [
        2.9413528442382812,
        -4.546538829803467,
        0.699999988079071
      ],
      "material": "metal",
      "rotation": 262.43501095904304,
      "group": 0,
      "size": "large",
      "color": "cyan",
      "shape": "cube"
    },
    {
      "pixel_coords": [
        166,
        70,
        28.61959457397461
      ],
      "3d_coords": [
        -3.8778953552246094,
        2.560614824295044,
        0.699999988079071
      ],
      "material": "metal",
      "rotation": 158.0565092762937,
      "group": 0,
      "size": "large",
      "color": "cyan",
      "shape": "cube"
    },
    {
      "pixel_coords": [
        62,
        115,
        25.769817352294922
      ],
      "3d_coords": [
        -3.2625584602355957,
        -6.445584774017334,
        0.699999988079071
      ],
      "material": "metal",
      "rotation": 39.91024557254129,
      "group": 0,
      "size": "large",
      "color": "cyan",
      "shape": "cube"
    },
    {
      "pixel_coords": [
        196,
        104,
        26.393796920776367
      ],
      "3d_coords": [
        0.405643492937088,
        2.8306684494018555,
        0.699999988079071
      ],
      "material": "metal",
      "rotation": 106.77367177396563,
      "group": 0,
      "size": "large",
      "color": "cyan",
      "shape": "cube"
    },
    {
      "pixel_coords": [
        92,
        176,
        22.73876953125
      ],
      "3d_coords": [
        2.4858570098876953,
        -6.2407546043396,
        0.699999988079071
      ],
      "material": "metal",
      "rotation": 82.60907196498016,
      "group": 2,
      "size": "large",
      "color": "cyan",
      "shape": "cone"
    },
    {
      "pixel_coords": [
        247,
        147,
        24.069454193115234
      ],
      "3d_coords": [
        5.337890625,
        3.9943947792053223,
        0.699999988079071
      ],
      "material": "metal",
      "rotation": 279.1351345566061,
      "group": 3,
      "size": "large",
      "color": "cyan",
      "shape": "sphere"
    },
    {
      "pixel_coords": [
        159,
        124,
        25.289875030517578
      ],
      "3d_coords": [
        0.7306092381477356,
        -0.4917371869087219,
        0.699999988079071
      ],
      "material": "metal",
      "rotation": 346.0337060654755,
      "group": 1,
      "size": "large",
      "color": "cyan",
      "shape": "cylinder"
    }
  ]
}