{
  "relationships": {
    "front": [
      [
        4,
        5,
        6,
        7
      ],
      [
        0,
        4,
        5,
        6,
        7
      ],
      [
        0,
        1,
        4,
        5,
        6,
        7
      ],
      [
        0,
        1,
        2,
        4,
        5,
        6,
        7
      ],
      [],
      [],
      [
        4
      ],
      [
        4,
        5,
        6
      ]
    ],
    "behind": [
      [
        1,
        2,
        3
      ],
      [
        2,
        3
      ],
      [
        3
      ],
      [],
      [
        0,
        1,
        2,
        3,
        6,
        7
      ],
      [
        0,
        1,
        2,
        3,
        7
      ],
      [
        0,
        1,
        2,
        3,
        7
      ],
      [
        0,
        1,
        2,
        3
      ]
    ],
    "right": [
      [
        1,
        2,
        3,
        4,
        5,
        6,
        7
      ],
      [
        2,
        3,
        4,
        5,
        6,
        7
      ],
      [
        3,
        4,
        5,
        6,
        7
      ],
      [
        4,
        5,
        6,
        7
      ],
      [
        5,
        6,
        7
      ],
      [
        6,
        7
      ],
      [
        7
      ],
      []
    ],
    "left": [
      [],
      [
        0
      ],
      [
        0,
        1
      ],
      [
        0,
        1,
        2
      ],
      [
        0,
        1,
        2,
        3
      ],
      [
        0,
        1,
        2,
        3,
        4
      ],
      [
        0,
        1,
        2,
        3,
        4,
        5
      ],
      [
        0,
        1,
        2,
        3,
        4,
        5,
        6
      ]
    ]
  },
  "image_index": 200,
  "objects": [
    {
      "material": "rubber",
      "color": "purple",
      "shape": "sphere",
      "group": [
        [
          -6.196062252499104,
          -4.94914943604159
        ],
        [
          -6.00347001316311,
          -3.4128092804049057
        ],
        [
          -5.67980012325431,
          -1.8986525359294113
        ],
        [
          -5.13654613976734,
          -0.4487187602349003
        ]
      ],
      "pixel_coords": [
        68,
        82,
        27.555644989013672
      ],
      "size": "large",
      "3d_coords": [
        -6.196062088012695,
        -4.9491496086120605,
        0.699999988079071
      ],
      "rotation": 346.7338321458261
    },
    {
      "material": "metal",
      "color": "red",
      "shape": "sphere",
      "group": [
        [
          -6.196062252499104,
          -4.94914943604159
        ],
        [
          -6.00347001316311,
          -3.4128092804049057
        ],
        [
          -5.67980012325431,
          -1.8986525359294113
        ],
        [
          -5.13654613976734,
          -0.4487187602349003
        ]
      ],
      "pixel_coords": [
        88,
        80,
        28.15526008605957
      ],
      "size": "small",
      "3d_coords": [
        -6.003469944000244,
        -3.412809371948242,
        0.3499999940395355
      ],
      "rotation": 352.02330596967755
    },
    {
      "material": "rubber",
      "color": "blue",
      "shape": "cone",
      "group": [
        [
          -6.196062252499104,
          -4.94914943604159
        ],
        [
          -6.00347001316311,
          -3.4128092804049057
        ],
        [
          -5.67980012325431,
          -1.8986525359294113
        ],
        [
          -5.13654613976734,
          -0.4487187602349003
        ]
      ],
      "pixel_coords": [
        107,
        73,
        28.122177124023438
      ],
      "size": "large",
      "3d_coords": [
        -5.679800033569336,
        -1.8986525535583496,
        0.699999988079071
      ],
      "rotation": 280.6744881045695
    },
    {
      "material": "rubber",
      "color": "green",
      "shape": "cylinder",
      "group": [
        [
          -6.196062252499104,
          -4.94914943604159
        ],
        [
          -6.00347001316311,
          -3.4128092804049057
        ],
        [
          -5.67980012325431,
          -1.8986525359294113
        ],
        [
          -5.13654613976734,
          -0.4487187602349003
        ]
      ],
      "pixel_coords": [
        126,
        72,
        28.230180740356445
      ],
      "size": "large",
      "3d_coords": [
        -5.1365461349487305,
        -0.44871875643730164,
        0.699999988079071
      ],
      "rotation": 207.86384058293933
    },
    {
      "material": "rubber",
      "color": "green",
      "shape": "cylinder",
      "group": [
        [
          -0.06663296235892702,
          -2.288515465844135
        ],
        [
          1.954726874444555,
          0.20945003003640306
        ],
        [
          3.9193350815684522,
          2.7522913150861266
        ],
        [
          5.06233455189841,
          5.755502832658163
        ]
      ],
      "pixel_coords": [
        131,
        128,
        25.252702713012695
      ],
      "size": "small",
      "3d_coords": [
        -0.0666329637169838,
        -2.288515567779541,
        0.3499999940395355
      ],
      "rotation": 272.6429026893731
    },
    {
      "material": "rubber",
      "color": "red",
      "shape": "sphere",
      "group": [
        [
          -0.06663296235892702,
          -2.288515465844135
        ],
        [
          1.954726874444555,
          0.20945003003640306
        ],
        [
          3.9193350815684522,
          2.7522913150861266
        ],
        [
          5.06233455189841,
          5.755502832658163
        ]
      ],
      "pixel_coords": [
        175,
        136,
        24.93045425415039
      ],
      "size": "mini",
      "3d_coords": [
        1.9547268152236938,
        0.20945003628730774,
        0.25
      ],
      "rotation": 41.107036998589905
    },
    {
      "material": "metal",
      "color": "red",
      "shape": "cube",
      "group": [
        [
          -0.06663296235892702,
          -2.288515465844135
        ],
        [
          1.954726874444555,
          0.20945003003640306
        ],
        [
          3.9193350815684522,
          2.7522913150861266
        ],
        [
          5.06233455189841,
          5.755502832658163
        ]
      ],
      "pixel_coords": [
        221,
        141,
        24.37359046936035
      ],
      "size": "medium",
      "3d_coords": [
        3.919335126876831,
        2.752291202545166,
        0.5
      ],
      "rotation": 313.15056805555986
    },
    {
      "material": "metal",
      "color": "yellow",
      "shape": "cube",
      "group": [
        [
          -0.06663296235892702,
          -2.288515465844135
        ],
        [
          1.954726874444555,
          0.20945003003640306
        ],
        [
          3.9193350815684522,
          2.7522913150861266
        ],
        [
          5.06233455189841,
          5.755502832658163
        ]
      ],
      "pixel_coords": [
        265,
        139,
        24.78609275817871
      ],
      "size": "mini",
      "3d_coords": [
        5.0623345375061035,
        5.755502700805664,
        0.25
      ],
      "rotation": 160.67030678123288
    }
  ],
  "split": "new",
  "directions": {
    "behind": [
      -0.754490315914154,
      0.6563112735748291,
      0.0
    ],
    "below": [
      -0.0,
      -0.0,
      -1.0
    ],
    "front": [
      0.754490315914154,
      -0.6563112735748291,
      -0.0
    ],
    "above": [
      0.0,
      0.0,
      1.0
    ],
    "right": [
      0.6563112735748291,
      0.7544902563095093,
      -0.0
    ],
    "left": [
      -0.6563112735748291,
      -0.7544902563095093,
      0.0
    ]
  },
  "image_filename": "CLEVR_new_000200.png"
}