{
  "relationships": {
    "front": [
      [
        1,
        2,
        3,
        5,
        6,
        7,
        8
      ],
      [
        2,
        3,
        6,
        7,
        8
      ],
      [
        3,
        7,
        8
      ],
      [
        8
      ],
      [
        0,
        1,
        2,
        3,
        5,
        6,
        7,
        8
      ],
      [
        1,
        2,
        3,
        6,
        7,
        8
      ],
      [
        2,
        3,
        7,
        8
      ],
      [
        3,
        8
      ],
      []
    ],
    "behind": [
      [
        4
      ],
      [
        0,
        4,
        5
      ],
      [
        0,
        1,
        4,
        5,
        6
      ],
      [
        0,
        1,
        2,
        4,
        5,
        6,
        7
      ],
      [],
      [
        0,
        4
      ],
      [
        0,
        1,
        4,
        5
      ],
      [
        0,
        1,
        2,
        4,
        5,
        6
      ],
      [
        0,
        1,
        2,
        3,
        4,
        5,
        6,
        7
      ]
    ],
    "right": [
      [
        1,
        2,
        3,
        8
      ],
      [
        2,
        3,
        8
      ],
      [
        3
      ],
      [],
      [
        0,
        1,
        2,
        3,
        5,
        6,
        7,
        8
      ],
      [
        0,
        1,
        2,
        3,
        6,
        7,
        8
      ],
      [
        0,
        1,
        2,
        3,
        7,
        8
      ],
      [
        1,
        2,
        3,
        8
      ],
      [
        3
      ]
    ],
    "left": [
      [
        4,
        5,
        6
      ],
      [
        0,
        4,
        5,
        6,
        7
      ],
      [
        0,
        1,
        4,
        5,
        6,
        7
      ],
      [
        0,
        1,
        2,
        4,
        5,
        6,
        7,
        8
      ],
      [],
      [
        4
      ],
      [
        4,
        5
      ],
      [
        4,
        5,
        6
      ],
      [
        0,
        1,
        4,
        5,
        6,
        7
      ]
    ]
  },
  "image_index": 93,
  "objects": [
    {
      "material": "metal",
      "color": "green",
      "shape": "cube",
      "group": [
        [
          -1.7276928882066498,
          -1.7510791101333139
        ],
        [
          0.08151404111998328,
          -2.2098950770620185
        ],
        [
          1.903625158050061,
          -2.614435411506004
        ],
        [
          3.6769161219375475,
          -3.1968278582523655
        ]
      ],
      "pixel_coords": [
        129,
        109,
        26.542232513427734
      ],
      "size": "small",
      "3d_coords": [
        -1.7276928424835205,
        -1.7510790824890137,
        0.3499999940395355
      ],
      "rotation": 235.96935651268944
    },
    {
      "material": "rubber",
      "color": "green",
      "shape": "cone",
      "group": [
        [
          -1.7276928882066498,
          -1.7510791101333139
        ],
        [
          0.08151404111998328,
          -2.2098950770620185
        ],
        [
          1.903625158050061,
          -2.614435411506004
        ],
        [
          3.6769161219375475,
          -3.1968278582523655
        ]
      ],
      "pixel_coords": [
        133,
        127,
        25.330381393432617
      ],
      "size": "medium",
      "3d_coords": [
        0.08151403814554214,
        -2.209895133972168,
        0.5
      ],
      "rotation": 216.16426025948135
    },
    {
      "material": "rubber",
      "color": "gray",
      "shape": "cylinder",
      "group": [
        [
          -1.7276928882066498,
          -1.7510791101333139
        ],
        [
          0.08151404111998328,
          -2.2098950770620185
        ],
        [
          1.903625158050061,
          -2.614435411506004
        ],
        [
          3.6769161219375475,
          -3.1968278582523655
        ]
      ],
      "pixel_coords": [
        138,
        150,
        24.3663330078125
      ],
      "size": "small",
      "3d_coords": [
        1.9036251306533813,
        -2.6144354343414307,
        0.3499999940395355
      ],
      "rotation": 61.46219161716367
    },
    {
      "material": "metal",
      "color": "yellow",
      "shape": "sphere",
      "group": [
        [
          -1.7276928882066498,
          -1.7510791101333139
        ],
        [
          0.08151404111998328,
          -2.2098950770620185
        ],
        [
          1.903625158050061,
          -2.614435411506004
        ],
        [
          3.6769161219375475,
          -3.1968278582523655
        ]
      ],
      "pixel_coords": [
        140,
        174,
        23.26289939880371
      ],
      "size": "small",
      "3d_coords": [
        3.6769161224365234,
        -3.1968278884887695,
        0.3499999940395355
      ],
      "rotation": 125.56867395937275
    },
    {
      "material": "rubber",
      "color": "brown",
      "shape": "cylinder",
      "group": [
        [
          -6.15386619353402,
          -4.231452645153192
        ],
        [
          -3.5770936365891,
          -4.36963342550857
        ],
        [
          -0.996809561248206,
          -4.338251442998429
        ],
        [
          1.5650311696555779,
          -4.647804035890888
        ],
        [
          4.144877608677833,
          -4.704752164466576
        ]
      ],
      "pixel_coords": [
        79,
        77,
        28.01531982421875
      ],
      "size": "large",
      "3d_coords": [
        -6.153866291046143,
        -4.231452465057373,
        0.699999988079071
      ],
      "rotation": 140.37616206380574
    },
    {
      "material": "rubber",
      "color": "yellow",
      "shape": "cube",
      "group": [
        [
          -6.15386619353402,
          -4.231452645153192
        ],
        [
          -3.5770936365891,
          -4.36963342550857
        ],
        [
          -0.996809561248206,
          -4.338251442998429
        ],
        [
          1.5650311696555779,
          -4.647804035890888
        ],
        [
          4.144877608677833,
          -4.704752164466576
        ]
      ],
      "pixel_coords": [
        88,
        100,
        26.591909408569336
      ],
      "size": "large",
      "3d_coords": [
        -3.5770936012268066,
        -4.369633197784424,
        0.699999988079071
      ],
      "rotation": 218.06007259439843
    },
    {
      "material": "metal",
      "color": "brown",
      "shape": "cube",
      "group": [
        [
          -6.15386619353402,
          -4.231452645153192
        ],
        [
          -3.5770936365891,
          -4.36963342550857
        ],
        [
          -0.996809561248206,
          -4.338251442998429
        ],
        [
          1.5650311696555779,
          -4.647804035890888
        ],
        [
          4.144877608677833,
          -4.704752164466576
        ]
      ],
      "pixel_coords": [
        100,
        128,
        25.571144104003906
      ],
      "size": "mini",
      "3d_coords": [
        -0.9968095421791077,
        -4.33825159072876,
        0.25
      ],
      "rotation": 281.16425189365043
    },
    {
      "material": "rubber",
      "color": "gray",
      "shape": "cube",
      "group": [
        [
          -6.15386619353402,
          -4.231452645153192
        ],
        [
          -3.5770936365891,
          -4.36963342550857
        ],
        [
          -0.996809561248206,
          -4.338251442998429
        ],
        [
          1.5650311696555779,
          -4.647804035890888
        ],
        [
          4.144877608677833,
          -4.704752164466576
        ]
      ],
      "pixel_coords": [
        109,
        157,
        24.11221694946289
      ],
      "size": "mini",