{
  "relationships": {
    "front": [
      [
        5,
        6,
        7
      ],
      [
        0,
        5,
        6,
        7
      ],
      [
        0,
        1,
        5,
        6,
        7,
        8
      ],
      [
        0,
        1,
        2,
        5,
        6,
        7,
        8
      ],
      [
        0,
        1,
        2,
        3,
        5,
        6,
        7,
        8
      ],
      [],
      [
        5
      ],
      [
        5,
        6
      ],
      [
        0,
        1,
        5,
        6,
        7
      ]
    ],
    "behind": [
      [
        1,
        2,
        3,
        4,
        8
      ],
      [
        2,
        3,
        4,
        8
      ],
      [
        3,
        4
      ],
      [
        4
      ],
      [],
      [
        0,
        1,
        2,
        3,
        4,
        6,
        7,
        8
      ],
      [
        0,
        1,
        2,
        3,
        4,
        7,
        8
      ],
      [
        0,
        1,
        2,
        3,
        4,
        8
      ],
      [
        2,
        3,
        4
      ]
    ],
    "right": [
      [
        1,
        2,
        3,
        4,
        6,
        7,
        8
      ],
      [
        2,
        3,
        4,
        7,
        8
      ],
      [
        3,
        4,
        8
      ],
      [
        4,
        8
      ],
      [],
      [
        0,
        1,
        2,
        3,
        4,
        6,
        7,
        8
      ],
      [
        1,
        2,
        3,
        4,
        7,
        8
      ],
      [
        2,
        3,
        4,
        8
      ],
      [
        4
      ]
    ],
    "left": [
      [
        5
      ],
      [
        0,
        5,
        6
      ],
      [
        0,
        1,
        5,
        6,
        7
      ],
      [
        0,
        1,
        2,
        5,
        6,
        7
      ],
      [
        0,
        1,
        2,
        3,
        5,
        6,
        7,
        8
      ],
      [],
      [
        0,
        5
      ],
      [
        0,
        1,
        5,
        6
      ],
      [
        0,
        1,
        2,
        3,
        5,
        6,
        7
      ]
    ]
  },
  "image_index": 88,
  "objects": [
    {
      "material": "rubber",
      "color": "cyan",
      "shape": "cylinder",
      "group": [
        [
          -4.705467285774798,
          -0.2407053086922879
        ],
        [
          -3.86284442911618,
          1.7039834911081075
        ],
        [
          -3.247354089227572,
          3.732036608789308
        ],
        [
          -3.18781807354748,
          5.8505934924885805
        ],
        [
          -2.536715508653976,
          7.867495388124988
        ]
      ],
      "pixel_coords": [
        131,
        75,
        28.649885177612305
      ],
      "size": "large",
      "3d_coords": [
        -4.705467224121094,
        -0.24070531129837036,
        0.699999988079071
      ],
      "rotation": 118.97676153315264
    },
    {
      "material": "rubber",
      "color": "red",
      "shape": "sphere",
      "group": [
        [
          -4.705467285774798,
          -0.2407053086922879
        ],
        [
          -3.86284442911618,
          1.7039834911081075
        ],
        [
          -3.247354089227572,
          3.732036608789308
        ],
        [
          -3.18781807354748,
          5.8505934924885805
        ],
        [
          -2.536715508653976,
          7.867495388124988
        ]
      ],
      "pixel_coords": [
        157,
        78,
        29.08731460571289
      ],
      "size": "mini",
      "3d_coords": [
        -3.862844467163086,
        1.7039835453033447,
        0.25
      ],
      "rotation": 311.23630438609194
    },
    {
      "material": "rubber",
      "color": "purple",
      "shape": "sphere",
      "group": [
        [
          -4.705467285774798,
          -0.2407053086922879
        ],
        [
          -3.86284442911618,
          1.7039834911081075
        ],
        [
          -3.247354089227572,
          3.732036608789308
        ],
        [
          -3.18781807354748,
          5.8505934924885805
        ],
        [
          -2.536715508653976,
          7.867495388124988
        ]
      ],
      "pixel_coords": [
        182,
        74,
        29.236595153808594
      ],
      "size": "small",
      "3d_coords": [
        -3.247354030609131,
        3.732036590576172,
        0.3499999940395355
      ],
      "rotation": 210.32930979756117
    },
    {
      "material": "rubber",
      "color": "green",
      "shape": "sphere",
      "group": [
        [
          -4.705467285774798,
          -0.2407053086922879
        ],
        [
          -3.86284442911618,
          1.7039834911081075
        ],
        [
          -3.247354089227572,
          3.732036608789308
        ],
        [
          -3.18781807354748,
          5.8505934924885805
        ],
        [
          -2.536715508653976,
          7.867495388124988
        ]
      ],
      "pixel_coords": [
        204,
        66,
        29.793087005615234
      ],
      "size": "small",
      "3d_coords": [
        -3.1878180503845215,
        5.850593566894531,
        0.3499999940395355
      ],
      "rotation": 281.1395688616479
    },
    {
      "material": "metal",
      "color": "brown",
      "shape": "sphere",
      "group": [
        [
          -4.705467285774798,
          -0.2407053086922879
        ],
        [
          -3.86284442911618,
          1.7039834911081075
        ],
        [
          -3.247354089227572,
          3.732036608789308
        ],
        [
          -3.18781807354748,
          5.8505934924885805
        ],
        [
          -2.536715508653976,
          7.867495388124988
        ]
      ],
      "pixel_coords": [
        229,
        61,
        29.72209358215332
      ],
      "size": "large",
      "3d_coords": [
        -2.536715507507324,
        7.867495536804199,
        0.699999988079071
      ],
      "rotation": 229.96230196447067
    },
    {
      "material": "metal",
      "color": "yellow",
      "shape": "cone",
      "group": [
        [
          -1.8426975186116525,
          -5.7972297829978805
        ],
        [
          -0.8722063169467029,
          -2.2676454712437617
        ],
        [
          -0.8727934591111441,
          1.392930745904839
        ],
        [
          -1.5790189050498928,
          4.984735891760958
        ]
      ],
      "pixel_coords": [
        79,
        129,
        25.901262283325195
      ],
      "size": "mini",
      "3d_coords": [
        -1.8426975011825562,
        -5.797229766845703,
        0.25
      ],
      "rotation": 152.26028542260065
    },
    {
      "material": "metal",
      "color": "brown",
      "shape": "cone",
      "group": [
        [
          -1.8426975186116525,
          -5.7972297829978805
        ],
        [
          -0.8722063169467029,
          -2.2676454712437617
        ],
        [
          -0.8727934591111441,
          1.392930745904839
        ],
        [
          -1.5790189050498928,
          4.984735891760958
        ]
      ],
      "pixel_coords": [
        127,
        117,
        25.997631072998047
      ],
      "size": "large",
      "3d_coords": [
        -0.8722063302993774,
        -2.2676453590393066,
        0.699999988079071
      ],
      "rotation": 295.0551236064073
    },
    {
      "material": "rubber",
      "color": "gray",
      "shape": "sphere",
      "group": [
        [
          -1.8426975186116525,
          -5.7972297829978805
        ],
        [
          -0.8722063169467029,
          -2.2676454712437617
        ],
        [
          -0.8727934591111441,
          1.392930745904839
        ],
        [
          -1.5790189050498928,
          4.984735891760958
        ]
      ],