{
  "relationships": {
    "front": [
      [
        4,
        5,
        6,
        7,
        8
      ],
      [
        0,
        4,
        5,
        6,
        7,
        8
      ],
      [
        0,
        1,
        4,
        5,
        6,
        7,
        8
      ],
      [
        0,
        1,
        2,
        4,
        5,
        6,
        7,
        8
      ],
      [],
      [
        4
      ],
      [
        4
      ],
      [
        4,
        6
      ],
      [
        4,
        5,
        6,
        7
      ]
    ],
    "behind": [
      [
        1,
        2,
        3
      ],
      [
        2,
        3
      ],
      [
        3
      ],
      [],
      [
        0,
        1,
        2,
        3,
        5,
        6,
        7,
        8
      ],
      [
        0,
        1,
        2,
        3,
        8
      ],
      [
        0,
        1,
        2,
        3,
        7,
        8
      ],
      [
        0,
        1,
        2,
        3,
        8
      ],
      [
        0,
        1,
        2,
        3
      ]
    ],
    "right": [
      [
        1,
        2,
        3,
        6,
        7,
        8
      ],
      [
        2,
        3,
        6,
        7,
        8
      ],
      [
        3,
        7,
        8
      ],
      [
        7,
        8
      ],
      [
        0,
        1,
        2,
        3,
        5,
        6,
        7,
        8
      ],
      [
        0,
        1,
        2,
        3,
        6,
        7,
        8
      ],
      [
        2,
        3,
        7,
        8
      ],
      [
        8
      ],
      []
    ],
    "left": [
      [
        4,
        5
      ],
      [
        0,
        4,
        5
      ],
      [
        0,
        1,
        4,
        5,
        6
      ],
      [
        0,
        1,
        2,
        4,
        5,
        6
      ],
      [],
      [
        4
      ],
      [
        0,
        1,
        4,
        5
      ],
      [
        0,
        1,
        2,
        3,
        4,
        5,
        6
      ],
      [
        0,
        1,
        2,
        3,
        4,
        5,
        6,
        7
      ]
    ]
  },
  "image_index": 25,
  "objects": [
    {
      "material": "metal",
      "color": "green",
      "shape": "cylinder",
      "group": [
        [
          -4.438314142921856,
          -1.1315253562943752
        ],
        [
          -3.6199612131960426,
          0.7992926549242902
        ],
        [
          -2.7725676442670615,
          2.7175428600265934
        ],
        [
          -2.115922403999983,
          4.709169516423774
        ]
      ],
      "pixel_coords": [
        122,
        84,
        28.54704475402832
      ],
      "size": "small",
      "3d_coords": [
        -4.438313961029053,
        -1.1315253973007202,
        0.3499999940395355
      ],
      "rotation": 76.93300186921815
    },
    {
      "material": "rubber",
      "color": "brown",
      "shape": "sphere",
      "group": [
        [
          -4.438314142921856,
          -1.1315253562943752
        ],
        [
          -3.6199612131960426,
          0.7992926549242902
        ],
        [
          -2.7725676442670615,
          2.7175428600265934
        ],
        [
          -2.115922403999983,
          4.709169516423774
        ]
      ],
      "pixel_coords": [
        148,
        80,
        28.375444412231445
      ],
      "size": "large",
      "3d_coords": [
        -3.6199612617492676,
        0.7992926836013794,
        0.699999988079071
      ],
      "rotation": 329.3032461290504
    },
    {
      "material": "rubber",
      "color": "blue",
      "shape": "cone",
      "group": [
        [
          -4.438314142921856,
          -1.1315253562943752
        ],
        [
          -3.6199612131960426,
          0.7992926549242902
        ],
        [
          -2.7725676442670615,
          2.7175428600265934
        ],
        [
          -2.115922403999983,
          4.709169516423774
        ]
      ],
      "pixel_coords": [
        174,
        81,
        28.741735458374023
      ],
      "size": "small",
      "3d_coords": [
        -2.7725677490234375,
        2.717542886734009,
        0.3499999940395355
      ],
      "rotation": 135.4035403485494
    },
    {
      "material": "metal",
      "color": "green",
      "shape": "cube",
      "group": [
        [
          -4.438314142921856,
          -1.1315253562943752
        ],
        [
          -3.6199612131960426,
          0.7992926549242902
        ],
        [
          -2.7725676442670615,
          2.7175428600265934
        ],
        [
          -2.115922403999983,
          4.709169516423774
        ]
      ],
      "pixel_coords": [
        199,
        77,
        28.833093643188477
      ],
      "size": "medium",
      "3d_coords": [
        -2.115922451019287,
        4.709169387817383,
        0.5
      ],
      "rotation": 204.20101975126295
    },
    {
      "material": "metal",
      "color": "purple",
      "shape": "sphere",
      "group": [
        [
          -5.369057172446524,
          -5.8340648573779585
        ],
        [
          -3.4673383178239714,
          -2.5618316023045082
        ],
        [
          -0.9001026214040433,
          0.21905781596850016
        ],
        [
          1.3712684351046942,
          3.2464194728059983
        ],
        [
          3.5584885793417573,
          6.335126826745361
        ]
      ],
      "pixel_coords": [
        63,
        97,
        27.717493057250977
      ],
      "size": "small",
      "3d_coords": [
        -5.3690571784973145,
        -5.834064960479736,
        0.3499999940395355
      ],
      "rotation": 352.34117235743474
    },
    {
      "material": "metal",
      "color": "green",
      "shape": "cylinder",
      "group": [
        [
          -5.369057172446524,
          -5.8340648573779585
        ],
        [
          -3.4673383178239714,
          -2.5618316023045082
        ],
        [
          -0.9001026214040433,
          0.21905781596850016
        ],
        [
          1.3712684351046942,
          3.2464194728059983
        ],
        [
          3.5584885793417573,
          6.335126826745361
        ]
      ],
      "pixel_coords": [
        110,
        96,
        27.344327926635742
      ],
      "size": "large",
      "3d_coords": [
        -3.4673383235931396,
        -2.5618317127227783,
        0.699999988079071
      ],
      "rotation": 198.5023244170486
    },
    {
      "material": "metal",
      "color": "cyan",
      "shape": "cylinder",
      "group": [
        [
          -5.369057172446524,
          -5.8340648573779585
        ],
        [
          -3.4673383178239714,
          -2.5618316023045082
        ],
        [
          -0.9001026214040433,
          0.21905781596850016
        ],
        [
          1.3712684351046942,
          3.2464194728059983
        ],
        [
          3.5584885793417573,
          6.335126826745361
        ]
      ],
      "pixel_coords": [
        157,
        108,
        27.032814025878906
      ],
      "size": "small",
      "3d_coords": [
        -0.9001026153564453,
        0.2190578132867813,
        0.3499999940395355
      ],
      "rotation": 243.8520578759834
    },
    {
      "material": "rubber",
      "color": "blue",
      "shape": "cube",
      "group": [
        [
          -5.369057172446524,
          -5.8340648573779585
        ],
        [
          -3.4673383178239714,
          -2.5618316023045082
        ],
        [
          -0.9001026214040433,
          0.21905781596850016
        ],
        [
          1.3712684351046942,
          3.2464194728059983
        ],
        [
          3.5584885793417573,
          6.335126826745361
        ]
      ],
      "pixel_coords": [
        207,
        111,
        26.392433166503906
      ],
      "size": "large",