{
  "relationships": {
    "front": [
      [
        1,
        2,
        3,
        6,
        7
      ],
      [
        2,
        3,
        6,
        7
      ],
      [
        3,
        6,
        7
      ],
      [
        7
      ],
      [
        0,
        1,
        2,
        3,
        5,
        6,
        7
      ],
      [
        0,
        1,
        2,
        3,
        6,
        7
      ],
      [
        3,
        7
      ],
      []
    ],
    "behind": [
      [
        4,
        5
      ],
      [
        0,
        4,
        5
      ],
      [
        0,
        1,
        4,
        5
      ],
      [
        0,
        1,
        2,
        4,
        5,
        6
      ],
      [],
      [
        4
      ],
      [
        0,
        1,
        2,
        4,
        5
      ],
      [
        0,
        1,
        2,
        3,
        4,
        5,
        6
      ]
    ],
    "right": [
      [
        1,
        2,
        3,
        5,
        6,
        7
      ],
      [
        2,
        3
      ],
      [
        3
      ],
      [],
      [
        1,
        2,
        3,
        5,
        6,
        7
      ],
      [
        1,
        2,
        3,
        6,
        7
      ],
      [
        1,
        2,
        3,
        7
      ],
      [
        2,
        3
      ]
    ],
    "left": [
      [],
      [
        0,
        4,
        5,
        6
      ],
      [
        0,
        1,
        4,
        5,
        6,
        7
      ],
      [
        0,
        1,
        2,
        4,
        5,
        6,
        7
      ],
      [],
      [
        0,
        4
      ],
      [
        0,
        4,
        5
      ],
      [
        0,
        4,
        5,
        6
      ]
    ]
  },
  "image_index": 186,
  "objects": [
    {
      "material": "metal",
      "color": "gray",
      "shape": "cylinder",
      "group": [
        [
          -2.6390536403413964,
          -4.196450633083718
        ],
        [
          0.4940257390140892,
          -1.7109890140741304
        ],
        [
          3.6829539883258278,
          0.7023991597706596
        ],
        [
          7.358724901696013,
          2.277967009574037
        ]
      ],
      "pixel_coords": [
        96,
        110,
        26.74709701538086
      ],
      "size": "small",
      "3d_coords": [
        -2.6390535831451416,
        -4.196450710296631,
        0.3499999940395355
      ],
      "rotation": 231.66327865904714
    },
    {
      "material": "rubber",
      "color": "yellow",
      "shape": "cylinder",
      "group": [
        [
          -2.6390536403413964,
          -4.196450633083718
        ],
        [
          0.4940257390140892,
          -1.7109890140741304
        ],
        [
          3.6829539883258278,
          0.7023991597706596
        ],
        [
          7.358724901696013,
          2.277967009574037
        ]
      ],
      "pixel_coords": [
        142,
        130,
        25.720272064208984
      ],
      "size": "mini",
      "3d_coords": [
        0.49402573704719543,
        -1.710988998413086,
        0.25
      ],
      "rotation": 1.670136606927799
    },
    {
      "material": "rubber",
      "color": "cyan",
      "shape": "cylinder",
      "group": [
        [
          -2.6390536403413964,
          -4.196450633083718
        ],
        [
          0.4940257390140892,
          -1.7109890140741304
        ],
        [
          3.6829539883258278,
          0.7023991597706596
        ],
        [
          7.358724901696013,
          2.277967009574037
        ]
      ],
      "pixel_coords": [
        191,
        149,
        24.208040237426758
      ],
      "size": "large",
      "3d_coords": [
        3.6829540729522705,
        0.7023991346359253,
        0.699999988079071
      ],
      "rotation": 103.94042216353908
    },
    {
      "material": "metal",
      "color": "red",
      "shape": "cone",
      "group": [
        [
          -2.6390536403413964,
          -4.196450633083718
        ],
        [
          0.4940257390140892,
          -1.7109890140741304
        ],
        [
          3.6829539883258278,
          0.7023991597706596
        ],
        [
          7.358724901696013,
          2.277967009574037
        ]
      ],
      "pixel_coords": [
        240,
        184,
        22.57088851928711
      ],
      "size": "large",
      "3d_coords": [
        7.358725070953369,
        2.2779669761657715,
        0.699999988079071
      ],
      "rotation": 345.8077212076139
    },
    {
      "material": "rubber",
      "color": "gray",
      "shape": "cone",
      "group": [
        [
          -5.34880647397638,
          -1.9552714424615676
        ],
        [
          -2.201517673036071,
          -2.0866594200182558
        ],
        [
          0.8302697771047303,
          -2.9416181642506665
        ],
        [
          3.632050684639273,
          -4.381310264439326
        ]
      ],
      "pixel_coords": [
        111,
        75,
        28.53801918029785
      ],
      "size": "large",
      "3d_coords": [
        -5.348806381225586,
        -1.9552714824676514,
        0.699999988079071
      ],
      "rotation": 135.6086460661068
    },
    {
      "material": "metal",
      "color": "red",
      "shape": "cube",
      "group": [
        [
          -5.34880647397638,
          -1.9552714424615676
        ],
        [
          -2.201517673036071,
          -2.0866594200182558
        ],
        [
          0.8302697771047303,
          -2.9416181642506665
        ],
        [
          3.632050684639273,
          -4.381310264439326
        ]
      ],
      "pixel_coords": [
        124,
        106,
        27.118282318115234
      ],
      "size": "mini",
      "3d_coords": [
        -2.2015175819396973,
        -2.0866594314575195,
        0.25
      ],
      "rotation": 155.39190364435925
    },
    {
      "material": "metal",
      "color": "yellow",
      "shape": "cube",
      "group": [
        [
          -5.34880647397638,
          -1.9552714424615676
        ],
        [
          -2.201517673036071,
          -2.0866594200182558
        ],
        [
          0.8302697771047303,
          -2.9416181642506665
        ],
        [
          3.632050684639273,
          -4.381310264439326
        ]
      ],
      "pixel_coords": [
        128,
        139,
        25.14308738708496
      ],
      "size": "small",
      "3d_coords": [
        0.8302697539329529,
        -2.9416182041168213,
        0.3499999940395355
      ],
      "rotation": 243.68561712156924
    },
    {
      "material": "metal",
      "color": "cyan",
      "shape": "sphere",
      "group": [
        [
          -5.34880647397638,
          -1.9552714424615676
        ],
        [
          -2.201517673036071,
          -2.0866594200182558
        ],
        [
          0.8302697771047303,
          -2.9416181642506665
        ],
        [
          3.632050684639273,
          -4.381310264439326
        ]
      ],
      "pixel_coords": [
        123,
        179,
        23.305856704711914
      ],
      "size": "mini",
      "3d_coords": [
        3.6320507526397705,
        -4.38131046295166,
        0.25
      ],
      "rotation": 222.1559686103061
    }
  ],
  "split": "new",
  "directions": {
    "behind": [
      -0.754490315914154,
      0.6563112735748291,
      0.0
    ],
    "below": [
      -0.0,
      -0.0,
      -1.0
    ],
    "front": [
      0.754490315914154,
      -0.6563112735748291,
      -0.0
    ],
    "above": [
      0.0,
      0.0,
      1.0
    ],
    "right": [
      0.6563112735748291,
      0.7544902563095093,
      -0.0
    ],
    "left": [
      -0.6563112735748291,
      -0.7544902563095093,
      0.0
    ]
  },
  "image_filename": "CLEVR_new_000186.png"
}