{
  "relationships": {
    "front": [
      [
        5,
        6,
        7,
        8
      ],
      [
        0,
        5,
        6,
        7,
        8
      ],
      [
        0,
        1,
        5,
        6,
        7,
        8
      ],
      [
        0,
        1,
        2,
        5,
        6,
        7,
        8
      ],
      [
        0,
        1,
        2,
        3,
        5,
        6,
        7,
        8
      ],
      [
        6,
        7,
        8
      ],
      [
        7,
        8
      ],
      [
        8
      ],
      []
    ],
    "behind": [
      [
        1,
        2,
        3,
        4
      ],
      [
        2,
        3,
        4
      ],
      [
        3,
        4
      ],
      [
        4
      ],
      [],
      [
        0,
        1,
        2,
        3,
        4
      ],
      [
        0,
        1,
        2,
        3,
        4,
        5
      ],
      [
        0,
        1,
        2,
        3,
        4,
        5,
        6
      ],
      [
        0,
        1,
        2,
        3,
        4,
        5,
        6,
        7
      ]
    ],
    "right": [
      [
        1,
        2,
        3,
        4,
        7,
        8
      ],
      [
        2,
        3,
        4,
        7,
        8
      ],
      [
        3,
        4,
        8
      ],
      [
        4,
        8
      ],
      [
        8
      ],
      [
        0,
        1,
        2,
        3,
        4,
        6,
        7,
        8
      ],
      [
        0,
        1,
        2,
        3,
        4,
        7,
        8
      ],
      [
        2,
        3,
        4,
        8
      ],
      []
    ],
    "left": [
      [
        5,
        6
      ],
      [
        0,
        5,
        6
      ],
      [
        0,
        1,
        5,
        6,
        7
      ],
      [
        0,
        1,
        2,
        5,
        6,
        7
      ],
      [
        0,
        1,
        2,
        3,
        5,
        6,
        7
      ],
      [],
      [
        5
      ],
      [
        0,
        1,
        5,
        6
      ],
      [
        0,
        1,
        2,
        3,
        4,
        5,
        6,
        7
      ]
    ]
  },
  "image_index": 220,
  "objects": [
    {
      "material": "rubber",
      "color": "gray",
      "shape": "cylinder",
      "group": [
        [
          -6.088291683464128,
          -0.962752737704073
        ],
        [
          -5.971870919712102,
          0.5696247129719425
        ],
        [
          -5.409363639879987,
          1.9997715605749447
        ],
        [
          -5.045658731350075,
          3.492906914481005
        ],
        [
          -4.897208451122504,
          5.022513713587653
        ]
      ],
      "pixel_coords": [
        117,
        70,
        29.29462242126465
      ],
      "size": "small",
      "3d_coords": [
        -6.088291645050049,
        -0.9627527594566345,
        0.3499999940395355
      ],
      "rotation": 313.63842112789496
    },
    {
      "material": "metal",
      "color": "gray",
      "shape": "sphere",
      "group": [
        [
          -6.088291683464128,
          -0.962752737704073
        ],
        [
          -5.971870919712102,
          0.5696247129719425
        ],
        [
          -5.409363639879987,
          1.9997715605749447
        ],
        [
          -5.045658731350075,
          3.492906914481005
        ],
        [
          -4.897208451122504,
          5.022513713587653
        ]
      ],
      "pixel_coords": [
        134,
        64,
        29.53490447998047
      ],
      "size": "medium",
      "3d_coords": [
        -5.9718708992004395,
        0.5696247220039368,
        0.5
      ],
      "rotation": 290.64812629795165
    },
    {
      "material": "rubber",
      "color": "yellow",
      "shape": "sphere",
      "group": [
        [
          -6.088291683464128,
          -0.962752737704073
        ],
        [
          -5.971870919712102,
          0.5696247129719425
        ],
        [
          -5.409363639879987,
          1.9997715605749447
        ],
        [
          -5.045658731350075,
          3.492906914481005
        ],
        [
          -4.897208451122504,
          5.022513713587653
        ]
      ],
      "pixel_coords": [
        152,
        65,
        29.818164825439453
      ],
      "size": "mini",
      "3d_coords": [
        -5.409363746643066,
        1.9997715950012207,
        0.25
      ],
      "rotation": 7.556814120126933
    },
    {
      "material": "rubber",
      "color": "red",
      "shape": "cone",
      "group": [
        [
          -6.088291683464128,
          -0.962752737704073
        ],
        [
          -5.971870919712102,
          0.5696247129719425
        ],
        [
          -5.409363639879987,
          1.9997715605749447
        ],
        [
          -5.045658731350075,
          3.492906914481005
        ],
        [
          -4.897208451122504,
          5.022513713587653
        ]
      ],
      "pixel_coords": [
        170,
        60,
        29.83307647705078
      ],
      "size": "medium",
      "3d_coords": [
        -5.045658588409424,
        3.4929068088531494,
        0.5
      ],
      "rotation": 246.50730421659267
    },
    {
      "material": "rubber",
      "color": "gray",
      "shape": "cube",
      "group": [
        [
          -6.088291683464128,
          -0.962752737704073
        ],
        [
          -5.971870919712102,
          0.5696247129719425
        ],
        [
          -5.409363639879987,
          1.9997715605749447
        ],
        [
          -5.045658731350075,
          3.492906914481005
        ],
        [
          -4.897208451122504,
          5.022513713587653
        ]
      ],
      "pixel_coords": [
        187,
        56,
        30.173450469970703
      ],
      "size": "medium",
      "3d_coords": [
        -4.897208213806152,
        5.0225138664245605,
        0.5
      ],
      "rotation": 181.82616727525883
    },
    {
      "material": "metal",
      "color": "purple",
      "shape": "sphere",
      "group": [
        [
          -4.586787640930746,
          -6.851089410058974
        ],
        [
          -1.156742946653913,
          -5.67406926348127
        ],
        [
          2.4290164786978403,
          -5.132855466828302
        ],
        [
          5.888313185948645,
          -4.0448070665306926
        ]
      ],
      "pixel_coords": [
        52,
        104,
        26.571266174316406
      ],
      "size": "large",
      "3d_coords": [
        -4.586787700653076,
        -6.8510894775390625,
        0.699999988079071
      ],
      "rotation": 295.0619657762729
    },
    {
      "material": "metal",
      "color": "red",
      "shape": "cone",
      "group": [
        [
          -4.586787640930746,
          -6.851089410058974
        ],
        [
          -1.156742946653913,
          -5.67406926348127
        ],
        [
          2.4290164786978403,
          -5.132855466828302
        ],
        [
          5.888313185948645,
          -4.0448070665306926
        ]
      ],
      "pixel_coords": [
        83,
        134,
        25.37016487121582
      ],
      "size": "mini",
      "3d_coords": [
        -1.1567429304122925,
        -5.674069404602051,
        0.25
      ],
      "rotation": 93.92536378365577
    },
    {
      "material": "metal",
      "color": "yellow",
      "shape": "cube",
      "group": [
        [
          -4.586787640930746,
          -6.851089410058974
        ],
        [
          -1.156742946653913,
          -5.67406926348127
        ],
        [
          2.4290164786978403,
          -5.132855466828302
        ],
        [
          5.888313185948645,
          -4.0448070665306926
        ]
      ],
      "pixel_coords": [
        107,
        167,
        23.197834014892578
      ],
      "size": "large",