{
  "relationships": {
    "behind": [
      [],
      [
        0,
        3,
        5,
        6,
        7,
        8
      ],
      [
        0,
        1,
        3,
        5,
        6,
        7,
        8
      ],
      [
        0,
        5,
        6,
        7
      ],
      [
        0,
        1,
        2,
        3,
        5,
        6,
        7,
        8
      ],
      [
        0
      ],
      [
        0,
        5
      ],
      [
        0,
        5,
        6
      ],
      [
        0,
        3,
        5,
        6,
        7
      ]
    ],
    "front": [
      [
        1,
        2,
        3,
        4,
        5,
        6,
        7,
        8
      ],
      [
        2,
        4
      ],
      [
        4
      ],
      [
        1,
        2,
        4,
        8
      ],
      [],
      [
        1,
        2,
        3,
        4,
        6,
        7,
        8
      ],
      [
        1,
        2,
        3,
        4,
        7,
        8
      ],
      [
        1,
        2,
        3,
        4,
        8
      ],
      [
        1,
        2,
        4
      ]
    ],
    "right": [
      [
        6
      ],
      [
        0,
        2,
        4,
        5,
        6,
        7
      ],
      [
        6
      ],
      [
        0,
        1,
        2,
        4,
        5,
        6,
        7,
        8
      ],
      [
        0,
        2,
        5,
        6,
        7
      ],
      [
        0,
        2,
        6,
        7
      ],
      [],
      [
        0,
        2,
        6
      ],
      [
        0,
        2,
        4,
        5,
        6,
        7
      ]
    ],
    "left": [
      [
        1,
        3,
        4,
        5,
        7,
        8
      ],
      [
        3
      ],
      [
        1,
        3,
        4,
        5,
        7,
        8
      ],
      [],
      [
        1,
        3,
        8
      ],
      [
        1,
        3,
        4,
        8
      ],
      [
        0,
        1,
        2,
        3,
        4,
        5,
        7,
        8
      ],
      [
        1,
        3,
        4,
        5,
        8
      ],
      [
        3
      ]
    ]
  },
  "image_index": 13,
  "image_filename": "simi_new_000013.png",
  "objects": [
    {
      "size": "large",
      "pixel_coords": [
        208,
        68,
        29.24456024169922
      ],
      "shape": "cube",
      "3d_coords": [
        -2.6957147121429443,
        5.803316116333008,
        0.699999988079071
      ],
      "material": "rubber",
      "group": 0,
      "rotation": 172.6976008001439,
      "color": "green"
    },
    {
      "size": "large",
      "pixel_coords": [
        143,
        147,
        24.342256546020508
      ],
      "shape": "cube",
      "3d_coords": [
        2.1495201587677,
        -2.3724043369293213,
        0.699999988079071
      ],
      "material": "rubber",
      "group": 1,
      "rotation": 226.15201349912576,
      "color": "purple"
    },
    {
      "size": "large",
      "pixel_coords": [
        184,
        161,
        23.647363662719727
      ],
      "shape": "cube",
      "3d_coords": [
        4.387181282043457,
        -0.3665378987789154,
        0.699999988079071
      ],
      "material": "rubber",
      "group": 2,
      "rotation": 149.85368294074397,
      "color": "yellow"
    },
    {
      "size": "large",
      "pixel_coords": [
        84,
        88,
        27.802846908569336
      ],
      "shape": "cube",
      "3d_coords": [
        -5.032744407653809,
        -4.277921199798584,
        0.699999988079071
      ],
      "material": "rubber",
      "group": 3,
      "rotation": 200.20823386493063,
      "color": "cyan"
    },
    {
      "size": "large",
      "pixel_coords": [
        139,
        190,
        22.322011947631836
      ],
      "shape": "cube",
      "3d_coords": [
        5.009945869445801,
        -3.9791178703308105,
        0.699999988079071
      ],
      "material": "rubber",
      "group": 3,
      "rotation": 110.77919974576449,
      "color": "cyan"
    },
    {
      "size": "large",
      "pixel_coords": [
        182,
        71,
        29.01830291748047
      ],
      "shape": "cube",
      "3d_coords": [
        -3.32210373878479,
        3.6914000511169434,
        0.699999988079071
      ],
      "material": "rubber",
      "group": 3,
      "rotation": 180.36025444474734,
      "color": "cyan"
    },
    {
      "size": "large",
      "pixel_coords": [
        227,
        82,
        28.241804122924805
      ],
      "shape": "cube",
      "3d_coords": [
        -0.6368990540504456,
        6.3098578453063965,
        0.699999988079071
      ],
      "material": "rubber",
      "group": 4,
      "rotation": 271.47815087509014,
      "color": "gray"
    },
    {
      "size": "large",
      "pixel_coords": [
        200,
        82,
        28.260591506958008
      ],
      "shape": "cube",
      "3d_coords": [
        -1.6205017566680908,
        4.371894359588623,
        0.699999988079071
      ],
      "material": "rubber",
      "group": 2,
      "rotation": 210.34373496013734,
      "color": "yellow"
    },
    {
      "size": "large",
      "pixel_coords": [
        146,
        133,
        25.118513107299805
      ],
      "shape": "cube",
      "3d_coords": [
        1.0868760347366333,
        -1.6806758642196655,
        0.699999988079071
      ],
      "material": "rubber",
      "group": 1,
      "rotation": 221.24885521709575,
      "color": "purple"
    }
  ],
  "directions": {
    "behind": [
      -0.754490315914154,
      0.6563112735748291,
      0.0
    ],
    "front": [
      0.754490315914154,
      -0.6563112735748291,
      -0.0
    ],
    "below": [
      -0.0,
      -0.0,
      -1.0
    ],
    "right": [
      0.6563112735748291,
      0.7544902563095093,
      -0.0
    ],
    "above": [
      0.0,
      0.0,
      1.0
    ],
    "left": [
      -0.6563112735748291,
      -0.7544902563095093,
      0.0
    ]
  },
  "split": "new"
}