{
  "image_filename": "CLEVR_new_000097.png",
  "relationships": {
    "front": [
      [],
      [
        0
      ],
      [
        0
      ],
      [
        0,
        1,
        2
      ],
      [
        0,
        1,
        2,
        3
      ],
      [
        0,
        1,
        2,
        3,
        4
      ],
      [
        0,
        1,
        2,
        3,
        4,
        5
      ],
      [
        0,
        1,
        2,
        3,
        4,
        5,
        6
      ],
      [
        0,
        1,
        2,
        3,
        4,
        5,
        6,
        7
      ]
    ],
    "behind": [
      [
        1,
        2,
        3,
        4,
        5,
        6,
        7,
        8
      ],
      [
        3,
        4,
        5,
        6,
        7,
        8
      ],
      [
        3,
        4,
        5,
        6,
        7,
        8
      ],
      [
        4,
        5,
        6,
        7,
        8
      ],
      [
        5,
        6,
        7,
        8
      ],
      [
        6,
        7,
        8
      ],
      [
        7,
        8
      ],
      [
        8
      ],
      []
    ],
    "left": [
      [
        4
      ],
      [
        0,
        4,
        5
      ],
      [
        0,
        1,
        4,
        5,
        6
      ],
      [
        0,
        1,
        2,
        4,
        5,
        6,
        7,
        8
      ],
      [],
      [
        0,
        4
      ],
      [
        0,
        1,
        4,
        5
      ],
      [
        0,
        1,
        2,
        4,
        5,
        6
      ],
      [
        0,
        1,
        2,
        4,
        5,
        6,
        7
      ]
    ],
    "right": [
      [
        1,
        2,
        3,
        5,
        6,
        7,
        8
      ],
      [
        2,
        3,
        6,
        7,
        8
      ],
      [
        3,
        7,
        8
      ],
      [],
      [
        0,
        1,
        2,
        3,
        5,
        6,
        7,
        8
      ],
      [
        1,
        2,
        3,
        6,
        7,
        8
      ],
      [
        2,
        3,
        7,
        8
      ],
      [
        3,
        8
      ],
      [
        3
      ]
    ]
  },
  "split": "new",
  "directions": {
    "front": [
      0.754490315914154,
      -0.6563112735748291,
      -0.0
    ],
    "behind": [
      -0.754490315914154,
      0.6563112735748291,
      0.0
    ],
    "below": [
      -0.0,
      -0.0,
      -1.0
    ],
    "right": [
      0.6563112735748291,
      0.7544902563095093,
      -0.0
    ],
    "left": [
      -0.6563112735748291,
      -0.7544902563095093,
      0.0
    ],
    "above": [
      0.0,
      0.0,
      1.0
    ]
  },
  "image_index": 97,
  "objects": [
    {
      "pixel_coords": [
        119,
        113,
        26.13850975036621
      ],
      "3d_coords": [
        -1.461005449295044,
        -2.6896181106567383,
        0.699999988079071
      ],
      "size": "large",
      "color": "blue",
      "material": "rubber",
      "shape": "cone",
      "group": [
        [
          -1.4610054380420978,
          -2.689618046596964
        ],
        [
          0.10958327506779852,
          0.3190289514049196
        ],
        [
          2.194044592017524,
          2.9974103063419193
        ],
        [
          4.038906859624812,
          5.846127364579337
        ]
      ],
      "rotation": 285.3584692799819
    },
    {
      "pixel_coords": [
        164,
        115,
        26.248046875
      ],
      "3d_coords": [
        0.10958327353000641,
        0.31902894377708435,
        0.5
      ],
      "size": "medium",
      "color": "gray",
      "material": "rubber",
      "shape": "cone",
      "group": [
        [
          -1.4610054380420978,
          -2.689618046596964
        ],
        [
          0.10958327506779852,
          0.3190289514049196
        ],
        [
          2.194044592017524,
          2.9974103063419193
        ],
        [
          4.038906859624812,
          5.846127364579337
        ]
      ],
      "rotation": 351.50367479629904
    },
    {
      "pixel_coords": [
        209,
        125,
        26.02704429626465
      ],
      "3d_coords": [
        2.194044589996338,
        2.997410297393799,
        0.25
      ],
      "size": "mini",
      "color": "gray",
      "material": "metal",
      "shape": "cube",
      "group": [
        [
          -1.4610054380420978,
          -2.689618046596964
        ],
        [
          0.10958327506779852,
          0.3190289514049196
        ],
        [
          2.194044592017524,
          2.9974103063419193
        ],
        [
          4.038906859624812,
          5.846127364579337
        ]
      ],
      "rotation": 260.29431597521227
    },
    {
      "pixel_coords": [
        256,
        127,
        25.58680534362793
      ],
      "3d_coords": [
        4.038907051086426,
        5.846127510070801,
        0.5
      ],
      "size": "medium",
      "color": "gray",
      "material": "metal",
      "shape": "sphere",
      "group": [
        [
          -1.4610054380420978,
          -2.689618046596964
        ],
        [
          0.10958327506779852,
          0.3190289514049196
        ],
        [
          2.194044592017524,
          2.9974103063419193
        ],
        [
          4.038906859624812,
          5.846127364579337
        ]
      ],
      "rotation": 208.4678485292967
    },
    {
      "pixel_coords": [
        120,
        70,
        29.420188903808594
      ],
      "3d_coords": [
        -6.02038049697876,
        -0.7986196279525757,
        0.3499999940395355
      ],
      "size": "small",
      "color": "yellow",
      "material": "metal",
      "shape": "cylinder",
      "group": [
        [
          -6.020380371191684,
          -0.7986196058355715
        ],
        [
          -4.783959027823157,
          1.866298339743032
        ],
        [
          -3.0595430187592516,
          4.244725303660198
        ],
        [
          -2.027665226927012,
          6.995316806905916
        ],
        [
          -0.8399323869294095,
          9.68228835416788
        ]
      ],
      "rotation": 309.2364436955933
    },
    {
      "pixel_coords": [
        155,
        66,
        29.184133529663086
      ],
      "3d_coords": [
        -4.783958911895752,
        1.8662983179092407,
        0.699999988079071
      ],
      "size": "large",
      "color": "blue",
      "material": "rubber",
      "shape": "cube",
      "group": [
        [
          -6.020380371191684,
          -0.7986196058355715
        ],
        [
          -4.783959027823157,
          1.866298339743032
        ],
        [
          -3.0595430187592516,
          4.244725303660198
        ],
        [
          -2.027665226927012,
          6.995316806905916
        ],
        [
          -0.8399323869294095,
          9.68228835416788
        ]
      ],
      "rotation": 219.32869778223042
    },
    {
      "pixel_coords": [
        189,
        74,
        29.23784065246582
      ],
      "3d_coords": [
        -3.0595431327819824,
        4.244725227355957,
        0.25
      ],
      "size": "mini",
      "color": "gray",
      "material": "rubber",
      "shape": "cube",
      "group": [
        [
          -6.020380371191684,
          -0.7986196058355715
        ],
        [
          -4.783959027823157,
          1.866298339743032
        ],
        [
          -3.0595430187592516,
          4.244725303660198
        ],
        [
          -2.027665226927012,
          6.995316806905916
        ],
        [
          -0.8399323869294095,
          9.68228835416788
        ]
      ],
      "rotation": 180.93262842016765
    },
    {
      "pixel_coords": [
        224,
        71,
        29.33490753173828
      ],
      "3d_coords": [
        -2.027665138244629,
        6.995316982269287,
        0.3499999940395355
      ],