{
  "image_filename": "CLEVR_new_000146.png",
  "relationships": {
    "front": [
      [
        1,
        2,
        3,
        5,
        6,
        7
      ],
      [
        2,
        3,
        6,
        7
      ],
      [
        3,
        7
      ],
      [],
      [
        0,
        1,
        2,
        3,
        5,
        6,
        7
      ],
      [
        2,
        3,
        6,
        7
      ],
      [
        2,
        3,
        7
      ],
      []
    ],
    "behind": [
      [
        4
      ],
      [
        0,
        4
      ],
      [
        0,
        1,
        4,
        5,
        6
      ],
      [
        0,
        1,
        2,
        4,
        5,
        6
      ],
      [],
      [
        0,
        4
      ],
      [
        0,
        1,
        4,
        5
      ],
      [
        0,
        1,
        2,
        4,
        5,
        6
      ]
    ],
    "left": [
      [],
      [
        0
      ],
      [
        0,
        1
      ],
      [
        0,
        1,
        2,
        4
      ],
      [
        0,
        1
      ],
      [
        0,
        1,
        2,
        3,
        4
      ],
      [
        0,
        1,
        2,
        3,
        4,
        5
      ],
      [
        0,
        1,
        2,
        3,
        4,
        5,
        6
      ]
    ],
    "right": [
      [
        1,
        2,
        3,
        4,
        5,
        6,
        7
      ],
      [
        2,
        3,
        4,
        5,
        6,
        7
      ],
      [
        3,
        5,
        6,
        7
      ],
      [
        5,
        6,
        7
      ],
      [
        3,
        5,
        6,
        7
      ],
      [
        6,
        7
      ],
      [
        7
      ],
      []
    ]
  },
  "split": "new",
  "directions": {
    "front": [
      0.754490315914154,
      -0.6563112735748291,
      -0.0
    ],
    "behind": [
      -0.754490315914154,
      0.6563112735748291,
      0.0
    ],
    "below": [
      -0.0,
      -0.0,
      -1.0
    ],
    "right": [
      0.6563112735748291,
      0.7544902563095093,
      -0.0
    ],
    "left": [
      -0.6563112735748291,
      -0.7544902563095093,
      0.0
    ],
    "above": [
      0.0,
      0.0,
      1.0
    ]
  },
  "image_index": 146,
  "objects": [
    {
      "pixel_coords": [
        103,
        103,
        26.794567108154297
      ],
      "3d_coords": [
        -3.1235644817352295,
        -3.2961273193359375,
        0.3499999940395355
      ],
      "size": "small",
      "color": "green",
      "material": "rubber",
      "shape": "cube",
      "group": [
        [
          -3.1235644277464956,
          -3.2961273346604383
        ],
        [
          -1.5128282175817915,
          -2.2011911257341046
        ],
        [
          0.3116949954555408,
          -1.5196696767380709
        ],
        [
          1.9518258504310082,
          -0.46927583683269125
        ]
      ],
      "rotation": 84.85067488237226
    },
    {
      "pixel_coords": [
        125,
        113,
        26.20001792907715
      ],
      "3d_coords": [
        -1.5128282308578491,
        -2.2011911869049072,
        0.3499999940395355
      ],
      "size": "small",
      "color": "gray",
      "material": "metal",
      "shape": "sphere",
      "group": [
        [
          -3.1235644277464956,
          -3.2961273346604383
        ],
        [
          -1.5128282175817915,
          -2.2011911257341046
        ],
        [
          0.3116949954555408,
          -1.5196696767380709
        ],
        [
          1.9518258504310082,
          -0.46927583683269125
        ]
      ],
      "rotation": 55.27621579678514
    },
    {
      "pixel_coords": [
        143,
        124,
        25.099349975585938
      ],
      "3d_coords": [
        0.31169500946998596,
        -1.5196696519851685,
        0.699999988079071
      ],
      "size": "large",
      "color": "gray",
      "material": "metal",
      "shape": "cylinder",
      "group": [
        [
          -3.1235644277464956,
          -3.2961273346604383
        ],
        [
          -1.5128282175817915,
          -2.2011911257341046
        ],
        [
          0.3116949954555408,
          -1.5196696767380709
        ],
        [
          1.9518258504310082,
          -0.46927583683269125
        ]
      ],
      "rotation": 93.74450103252302
    },
    {
      "pixel_coords": [
        166,
        140,
        24.83072280883789
      ],
      "3d_coords": [
        1.9518258571624756,
        -0.4692758321762085,
        0.25
      ],
      "size": "mini",
      "color": "purple",
      "material": "metal",
      "shape": "cylinder",
      "group": [
        [
          -3.1235644277464956,
          -3.2961273346604383
        ],
        [
          -1.5128282175817915,
          -2.2011911257341046
        ],
        [
          0.3116949954555408,
          -1.5196696767380709
        ],
        [
          1.9518258504310082,
          -0.46927583683269125
        ]
      ],
      "rotation": 110.40618207213396
    },
    {
      "pixel_coords": [
        151,
        104,
        26.52560043334961
      ],
      "3d_coords": [
        -1.2887641191482544,
        -0.10945789515972137,
        0.5
      ],
      "size": "medium",
      "color": "purple",
      "material": "metal",
      "shape": "cone",
      "group": [
        [
          -1.2887640873762125,
          -0.10945789255597838
        ],
        [
          1.7830037280603372,
          1.8704982530034968
        ],
        [
          4.66775347825508,
          4.114201158702452
        ],
        [
          7.789474128172762,
          6.014423259975902
        ]
      ],
      "rotation": 145.82737835183224
    },
    {
      "pixel_coords": [
        194,
        126,
        25.559232711791992
      ],
      "3d_coords": [
        1.7830036878585815,
        1.8704982995986938,
        0.25
      ],
      "size": "mini",
      "color": "gray",
      "material": "metal",
      "shape": "cube",
      "group": [
        [
          -1.2887640873762125,
          -0.10945789255597838
        ],
        [
          1.7830037280603372,
          1.8704982530034968
        ],
        [
          4.66775347825508,
          4.114201158702452
        ],
        [
          7.789474128172762,
          6.014423259975902
        ]
      ],
      "rotation": 113.35664256886929
    },
    {
      "pixel_coords": [
        242,
        144,
        24.492427825927734
      ],
      "3d_coords": [
        4.66775369644165,
        4.114201068878174,
        0.3499999940395355
      ],
      "size": "small",
      "color": "red",
      "material": "rubber",
      "shape": "sphere",
      "group": [
        [
          -1.2887640873762125,
          -0.10945789255597838
        ],
        [
          1.7830037280603372,
          1.8704982530034968
        ],
        [
          4.66775347825508,
          4.114201158702452
        ],
        [
          7.789474128172762,
          6.014423259975902
        ]
      ],
      "rotation": 314.0474962176555
    },
    {
      "pixel_coords": [
        293,
        168,
        23.279937744140625
      ],
      "3d_coords": [
        7.789474010467529,
        6.014423370361328,
        0.3499999940395355
      ],
      "size": "small",
      "color": "yellow",
      "material": "rubber",
      "shape": "cube",
      "group": [
        [
          -1.2887640873762125,
          -0.10945789255597838
        ],
        [
          1.7830037280603372,
          1.8704982530034968
        ],
        [
          4.66775347825508,
          4.114201158702452
        ],
        [
          7.789474128172762,
          6.014423259975902
        ]
      ],
      "rotation": 253.02189432723526
    }
  ]
}