{
  "image_filename": "CLEVR_new_000174.png",
  "relationships": {
    "front": [
      [],
      [
        0
      ],
      [
        0,
        1
      ],
      [
        0,
        1,
        2
      ],
      [
        0,
        1,
        2
      ],
      [
        0,
        1,
        2,
        3,
        4
      ],
      [
        0,
        1,
        2,
        3,
        4,
        5
      ],
      [
        0,
        1,
        2,
        3,
        4,
        5,
        6
      ],
      [
        0,
        1,
        2,
        3,
        4,
        5,
        6,
        7
      ]
    ],
    "behind": [
      [
        1,
        2,
        3,
        4,
        5,
        6,
        7,
        8
      ],
      [
        2,
        3,
        4,
        5,
        6,
        7,
        8
      ],
      [
        3,
        4,
        5,
        6,
        7,
        8
      ],
      [
        5,
        6,
        7,
        8
      ],
      [
        5,
        6,
        7,
        8
      ],
      [
        6,
        7,
        8
      ],
      [
        7,
        8
      ],
      [
        8
      ],
      []
    ],
    "left": [
      [
        4,
        5
      ],
      [
        0,
        4,
        5
      ],
      [
        0,
        1,
        4,
        5,
        6
      ],
      [
        0,
        1,
        2,
        4,
        5,
        6
      ],
      [],
      [
        4
      ],
      [
        0,
        1,
        4,
        5
      ],
      [
        0,
        1,
        2,
        4,
        5,
        6
      ],
      [
        0,
        1,
        2,
        3,
        4,
        5,
        6,
        7
      ]
    ],
    "right": [
      [
        1,
        2,
        3,
        6,
        7,
        8
      ],
      [
        2,
        3,
        6,
        7,
        8
      ],
      [
        3,
        7,
        8
      ],
      [
        8
      ],
      [
        0,
        1,
        2,
        3,
        5,
        6,
        7,
        8
      ],
      [
        0,
        1,
        2,
        3,
        6,
        7,
        8
      ],
      [
        2,
        3,
        7,
        8
      ],
      [
        8
      ],
      []
    ]
  },
  "split": "new",
  "directions": {
    "front": [
      0.754490315914154,
      -0.6563112735748291,
      -0.0
    ],
    "behind": [
      -0.754490315914154,
      0.6563112735748291,
      0.0
    ],
    "below": [
      -0.0,
      -0.0,
      -1.0
    ],
    "right": [
      0.6563112735748291,
      0.7544902563095093,
      -0.0
    ],
    "left": [
      -0.6563112735748291,
      -0.7544902563095093,
      0.0
    ],
    "above": [
      0.0,
      0.0,
      1.0
    ]
  },
  "image_index": 174,
  "objects": [
    {
      "pixel_coords": [
        91,
        124,
        24.866031646728516
      ],
      "3d_coords": [
        -1.3688414096832275,
        -4.77855920791626,
        0.699999988079071
      ],
      "size": "large",
      "color": "yellow",
      "material": "rubber",
      "shape": "cone",
      "group": [
        [
          -1.368841450928464,
          -4.7785590718857875
        ],
        [
          -1.1184841941607648,
          -3.252527314240698
        ],
        [
          -0.4710153517676321,
          -1.848164191865397
        ],
        [
          0.35099519213448405,
          -0.538297653980198
        ]
      ],
      "rotation": 232.84658473707825
    },
    {
      "pixel_coords": [
        113,
        122,
        25.427167892456055
      ],
      "3d_coords": [
        -1.1184841394424438,
        -3.2525272369384766,
        0.3499999940395355
      ],
      "size": "small",
      "color": "cyan",
      "material": "metal",
      "shape": "cylinder",
      "group": [
        [
          -1.368841450928464,
          -4.7785590718857875
        ],
        [
          -1.1184841941607648,
          -3.252527314240698
        ],
        [
          -0.4710153517676321,
          -1.848164191865397
        ],
        [
          0.35099519213448405,
          -0.538297653980198
        ]
      ],
      "rotation": 136.93483127374273
    },
    {
      "pixel_coords": [
        134,
        120,
        25.342294692993164
      ],
      "3d_coords": [
        -0.4710153639316559,
        -1.8481642007827759,
        0.5
      ],
      "size": "medium",
      "color": "gray",
      "material": "rubber",
      "shape": "cylinder",
      "group": [
        [
          -1.368841450928464,
          -4.7785590718857875
        ],
        [
          -1.1184841941607648,
          -3.252527314240698
        ],
        [
          -0.4710153517676321,
          -1.848164191865397
        ],
        [
          0.35099519213448405,
          -0.538297653980198
        ]
      ],
      "rotation": 162.85077915769384
    },
    {
      "pixel_coords": [
        156,
        124,
        25.45096778869629
      ],
      "3d_coords": [
        0.35099518299102783,
        -0.5382976531982422,
        0.25
      ],
      "size": "mini",
      "color": "gray",
      "material": "rubber",
      "shape": "cylinder",
      "group": [
        [
          -1.368841450928464,
          -4.7785590718857875
        ],
        [
          -1.1184841941607648,
          -3.252527314240698
        ],
        [
          -0.4710153517676321,
          -1.848164191865397
        ],
        [
          0.35099519213448405,
          -0.538297653980198
        ]
      ],
      "rotation": 25.737896860567673
    },
    {
      "pixel_coords": [
        48,
        97,
        26.451683044433594
      ],
      "3d_coords": [
        -5.289262771606445,
        -6.8230791091918945,
        0.699999988079071
      ],
      "size": "large",
      "color": "gray",
      "material": "rubber",
      "shape": "cube",
      "group": [
        [
          -5.2892627820930125,
          -6.823079329711216
        ],
        [
          -4.820305696133663,
          -3.5231334498664766
        ],
        [
          -4.2231078392539345,
          -0.24396918467419848
        ],
        [
          -3.886311582853784,
          3.0720724073524446
        ],
        [
          -3.5905215318765515,
          6.392022979893945
        ]
      ],
      "rotation": 315.10255086977645
    },
    {
      "pixel_coords": [
        91,
        87,
        27.107885360717773
      ],
      "3d_coords": [
        -4.820305824279785,
        -3.5231335163116455,
        0.699999988079071
      ],
      "size": "large",
      "color": "green",
      "material": "metal",
      "shape": "cylinder",
      "group": [
        [
          -5.2892627820930125,
          -6.823079329711216
        ],
        [
          -4.820305696133663,
          -3.5231334498664766
        ],
        [
          -4.2231078392539345,
          -0.24396918467419848
        ],
        [
          -3.886311582853784,
          3.0720724073524446
        ],
        [
          -3.5905215318765515,
          6.392022979893945
        ]
      ],
      "rotation": 278.51612395667865
    },
    {
      "pixel_coords": [
        134,
        82,
        28.042890548706055
      ],
      "3d_coords": [
        -4.223107814788818,
        -0.24396918714046478,
        0.25
      ],
      "size": "mini",
      "color": "purple",
      "material": "metal",
      "shape": "sphere",
      "group": [
        [
          -5.2892627820930125,
          -6.823079329711216
        ],
        [
          -4.820305696133663,
          -3.5231334498664766
        ],
        [
          -4.2231078392539345,
          -0.24396918467419848
        ],
        [
          -3.886311582853784,
          3.0720724073524446
        ],
        [
          -3.5905215318765515,
          6.392022979893945
        ]
      ],
      "rotation": 80.89094966097889
    },
    {
      "pixel_coords": [
        172,
        68,
        28.421144485473633
      ],