{
  "image_filename": "CLEVR_new_000158.png",
  "relationships": {
    "front": [
      [
        1,
        2,
        3
      ],
      [
        2,
        3
      ],
      [
        3
      ],
      [],
      [
        0,
        1,
        2,
        3
      ],
      [
        0,
        1,
        2,
        3,
        4
      ],
      [
        0,
        1,
        2,
        3,
        4,
        5
      ],
      [
        0,
        1,
        2,
        3,
        4,
        5,
        6
      ],
      [
        0,
        1,
        2,
        3,
        4,
        5,
        6,
        7
      ]
    ],
    "behind": [
      [
        4,
        5,
        6,
        7,
        8
      ],
      [
        0,
        4,
        5,
        6,
        7,
        8
      ],
      [
        0,
        1,
        4,
        5,
        6,
        7,
        8
      ],
      [
        0,
        1,
        2,
        4,
        5,
        6,
        7,
        8
      ],
      [
        5,
        6,
        7,
        8
      ],
      [
        6,
        7,
        8
      ],
      [
        7,
        8
      ],
      [
        8
      ],
      []
    ],
    "left": [
      [],
      [
        0,
        4
      ],
      [
        0,
        1,
        4,
        5
      ],
      [
        0,
        1,
        2,
        4,
        5,
        6
      ],
      [
        0
      ],
      [
        0,
        1,
        4
      ],
      [
        0,
        1,
        2,
        4,
        5
      ],
      [
        0,
        1,
        2,
        3,
        4,
        5,
        6
      ],
      [
        0,
        1,
        2,
        3,
        4,
        5,
        6,
        7
      ]
    ],
    "right": [
      [
        1,
        2,
        3,
        4,
        5,
        6,
        7,
        8
      ],
      [
        2,
        3,
        5,
        6,
        7,
        8
      ],
      [
        3,
        6,
        7,
        8
      ],
      [
        7,
        8
      ],
      [
        1,
        2,
        3,
        5,
        6,
        7,
        8
      ],
      [
        2,
        3,
        6,
        7,
        8
      ],
      [
        3,
        7,
        8
      ],
      [
        8
      ],
      []
    ]
  },
  "split": "new",
  "directions": {
    "front": [
      0.754490315914154,
      -0.6563112735748291,
      -0.0
    ],
    "behind": [
      -0.754490315914154,
      0.6563112735748291,
      0.0
    ],
    "below": [
      -0.0,
      -0.0,
      -1.0
    ],
    "right": [
      0.6563112735748291,
      0.7544902563095093,
      -0.0
    ],
    "left": [
      -0.6563112735748291,
      -0.7544902563095093,
      0.0
    ],
    "above": [
      0.0,
      0.0,
      1.0
    ]
  },
  "image_index": 158,
  "objects": [
    {
      "pixel_coords": [
        91,
        98,
        27.226306915283203
      ],
      "3d_coords": [
        -4.063632011413574,
        -3.979945182800293,
        0.25
      ],
      "size": "mini",
      "color": "red",
      "material": "metal",
      "shape": "cylinder",
      "group": [
        [
          -4.063631782962499,
          -3.9799452882949358
        ],
        [
          -0.5333743611254085,
          -2.1519106846406415
        ],
        [
          3.028153984818772,
          -0.3855744149486324
        ],
        [
          6.739524080632739,
          1.0392624137763966
        ]
      ],
      "rotation": 324.642455542269
    },
    {
      "pixel_coords": [
        130,
        122,
        25.706403732299805
      ],
      "3d_coords": [
        -0.5333743691444397,
        -2.1519107818603516,
        0.3499999940395355
      ],
      "size": "small",
      "color": "purple",
      "material": "rubber",
      "shape": "cube",
      "group": [
        [
          -4.063631782962499,
          -3.9799452882949358
        ],
        [
          -0.5333743611254085,
          -2.1519106846406415
        ],
        [
          3.028153984818772,
          -0.3855744149486324
        ],
        [
          6.739524080632739,
          1.0392624137763966
        ]
      ],
      "rotation": 219.35047592741435
    },
    {
      "pixel_coords": [
        174,
        147,
        23.954240798950195
      ],
      "3d_coords": [
        3.028153896331787,
        -0.3855744004249573,
        0.699999988079071
      ],
      "size": "large",
      "color": "yellow",
      "material": "rubber",
      "shape": "sphere",
      "group": [
        [
          -4.063631782962499,
          -3.9799452882949358
        ],
        [
          -0.5333743611254085,
          -2.1519106846406415
        ],
        [
          3.028153984818772,
          -0.3855744149486324
        ],
        [
          6.739524080632739,
          1.0392624137763966
        ]
      ],
      "rotation": 67.26593240683836
    },
    {
      "pixel_coords": [
        220,
        186,
        22.586936950683594
      ],
      "3d_coords": [
        6.739523887634277,
        1.0392624139785767,
        0.3499999940395355
      ],
      "size": "small",
      "color": "gray",
      "material": "rubber",
      "shape": "cube",
      "group": [
        [
          -4.063631782962499,
          -3.9799452882949358
        ],
        [
          -0.5333743611254085,
          -2.1519106846406415
        ],
        [
          3.028153984818772,
          -0.3855744149486324
        ],
        [
          6.739524080632739,
          1.0392624137763966
        ]
      ],
      "rotation": 137.37233383581102
    },
    {
      "pixel_coords": [
        130,
        73,
        28.30691909790039
      ],
      "3d_coords": [
        -4.927873134613037,
        -0.3234613537788391,
        0.699999988079071
      ],
      "size": "large",
      "color": "cyan",
      "material": "metal",
      "shape": "sphere",
      "group": [
        [
          -4.927873113931402,
          -0.32346134789132464
        ],
        [
          -3.969872415628644,
          3.33282608065508
        ],
        [
          -3.1126685745351814,
          7.014049338338545
        ],
        [
          -2.2514868761472826,
          10.694344052142968
        ],
        [
          -2.392142141823873,
          14.47143541909883
        ]
      ],
      "rotation": 73.24989944754422
    },
    {
      "pixel_coords": [
        175,
        69,
        29.030763626098633
      ],
      "3d_coords": [
        -3.96987247467041,
        3.3328261375427246,
        0.3499999940395355
      ],
      "size": "small",
      "color": "purple",
      "material": "rubber",
      "shape": "cone",
      "group": [
        [
          -4.927873113931402,
          -0.32346134789132464
        ],
        [
          -3.969872415628644,
          3.33282608065508
        ],
        [
          -3.1126685745351814,
          7.014049338338545
        ],
        [
          -2.2514868761472826,
          10.694344052142968
        ],
        [
          -2.392142141823873,
          14.47143541909883
        ]
      ],
      "rotation": 349.33207083284213
    },
    {
      "pixel_coords": [
        219,
        61,
        29.418359756469727
      ],
      "3d_coords": [
        -3.112668514251709,
        7.014049530029297,
        0.5
      ],
      "size": "medium",
      "color": "brown",
      "material": "rubber",
      "shape": "sphere",
      "group": [
        [
          -4.927873113931402,
          -0.32346134789132464
        ],
        [
          -3.969872415628644,
          3.33282608065508
        ],
        [
          -3.1126685745351814,
          7.014049338338545
        ],
        [
          -2.2514868761472826,
          10.694344052142968
        ],
        [
          -2.392142141823873,
          14.47143541909883
        ]
      ],
      "rotation": 217.8105748566926
    },
    {
      "pixel_coords": [
        262,
        52,
        29.763763427734375
      ],