{
  "image_filename": "CLEVR_new_000035.png",
  "relationships": {
    "front": [
      [],
      [],
      [],
      [
        0,
        1,
        2,
        4
      ],
      [
        1
      ],
      [
        0,
        1,
        2,
        3,
        4
      ],
      [
        0,
        1,
        2,
        3,
        4,
        5
      ],
      [
        0,
        1,
        2,
        3,
        4,
        5,
        6
      ],
      [
        0,
        1,
        2,
        3,
        4,
        5,
        6
      ]
    ],
    "behind": [
      [
        3,
        5,
        6,
        7,
        8
      ],
      [
        3,
        4,
        5,
        6,
        7,
        8
      ],
      [
        3,
        5,
        6,
        7,
        8
      ],
      [
        5,
        6,
        7,
        8
      ],
      [
        3,
        5,
        6,
        7,
        8
      ],
      [
        6,
        7,
        8
      ],
      [
        7,
        8
      ],
      [],
      []
    ],
    "left": [
      [
        4
      ],
      [
        0,
        4
      ],
      [
        0,
        1,
        4,
        5
      ],
      [
        0,
        1,
        2,
        4,
        5
      ],
      [],
      [
        0,
        1,
        4
      ],
      [
        0,
        1,
        2,
        3,
        4,
        5
      ],
      [
        0,
        1,
        2,
        3,
        4,
        5,
        6
      ],
      [
        0,
        1,
        2,
        3,
        4,
        5,
        6,
        7
      ]
    ],
    "right": [
      [
        1,
        2,
        3,
        5,
        6,
        7,
        8
      ],
      [
        2,
        3,
        5,
        6,
        7,
        8
      ],
      [
        3,
        6,
        7,
        8
      ],
      [
        6,
        7,
        8
      ],
      [
        0,
        1,
        2,
        3,
        5,
        6,
        7,
        8
      ],
      [
        2,
        3,
        6,
        7,
        8
      ],
      [
        7,
        8
      ],
      [
        8
      ],
      []
    ]
  },
  "split": "new",
  "directions": {
    "front": [
      0.754490315914154,
      -0.6563112735748291,
      -0.0
    ],
    "behind": [
      -0.754490315914154,
      0.6563112735748291,
      0.0
    ],
    "below": [
      -0.0,
      -0.0,
      -1.0
    ],
    "right": [
      0.6563112735748291,
      0.7544902563095093,
      -0.0
    ],
    "left": [
      -0.6563112735748291,
      -0.7544902563095093,
      0.0
    ],
    "above": [
      0.0,
      0.0,
      1.0
    ]
  },
  "image_index": 35,
  "objects": [
    {
      "pixel_coords": [
        83,
        141,
        25.18600082397461
      ],
      "3d_coords": [
        -0.4827108383178711,
        -5.9432196617126465,
        0.3499999940395355
      ],
      "size": "small",
      "color": "blue",
      "material": "rubber",
      "shape": "cone",
      "group": [
        [
          -0.4827108379696874,
          -5.943219446262507
        ],
        [
          0.80748387857366,
          -4.717166575784595
        ],
        [
          1.8393387850002023,
          -3.266965382885152
        ],
        [
          2.461970728456335,
          -1.5995909465957094
        ]
      ],
      "rotation": 290.8762601393115
    },
    {
      "pixel_coords": [
        105,
        149,
        24.883310317993164
      ],
      "3d_coords": [
        0.8074838519096375,
        -4.717166423797607,
        0.25
      ],
      "size": "mini",
      "color": "red",
      "material": "metal",
      "shape": "cone",
      "group": [
        [
          -0.4827108379696874,
          -5.943219446262507
        ],
        [
          0.80748387857366,
          -4.717166575784595
        ],
        [
          1.8393387850002023,
          -3.266965382885152
        ],
        [
          2.461970728456335,
          -1.5995909465957094
        ]
      ],
      "rotation": 229.3560206330366
    },
    {
      "pixel_coords": [
        130,
        150,
        24.50589370727539
      ],
      "3d_coords": [
        1.839338779449463,
        -3.266965389251709,
        0.5
      ],
      "size": "medium",
      "color": "blue",
      "material": "metal",
      "shape": "cylinder",
      "group": [
        [
          -0.4827108379696874,
          -5.943219446262507
        ],
        [
          0.80748387857366,
          -4.717166575784595
        ],
        [
          1.8393387850002023,
          -3.266965382885152
        ],
        [
          2.461970728456335,
          -1.5995909465957094
        ]
      ],
      "rotation": 331.08074195689477
    },
    {
      "pixel_coords": [
        155,
        147,
        24.451297760009766
      ],
      "3d_coords": [
        2.461970806121826,
        -1.5995908975601196,
        0.699999988079071
      ],
      "size": "large",
      "color": "red",
      "material": "metal",
      "shape": "cube",
      "group": [
        [
          -0.4827108379696874,
          -5.943219446262507
        ],
        [
          0.80748387857366,
          -4.717166575784595
        ],
        [
          1.8393387850002023,
          -3.266965382885152
        ],
        [
          2.461970728456335,
          -1.5995909465957094
        ]
      ],
      "rotation": 243.24466974565587
    },
    {
      "pixel_coords": [
        78,
        139,
        25.29050636291504
      ],
      "3d_coords": [
        -0.7946432828903198,
        -6.1940507888793945,
        0.3499999940395355
      ],
      "size": "small",
      "color": "yellow",
      "material": "rubber",
      "shape": "cube",
      "group": [
        [
          -0.794643263644236,
          -6.194050883816589
        ],
        [
          0.44369922648375026,
          -2.6015318008415544
        ],
        [
          2.4752790545294685,
          0.6097559294426524
        ],
        [
          4.330598113278113,
          3.9260002923689132
        ],
        [
          6.788206926350129,
          6.824248799020287
        ]
      ],
      "rotation": 15.556766666029173
    },
    {
      "pixel_coords": [
        131,
        134,
        25.570497512817383
      ],
      "3d_coords": [
        0.4436992406845093,
        -2.601531744003296,
        0.3499999940395355
      ],
      "size": "small",
      "color": "green",
      "material": "rubber",
      "shape": "cylinder",
      "group": [
        [
          -0.794643263644236,
          -6.194050883816589
        ],
        [
          0.44369922648375026,
          -2.6015318008415544
        ],
        [
          2.4752790545294685,
          0.6097559294426524
        ],
        [
          4.330598113278113,
          3.9260002923689132
        ],
        [
          6.788206926350129,
          6.824248799020287
        ]
      ],
      "rotation": 236.68751224891383
    },
    {
      "pixel_coords": [
        182,
        139,
        25.391128540039062
      ],
      "3d_coords": [
        2.4752790927886963,
        0.6097559332847595,
        0.25
      ],
      "size": "mini",
      "color": "red",
      "material": "metal",
      "shape": "cube",
      "group": [
        [
          -0.794643263644236,
          -6.194050883816589
        ],
        [
          0.44369922648375026,
          -2.6015318008415544
        ],
        [
          2.4752790545294685,
          0.6097559294426524
        ],
        [
          4.330598113278113,
          3.9260002923689132
        ],
        [
          6.788206926350129,
          6.824248799020287
        ]
      ],
      "rotation": 61.824922891877385
    },
    {
      "pixel_coords": [
        235,
        141,
        25.178627014160156
      ],
      "3d_coords": [
        4.330597877502441,
        3.9260003566741943,
        0.3499999940395355
      ],
      "size": "small",
      "color": "red",
      "material": "rubber",
      "shape": "sphere",