{
  "image_filename": "CLEVR_new_000198.png",
  "relationships": {
    "front": [
      [
        2,
        3,
        4,
        5,
        6,
        7
      ],
      [
        2,
        3,
        4,
        5,
        6,
        7
      ],
      [
        3
      ],
      [],
      [
        2,
        3
      ],
      [
        2,
        3
      ],
      [
        3
      ],
      [
        2,
        3,
        4,
        5,
        6
      ]
    ],
    "behind": [
      [],
      [],
      [
        0,
        1,
        4,
        5,
        7
      ],
      [
        0,
        1,
        2,
        4,
        5,
        6,
        7
      ],
      [
        0,
        1,
        7
      ],
      [
        0,
        1,
        7
      ],
      [
        0,
        1,
        7
      ],
      [
        0,
        1
      ]
    ],
    "left": [
      [
        4
      ],
      [
        0,
        4,
        5
      ],
      [
        0,
        1,
        4,
        5,
        6
      ],
      [
        0,
        1,
        2,
        4,
        5,
        6
      ],
      [],
      [
        0,
        4
      ],
      [
        0,
        1,
        4,
        5
      ],
      [
        0,
        1,
        2,
        4,
        5,
        6
      ]
    ],
    "right": [
      [
        1,
        2,
        3,
        5,
        6,
        7
      ],
      [
        2,
        3,
        6,
        7
      ],
      [
        3,
        7
      ],
      [],
      [
        0,
        1,
        2,
        3,
        5,
        6,
        7
      ],
      [
        1,
        2,
        3,
        6,
        7
      ],
      [
        2,
        3,
        7
      ],
      []
    ]
  },
  "split": "new",
  "directions": {
    "front": [
      0.754490315914154,
      -0.6563112735748291,
      -0.0
    ],
    "behind": [
      -0.754490315914154,
      0.6563112735748291,
      0.0
    ],
    "below": [
      -0.0,
      -0.0,
      -1.0
    ],
    "right": [
      0.6563112735748291,
      0.7544902563095093,
      -0.0
    ],
    "left": [
      -0.6563112735748291,
      -0.7544902563095093,
      0.0
    ],
    "above": [
      0.0,
      0.0,
      1.0
    ]
  },
  "image_index": 198,
  "objects": [
    {
      "pixel_coords": [
        139,
        93,
        27.037132263183594
      ],
      "3d_coords": [
        -2.869046688079834,
        -0.4154200851917267,
        0.3499999940395355
      ],
      "size": "small",
      "color": "cyan",
      "material": "metal",
      "shape": "cube",
      "group": [
        [
          -2.869046768820005,
          -0.4154200977741507
        ],
        [
          -1.2603944663610671,
          1.2326591424518836
        ],
        [
          0.7575676829402322,
          2.3425042560861
        ],
        [
          2.988411369044889,
          2.9145740599015566
        ]
      ],
      "rotation": 167.11061971175357
    },
    {
      "pixel_coords": [
        167,
        98,
        26.473064422607422
      ],
      "3d_coords": [
        -1.2603944540023804,
        1.232659101486206,
        0.5
      ],
      "size": "medium",
      "color": "gray",
      "material": "metal",
      "shape": "sphere",
      "group": [
        [
          -2.869046768820005,
          -0.4154200977741507
        ],
        [
          -1.2603944663610671,
          1.2326591424518836
        ],
        [
          0.7575676829402322,
          2.3425042560861
        ],
        [
          2.988411369044889,
          2.9145740599015566
        ]
      ],
      "rotation": 30.373235947489764
    },
    {
      "pixel_coords": [
        193,
        114,
        25.860363006591797
      ],
      "3d_coords": [
        0.7575677037239075,
        2.3425042629241943,
        0.25
      ],
      "size": "mini",
      "color": "brown",
      "material": "metal",
      "shape": "cylinder",
      "group": [
        [
          -2.869046768820005,
          -0.4154200977741507
        ],
        [
          -1.2603944663610671,
          1.2326591424518836
        ],
        [
          0.7575676829402322,
          2.3425042560861
        ],
        [
          2.988411369044889,
          2.9145740599015566
        ]
      ],
      "rotation": 85.01149405973146
    },
    {
      "pixel_coords": [
        216,
        130,
        24.433162689208984
      ],
      "3d_coords": [
        2.9884114265441895,
        2.914574146270752,
        0.699999988079071
      ],
      "size": "large",
      "color": "red",
      "material": "rubber",
      "shape": "sphere",
      "group": [
        [
          -2.869046768820005,
          -0.4154200977741507
        ],
        [
          -1.2603944663610671,
          1.2326591424518836
        ],
        [
          0.7575676829402322,
          2.3425042560861
        ],
        [
          2.988411369044889,
          2.9145740599015566
        ]
      ],
      "rotation": 26.77603254025129
    },
    {
      "pixel_coords": [
        134,
        99,
        26.762222290039062
      ],
      "3d_coords": [
        -2.516263484954834,
        -1.0255138874053955,
        0.25
      ],
      "size": "mini",
      "color": "gray",
      "material": "rubber",
      "shape": "sphere",
      "group": [
        [
          -2.5162634268244126,
          -1.0255139362918033
        ],
        [
          -1.1072754218537109,
          0.5946435237274676
        ],
        [
          0.4022317791809007,
          2.1215834057896483
        ],
        [
          1.447119000449673,
          3.9973147533542823
        ]
      ],
      "rotation": 262.55100961442116
    },
    {
      "pixel_coords": [
        161,
        105,
        26.419172286987305
      ],
      "3d_coords": [
        -1.107275366783142,
        0.5946435332298279,
        0.25
      ],
      "size": "mini",
      "color": "purple",
      "material": "rubber",
      "shape": "cylinder",
      "group": [
        [
          -2.5162634268244126,
          -1.0255139362918033
        ],
        [
          -1.1072754218537109,
          0.5946435237274676
        ],
        [
          0.4022317791809007,
          2.1215834057896483
        ],
        [
          1.447119000449673,
          3.9973147533542823
        ]
      ],
      "rotation": 292.38131235218924
    },
    {
      "pixel_coords": [
        188,
        112,
        25.996471405029297
      ],
      "3d_coords": [
        0.40223178267478943,
        2.1215834617614746,
        0.25
      ],
      "size": "mini",
      "color": "red",
      "material": "metal",
      "shape": "cube",
      "group": [
        [
          -2.5162634268244126,
          -1.0255139362918033
        ],
        [
          -1.1072754218537109,
          0.5946435237274676
        ],
        [
          0.4022317791809007,
          2.1215834057896483
        ],
        [
          1.447119000449673,
          3.9973147533542823
        ]
      ],
      "rotation": 245.3982605760873
    },
    {
      "pixel_coords": [
        218,
        111,
        25.721725463867188
      ],
      "3d_coords": [
        1.4471189975738525,
        3.997314691543579,
        0.5
      ],
      "size": "medium",
      "color": "cyan",
      "material": "metal",
      "shape": "cube",
      "group": [
        [
          -2.5162634268244126,
          -1.0255139362918033
        ],
        [
          -1.1072754218537109,
          0.5946435237274676
        ],
        [
          0.4022317791809007,
          2.1215834057896483
        ],
        [
          1.447119000449673,
          3.9973147533542823
        ]
      ],
      "rotation": 185.25335215344157
    }
  ]
}