{
  "image_filename": "CLEVR_new_000023.png",
  "relationships": {
    "front": [
      [
        4,
        5,
        6,
        7,
        8
      ],
      [
        4,
        5,
        6,
        7,
        8
      ],
      [
        4,
        5,
        6,
        7,
        8
      ],
      [
        0,
        1,
        4,
        5,
        6,
        7,
        8
      ],
      [
        5,
        6,
        7,
        8
      ],
      [
        6,
        7,
        8
      ],
      [
        7,
        8
      ],
      [
        8
      ],
      []
    ],
    "behind": [
      [
        3
      ],
      [
        3
      ],
      [],
      [],
      [
        0,
        1,
        2,
        3
      ],
      [
        0,
        1,
        2,
        3,
        4
      ],
      [
        0,
        1,
        2,
        3,
        4,
        5
      ],
      [
        0,
        1,
        2,
        3,
        4,
        5,
        6
      ],
      [
        0,
        1,
        2,
        3,
        4,
        5,
        6,
        7
      ]
    ],
    "left": [
      [],
      [
        0
      ],
      [
        0,
        1
      ],
      [
        0,
        1,
        2
      ],
      [
        0,
        1,
        2,
        3
      ],
      [
        0,
        1,
        2,
        3,
        4
      ],
      [
        0,
        1,
        2,
        3,
        4,
        5
      ],
      [
        0,
        1,
        2,
        3,
        4,
        5,
        6
      ],
      [
        0,
        1,
        2,
        3,
        4,
        5,
        6,
        7
      ]
    ],
    "right": [
      [
        1,
        2,
        3,
        4,
        5,
        6,
        7,
        8
      ],
      [
        2,
        3,
        4,
        5,
        6,
        7,
        8
      ],
      [
        3,
        4,
        5,
        6,
        7,
        8
      ],
      [
        4,
        5,
        6,
        7,
        8
      ],
      [
        5,
        6,
        7,
        8
      ],
      [
        6,
        7,
        8
      ],
      [
        7,
        8
      ],
      [
        8
      ],
      []
    ]
  },
  "split": "new",
  "directions": {
    "front": [
      0.754490315914154,
      -0.6563112735748291,
      -0.0
    ],
    "behind": [
      -0.754490315914154,
      0.6563112735748291,
      0.0
    ],
    "below": [
      -0.0,
      -0.0,
      -1.0
    ],
    "right": [
      0.6563112735748291,
      0.7544902563095093,
      -0.0
    ],
    "left": [
      -0.6563112735748291,
      -0.7544902563095093,
      0.0
    ],
    "above": [
      0.0,
      0.0,
      1.0
    ]
  },
  "image_index": 23,
  "objects": [
    {
      "pixel_coords": [
        51,
        88,
        27.683979034423828
      ],
      "3d_coords": [
        -6.531373500823975,
        -6.320224761962891,
        0.3499999940395355
      ],
      "size": "small",
      "color": "yellow",
      "material": "rubber",
      "shape": "cone",
      "group": [
        [
          -6.531373312599487,
          -6.320224657736419
        ],
        [
          -5.463126683594928,
          -5.183634681724356
        ],
        [
          -4.578645277317926,
          -3.8988466541100877
        ],
        [
          -3.691837450190272,
          -2.61566330333911
        ]
      ],
      "rotation": 88.22419663973722
    },
    {
      "pixel_coords": [
        70,
        93,
        27.49519157409668
      ],
      "3d_coords": [
        -5.4631266593933105,
        -5.1836347579956055,
        0.25
      ],
      "size": "mini",
      "color": "blue",
      "material": "metal",
      "shape": "cone",
      "group": [
        [
          -6.531373312599487,
          -6.320224657736419
        ],
        [
          -5.463126683594928,
          -5.183634681724356
        ],
        [
          -4.578645277317926,
          -3.8988466541100877
        ],
        [
          -3.691837450190272,
          -2.61566330333911
        ]
      ],
      "rotation": 118.90315048735492
    },
    {
      "pixel_coords": [
        88,
        91,
        27.01470184326172
      ],
      "3d_coords": [
        -4.5786452293396,
        -3.8988466262817383,
        0.699999988079071
      ],
      "size": "large",
      "color": "red",
      "material": "rubber",
      "shape": "cylinder",
      "group": [
        [
          -6.531373312599487,
          -6.320224657736419
        ],
        [
          -5.463126683594928,
          -5.183634681724356
        ],
        [
          -4.578645277317926,
          -3.8988466541100877
        ],
        [
          -3.691837450190272,
          -2.61566330333911
        ]
      ],
      "rotation": 118.07832660562109
    },
    {
      "pixel_coords": [
        108,
        95,
        27.045106887817383
      ],
      "3d_coords": [
        -3.6918375492095947,
        -2.6156632900238037,
        0.5
      ],
      "size": "medium",
      "color": "blue",
      "material": "metal",
      "shape": "sphere",
      "group": [
        [
          -6.531373312599487,
          -6.320224657736419
        ],
        [
          -5.463126683594928,
          -5.183634681724356
        ],
        [
          -4.578645277317926,
          -3.8988466541100877
        ],
        [
          -3.691837450190272,
          -2.61566330333911
        ]
      ],
      "rotation": 93.83480993633026
    },
    {
      "pixel_coords": [
        111,
        111,
        26.008785247802734
      ],
      "3d_coords": [
        -2.0177042484283447,
        -3.042856454849243,
        0.5
      ],
      "size": "medium",
      "color": "brown",
      "material": "metal",
      "shape": "cube",
      "group": [
        [
          -2.0177041413828114,
          -3.04285645617243
        ],
        [
          0.6924119125817523,
          -1.4359107436318972
        ],
        [
          3.447063304573682,
          0.09343527921766892
        ],
        [
          5.706765899723848,
          2.2890554035744435
        ],
        [
          7.9885222953205215,
          4.461747581533055
        ]
      ],
      "rotation": 179.01886150966325
    },
    {
      "pixel_coords": [
        147,
        131,
        25.09148406982422
      ],
      "3d_coords": [
        0.6924118995666504,
        -1.435910701751709,
        0.3499999940395355
      ],
      "size": "small",
      "color": "brown",
      "material": "rubber",
      "shape": "cube",
      "group": [
        [
          -2.0177041413828114,
          -3.04285645617243
        ],
        [
          0.6924119125817523,
          -1.4359107436318972
        ],
        [
          3.447063304573682,
          0.09343527921766892
        ],
        [
          5.706765899723848,
          2.2890554035744435
        ],
        [
          7.9885222953205215,
          4.461747581533055
        ]
      ],
      "rotation": 47.0727451123084
    },
    {
      "pixel_coords": [
        184,
        152,
        24.00981903076172
      ],
      "3d_coords": [
        3.4470632076263428,
        0.09343528002500534,
        0.3499999940395355
      ],
      "size": "small",
      "color": "blue",
      "material": "metal",
      "shape": "cone",
      "group": [
        [
          -2.0177041413828114,
          -3.04285645617243
        ],
        [
          0.6924119125817523,
          -1.4359107436318972
        ],
        [
          3.447063304573682,
          0.09343527921766892
        ],
        [
          5.706765899723848,
          2.2890554035744435
        ],
        [
          7.9885222953205215,
          4.461747581533055
        ]
      ],
      "rotation": 171.08174002635351
    },
    {
      "pixel_coords": [
        229,
        165,
        23.385364532470703
      ],
      "3d_coords": [
        5.706766128540039,
        2.289055347442627,
        0.3499999940395355
      ],
      "size": "small",
      "color": "blue",