{
  "image_filename": "CLEVR_new_000013.png",
  "relationships": {
    "front": [
      [
        4
      ],
      [
        0,
        3,
        4
      ],
      [
        0,
        3,
        4
      ],
      [
        0,
        4
      ],
      [],
      [
        0,
        1,
        2,
        3,
        4
      ],
      [
        0,
        1,
        2,
        3,
        4,
        5
      ],
      [
        0,
        1,
        2,
        3,
        4,
        5,
        6
      ],
      [
        0,
        1,
        2,
        3,
        4,
        5,
        6,
        7
      ]
    ],
    "behind": [
      [
        1,
        2,
        3,
        5,
        6,
        7,
        8
      ],
      [
        5,
        6,
        7,
        8
      ],
      [
        5,
        6,
        7,
        8
      ],
      [
        1,
        2,
        5,
        6,
        7,
        8
      ],
      [
        0,
        1,
        2,
        3,
        5,
        6,
        7,
        8
      ],
      [
        6,
        7,
        8
      ],
      [
        7,
        8
      ],
      [
        8
      ],
      []
    ],
    "left": [
      [
        5
      ],
      [
        0,
        5,
        6
      ],
      [
        0,
        1,
        5,
        6,
        7,
        8
      ],
      [
        0,
        1,
        2,
        5,
        6,
        7,
        8
      ],
      [
        0,
        1,
        2,
        3,
        5,
        6,
        7,
        8
      ],
      [],
      [
        0,
        5
      ],
      [
        0,
        5,
        6
      ],
      [
        0,
        1,
        5,
        6,
        7
      ]
    ],
    "right": [
      [
        1,
        2,
        3,
        4,
        6,
        7,
        8
      ],
      [
        2,
        3,
        4,
        8
      ],
      [
        3,
        4
      ],
      [
        4
      ],
      [],
      [
        0,
        1,
        2,
        3,
        4,
        6,
        7,
        8
      ],
      [
        1,
        2,
        3,
        4,
        7,
        8
      ],
      [
        2,
        3,
        4,
        8
      ],
      [
        2,
        3,
        4
      ]
    ]
  },
  "split": "new",
  "directions": {
    "front": [
      0.754490315914154,
      -0.6563112735748291,
      -0.0
    ],
    "behind": [
      -0.754490315914154,
      0.6563112735748291,
      0.0
    ],
    "below": [
      -0.0,
      -0.0,
      -1.0
    ],
    "right": [
      0.6563112735748291,
      0.7544902563095093,
      -0.0
    ],
    "left": [
      -0.6563112735748291,
      -0.7544902563095093,
      0.0
    ],
    "above": [
      0.0,
      0.0,
      1.0
    ]
  },
  "image_index": 13,
  "objects": [
    {
      "pixel_coords": [
        87,
        130,
        25.448564529418945
      ],
      "3d_coords": [
        -1.477067232131958,
        -5.205993175506592,
        0.25
      ],
      "size": "mini",
      "color": "red",
      "material": "metal",
      "shape": "cylinder",
      "group": [
        [
          -1.4770672549886514,
          -5.205993218083441
        ],
        [
          0.027596828959061348,
          -2.0445048865058757
        ],
        [
          2.176229782635535,
          0.7199840186262865
        ],
        [
          4.973333895992956,
          2.8259828446616444
        ],
        [
          7.971470130560056,
          4.634352717004998
        ]
      ],
      "rotation": 205.0667126817691
    },
    {
      "pixel_coords": [
        135,
        128,
        25.459611892700195
      ],
      "3d_coords": [
        0.02759682945907116,
        -2.0445048809051514,
        0.3499999940395355
      ],
      "size": "small",
      "color": "blue",
      "material": "metal",
      "shape": "sphere",
      "group": [
        [
          -1.4770672549886514,
          -5.205993218083441
        ],
        [
          0.027596828959061348,
          -2.0445048865058757
        ],
        [
          2.176229782635535,
          0.7199840186262865
        ],
        [
          4.973333895992956,
          2.8259828446616444
        ],
        [
          7.971470130560056,
          4.634352717004998
        ]
      ],
      "rotation": 357.06202060499095
    },
    {
      "pixel_coords": [
        183,
        135,
        25.161211013793945
      ],
      "3d_coords": [
        2.17622971534729,
        0.7199839949607849,
        0.25
      ],
      "size": "mini",
      "color": "cyan",
      "material": "metal",
      "shape": "cylinder",
      "group": [
        [
          -1.4770672549886514,
          -5.205993218083441
        ],
        [
          0.027596828959061348,
          -2.0445048865058757
        ],
        [
          2.176229782635535,
          0.7199840186262865
        ],
        [
          4.973333895992956,
          2.8259828446616444
        ],
        [
          7.971470130560056,
          4.634352717004998
        ]
      ],
      "rotation": 301.1265977459467
    },
    {
      "pixel_coords": [
        231,
        149,
        23.885940551757812
      ],
      "3d_coords": [
        4.973333835601807,
        2.8259828090667725,
        0.699999988079071
      ],
      "size": "large",
      "color": "cyan",
      "material": "metal",
      "shape": "cube",
      "group": [
        [
          -1.4770672549886514,
          -5.205993218083441
        ],
        [
          0.027596828959061348,
          -2.0445048865058757
        ],
        [
          2.176229782635535,
          0.7199840186262865
        ],
        [
          4.973333895992956,
          2.8259828446616444
        ],
        [
          7.971470130560056,
          4.634352717004998
        ]
      ],
      "rotation": 58.023648908450475
    },
    {
      "pixel_coords": [
        279,
        174,
        22.925771713256836
      ],
      "3d_coords": [
        7.971470355987549,
        4.634352684020996,
        0.5
      ],
      "size": "medium",
      "color": "green",
      "material": "metal",
      "shape": "cone",
      "group": [
        [
          -1.4770672549886514,
          -5.205993218083441
        ],
        [
          0.027596828959061348,
          -2.0445048865058757
        ],
        [
          2.176229782635535,
          0.7199840186262865
        ],
        [
          4.973333895992956,
          2.8259828446616444
        ],
        [
          7.971470130560056,
          4.634352717004998
        ]
      ],
      "rotation": 81.0060535948633
    },
    {
      "pixel_coords": [
        86,
        88,
        27.901456832885742
      ],
      "3d_coords": [
        -5.364100456237793,
        -3.7980825901031494,
        0.3499999940395355
      ],
      "size": "small",
      "color": "purple",
      "material": "metal",
      "shape": "sphere",
      "group": [
        [
          -5.364100508106443,
          -3.798082692823817
        ],
        [
          -5.529957653600119,
          -0.5759955719033161
        ],
        [
          -5.345619905584594,
          2.6450871035599572
        ],
        [
          -4.3886367886981885,
          5.7262455417950715
        ]
      ],
      "rotation": 16.5088243349186
    },
    {
      "pixel_coords": [
        123,
        73,
        28.921937942504883
      ],
      "3d_coords": [
        -5.5299577713012695,
        -0.5759955644607544,
        0.3499999940395355
      ],
      "size": "small",
      "color": "brown",
      "material": "rubber",
      "shape": "sphere",
      "group": [
        [
          -5.364100508106443,
          -3.798082692823817
        ],
        [
          -5.529957653600119,
          -0.5759955719033161
        ],
        [
          -5.345619905584594,
          2.6450871035599572
        ],
        [
          -4.3886367886981885,
          5.7262455417950715
        ]
      ],