{
  "image_filename": "CLEVR_new_000111.png",
  "relationships": {
    "front": [
      [
        4,
        5,
        6,
        7
      ],
      [
        4,
        5,
        6,
        7
      ],
      [
        0,
        1,
        4,
        5,
        6,
        7
      ],
      [
        0,
        1,
        2,
        4,
        5,
        6,
        7
      ],
      [],
      [],
      [
        5
      ],
      [
        4,
        5,
        6
      ]
    ],
    "behind": [
      [
        2,
        3
      ],
      [
        2,
        3
      ],
      [
        3
      ],
      [],
      [
        0,
        1,
        2,
        3,
        7
      ],
      [
        0,
        1,
        2,
        3,
        6,
        7
      ],
      [
        0,
        1,
        2,
        3,
        7
      ],
      [
        0,
        1,
        2,
        3
      ]
    ],
    "left": [
      [],
      [
        0,
        4,
        5
      ],
      [
        0,
        1,
        4,
        5,
        6
      ],
      [
        0,
        1,
        2,
        4,
        5,
        6,
        7
      ],
      [
        0
      ],
      [
        0,
        4
      ],
      [
        0,
        1,
        4,
        5
      ],
      [
        0,
        1,
        4,
        5,
        6
      ]
    ],
    "right": [
      [
        1,
        2,
        3,
        4,
        5,
        6,
        7
      ],
      [
        2,
        3,
        6,
        7
      ],
      [
        3
      ],
      [],
      [
        1,
        2,
        3,
        5,
        6,
        7
      ],
      [
        1,
        2,
        3,
        6,
        7
      ],
      [
        2,
        3,
        7
      ],
      [
        3
      ]
    ]
  },
  "split": "new",
  "directions": {
    "front": [
      0.754490315914154,
      -0.6563112735748291,
      -0.0
    ],
    "behind": [
      -0.754490315914154,
      0.6563112735748291,
      0.0
    ],
    "below": [
      -0.0,
      -0.0,
      -1.0
    ],
    "right": [
      0.6563112735748291,
      0.7544902563095093,
      -0.0
    ],
    "left": [
      -0.6563112735748291,
      -0.7544902563095093,
      0.0
    ],
    "above": [
      0.0,
      0.0,
      1.0
    ]
  },
  "image_index": 111,
  "objects": [
    {
      "pixel_coords": [
        85,
        75,
        28.16602897644043
      ],
      "3d_coords": [
        -6.538348197937012,
        -3.566012382507324,
        0.25
      ],
      "size": "mini",
      "color": "green",
      "material": "rubber",
      "shape": "cone",
      "group": [
        [
          -6.538348423069143,
          -3.5660122934464136
        ],
        [
          -4.252914167348995,
          -0.90822359762078
        ],
        [
          -2.3622100162264257,
          2.0434349703381764
        ],
        [
          -0.480533582675263,
          5.000856869272417
        ]
      ],
      "rotation": 121.28072055096786
    },
    {
      "pixel_coords": [
        126,
        79,
        27.264863967895508
      ],
      "3d_coords": [
        -4.252913951873779,
        -0.908223569393158,
        0.699999988079071
      ],
      "size": "large",
      "color": "blue",
      "material": "metal",
      "shape": "sphere",
      "group": [
        [
          -6.538348423069143,
          -3.5660122934464136
        ],
        [
          -4.252914167348995,
          -0.90822359762078
        ],
        [
          -2.3622100162264257,
          2.0434349703381764
        ],
        [
          -0.480533582675263,
          5.000856869272417
        ]
      ],
      "rotation": 277.5758621358848
    },
    {
      "pixel_coords": [
        170,
        86,
        27.29326057434082
      ],
      "3d_coords": [
        -2.3622100353240967,
        2.0434348583221436,
        0.3499999940395355
      ],
      "size": "small",
      "color": "green",
      "material": "rubber",
      "shape": "cone",
      "group": [
        [
          -6.538348423069143,
          -3.5660122934464136
        ],
        [
          -4.252914167348995,
          -0.90822359762078
        ],
        [
          -2.3622100162264257,
          2.0434349703381764
        ],
        [
          -0.480533582675263,
          5.000856869272417
        ]
      ],
      "rotation": 68.02000917666588
    },
    {
      "pixel_coords": [
        216,
        90,
        27.049072265625
      ],
      "3d_coords": [
        -0.48053357005119324,
        5.000856876373291,
        0.3499999940395355
      ],
      "size": "small",
      "color": "cyan",
      "material": "metal",
      "shape": "cube",
      "group": [
        [
          -6.538348423069143,
          -3.5660122934464136
        ],
        [
          -4.252914167348995,
          -0.90822359762078
        ],
        [
          -2.3622100162264257,
          2.0434349703381764
        ],
        [
          -0.480533582675263,
          5.000856869272417
        ]
      ],
      "rotation": 307.3534255008173
    },
    {
      "pixel_coords": [
        82,
        100,
        25.982826232910156
      ],
      "3d_coords": [
        -3.6927764415740967,
        -4.623133659362793,
        0.699999988079071
      ],
      "size": "large",
      "color": "red",
      "material": "rubber",
      "shape": "sphere",
      "group": [
        [
          -3.692776327647502,
          -4.623133773864367
        ],
        [
          -2.2590851005880124,
          -3.169347420701698
        ],
        [
          -1.1020507009667315,
          -1.4870166882705331
        ],
        [
          -0.3250362164626721,
          0.40116068318063647
        ]
      ],
      "rotation": 349.31861804441155
    },
    {
      "pixel_coords": [
        108,
        111,
        25.945079803466797
      ],
      "3d_coords": [
        -2.259085178375244,
        -3.1693475246429443,
        0.25
      ],
      "size": "mini",
      "color": "yellow",
      "material": "rubber",
      "shape": "cube",
      "group": [
        [
          -3.692776327647502,
          -4.623133773864367
        ],
        [
          -2.2590851005880124,
          -3.169347420701698
        ],
        [
          -1.1020507009667315,
          -1.4870166882705331
        ],
        [
          -0.3250362164626721,
          0.40116068318063647
        ]
      ],
      "rotation": 77.644518121016
    },
    {
      "pixel_coords": [
        135,
        112,
        25.559803009033203
      ],
      "3d_coords": [
        -1.1020506620407104,
        -1.4870166778564453,
        0.5
      ],
      "size": "medium",
      "color": "cyan",
      "material": "metal",
      "shape": "cube",
      "group": [
        [
          -3.692776327647502,
          -4.623133773864367
        ],
        [
          -2.2590851005880124,
          -3.169347420701698
        ],
        [
          -1.1020507009667315,
          -1.4870166882705331
        ],
        [
          -0.3250362164626721,
          0.40116068318063647
        ]
      ],
      "rotation": 57.81193636862743
    },
    {
      "pixel_coords": [
        163,
        113,
        25.83378028869629
      ],
      "3d_coords": [
        -0.3250362277030945,
        0.40116068720817566,
        0.25
      ],
      "size": "mini",
      "color": "yellow",
      "material": "rubber",
      "shape": "cylinder",
      "group": [
        [
          -3.692776327647502,
          -4.623133773864367
        ],
        [
          -2.2590851005880124,
          -3.169347420701698
        ],
        [
          -1.1020507009667315,
          -1.4870166882705331
        ],
        [
          -0.3250362164626721,
          0.40116068318063647
        ]
      ],
      "rotation": 20.106374448606704
    }
  ]
}