{
  "image_filename": "CLEVR_new_000090.png",
  "relationships": {
    "front": [
      [
        1,
        2,
        3
      ],
      [
        2,
        3
      ],
      [
        3
      ],
      [],
      [
        0,
        1,
        2,
        3
      ],
      [
        0,
        1,
        2,
        3,
        4
      ],
      [
        0,
        1,
        2,
        3,
        4,
        5
      ],
      [
        0,
        1,
        2,
        3,
        4,
        5,
        6
      ],
      [
        0,
        1,
        2,
        3,
        4,
        5,
        6,
        7
      ]
    ],
    "behind": [
      [
        4,
        5,
        6,
        7,
        8
      ],
      [
        0,
        4,
        5,
        6,
        7,
        8
      ],
      [
        0,
        1,
        4,
        5,
        6,
        7,
        8
      ],
      [
        0,
        1,
        2,
        4,
        5,
        6,
        7,
        8
      ],
      [
        5,
        6,
        7,
        8
      ],
      [
        6,
        7,
        8
      ],
      [
        7,
        8
      ],
      [
        8
      ],
      []
    ],
    "left": [
      [
        4
      ],
      [
        0,
        4,
        5
      ],
      [
        0,
        1,
        4,
        5,
        6
      ],
      [
        0,
        1,
        2,
        4,
        5,
        6,
        7
      ],
      [],
      [
        0,
        4
      ],
      [
        0,
        4,
        5
      ],
      [
        0,
        1,
        2,
        4,
        5,
        6
      ],
      [
        0,
        1,
        2,
        4,
        5,
        6,
        7
      ]
    ],
    "right": [
      [
        1,
        2,
        3,
        5,
        6,
        7,
        8
      ],
      [
        2,
        3,
        7,
        8
      ],
      [
        3,
        7,
        8
      ],
      [],
      [
        0,
        1,
        2,
        3,
        5,
        6,
        7,
        8
      ],
      [
        1,
        2,
        3,
        6,
        7,
        8
      ],
      [
        2,
        3,
        7,
        8
      ],
      [
        3,
        8
      ],
      []
    ]
  },
  "split": "new",
  "directions": {
    "front": [
      0.754490315914154,
      -0.6563112735748291,
      -0.0
    ],
    "behind": [
      -0.754490315914154,
      0.6563112735748291,
      0.0
    ],
    "below": [
      -0.0,
      -0.0,
      -1.0
    ],
    "right": [
      0.6563112735748291,
      0.7544902563095093,
      -0.0
    ],
    "left": [
      -0.6563112735748291,
      -0.7544902563095093,
      0.0
    ],
    "above": [
      0.0,
      0.0,
      1.0
    ]
  },
  "image_index": 90,
  "objects": [
    {
      "pixel_coords": [
        110,
        87,
        27.645116806030273
      ],
      "3d_coords": [
        -4.335832595825195,
        -2.3401265144348145,
        0.5
      ],
      "size": "medium",
      "color": "gray",
      "material": "rubber",
      "shape": "sphere",
      "group": [
        [
          -4.3358327705473325,
          -2.3401266158982166
        ],
        [
          -0.966998774713324,
          -2.1904139036202266
        ],
        [
          2.3141147435360097,
          -2.968713632558921
        ],
        [
          5.681857696761364,
          -2.7961917826223677
        ]
      ],
      "rotation": 136.98687491728947
    },
    {
      "pixel_coords": [
        128,
        117,
        25.817676544189453
      ],
      "3d_coords": [
        -0.9669987559318542,
        -2.1904139518737793,
        0.5
      ],
      "size": "medium",
      "color": "gray",
      "material": "rubber",
      "shape": "cylinder",
      "group": [
        [
          -4.3358327705473325,
          -2.3401266158982166
        ],
        [
          -0.966998774713324,
          -2.1904139036202266
        ],
        [
          2.3141147435360097,
          -2.968713632558921
        ],
        [
          5.681857696761364,
          -2.7961917826223677
        ]
      ],
      "rotation": 23.06772216940032
    },
    {
      "pixel_coords": [
        135,
        153,
        23.63750457763672
      ],
      "3d_coords": [
        2.314114809036255,
        -2.9687135219573975,
        0.699999988079071
      ],
      "size": "large",
      "color": "brown",
      "material": "rubber",
      "shape": "sphere",
      "group": [
        [
          -4.3358327705473325,
          -2.3401266158982166
        ],
        [
          -0.966998774713324,
          -2.1904139036202266
        ],
        [
          2.3141147435360097,
          -2.968713632558921
        ],
        [
          5.681857696761364,
          -2.7961917826223677
        ]
      ],
      "rotation": 73.44984514675639
    },
    {
      "pixel_coords": [
        158,
        195,
        21.97466468811035
      ],
      "3d_coords": [
        5.681857585906982,
        -2.796191692352295,
        0.5
      ],
      "size": "medium",
      "color": "yellow",
      "material": "metal",
      "shape": "cube",
      "group": [
        [
          -4.3358327705473325,
          -2.3401266158982166
        ],
        [
          -0.966998774713324,
          -2.1904139036202266
        ],
        [
          2.3141147435360097,
          -2.968713632558921
        ],
        [
          5.681857696761364,
          -2.7961917826223677
        ]
      ],
      "rotation": 337.7320788206916
    },
    {
      "pixel_coords": [
        102,
        81,
        28.013669967651367
      ],
      "3d_coords": [
        -5.15225887298584,
        -2.6598589420318604,
        0.5
      ],
      "size": "medium",
      "color": "brown",
      "material": "rubber",
      "shape": "cube",
      "group": [
        [
          -5.1522587183879285,
          -2.659859024844833
        ],
        [
          -5.138869214050703,
          -0.7543954734900387
        ],
        [
          -4.578887880998394,
          1.0669753100136883
        ],
        [
          -3.801127876549989,
          2.8065327249467042
        ],
        [
          -3.0351725756932026,
          4.551320133617861
        ]
      ],
      "rotation": 276.9880416080926
    },
    {
      "pixel_coords": [
        125,
        76,
        28.70338249206543
      ],
      "3d_coords": [
        -5.138869285583496,
        -0.7543954849243164,
        0.25
      ],
      "size": "mini",
      "color": "cyan",
      "material": "rubber",
      "shape": "cone",
      "group": [
        [
          -5.1522587183879285,
          -2.659859024844833
        ],
        [
          -5.138869214050703,
          -0.7543954734900387
        ],
        [
          -4.578887880998394,
          1.0669753100136883
        ],
        [
          -3.801127876549989,
          2.8065327249467042
        ],
        [
          -3.0351725756932026,
          4.551320133617861
        ]
      ],
      "rotation": 319.1943758801668
    },
    {
      "pixel_coords": [
        148,
        73,
        28.791648864746094
      ],
      "3d_coords": [
        -4.578887939453125,
        1.0669753551483154,
        0.3499999940395355
      ],
      "size": "small",
      "color": "green",
      "material": "metal",
      "shape": "cylinder",
      "group": [
        [
          -5.1522587183879285,
          -2.659859024844833
        ],
        [
          -5.138869214050703,
          -0.7543954734900387
        ],
        [
          -4.578887880998394,
          1.0669753100136883
        ],
        [
          -3.801127876549989,
          2.8065327249467042
        ],
        [
          -3.0351725756932026,
          4.551320133617861
        ]
      ],
      "rotation": 165.79025753483901
    },
    {
      "pixel_coords": [
        171,
        73,
        28.81679916381836
      ],
      "3d_coords": [
        -3.8011279106140137,
        2.806532621383667,
        0.3499999940395355
      ],