{
  "image_filename": "CLEVR_new_000108.png",
  "relationships": {
    "front": [
      [
        5,
        6
      ],
      [
        0,
        2,
        3,
        4,
        5,
        6
      ],
      [
        0,
        4,
        5,
        6
      ],
      [
        0,
        4,
        5,
        6
      ],
      [
        5,
        6
      ],
      [],
      [
        5
      ],
      [
        0,
        1,
        2,
        3,
        4,
        5,
        6
      ],
      [
        0,
        1,
        2,
        3,
        4,
        5,
        6,
        7
      ]
    ],
    "behind": [
      [
        1,
        2,
        3,
        7,
        8
      ],
      [
        7,
        8
      ],
      [
        1,
        7,
        8
      ],
      [
        1,
        7,
        8
      ],
      [
        1,
        2,
        3,
        7,
        8
      ],
      [
        0,
        1,
        2,
        3,
        4,
        6,
        7,
        8
      ],
      [
        0,
        1,
        2,
        3,
        4,
        7,
        8
      ],
      [
        8
      ],
      []
    ],
    "left": [
      [
        5,
        6
      ],
      [
        0,
        5,
        6,
        7
      ],
      [
        0,
        1,
        5,
        6,
        7,
        8
      ],
      [
        0,
        1,
        2,
        5,
        6,
        7,
        8
      ],
      [
        0,
        1,
        2,
        3,
        5,
        6,
        7,
        8
      ],
      [],
      [
        5
      ],
      [
        0,
        5,
        6
      ],
      [
        0,
        1,
        5,
        6,
        7
      ]
    ],
    "right": [
      [
        1,
        2,
        3,
        4,
        7,
        8
      ],
      [
        2,
        3,
        4,
        8
      ],
      [
        3,
        4
      ],
      [
        4
      ],
      [],
      [
        0,
        1,
        2,
        3,
        4,
        6,
        7,
        8
      ],
      [
        0,
        1,
        2,
        3,
        4,
        7,
        8
      ],
      [
        1,
        2,
        3,
        4,
        8
      ],
      [
        2,
        3,
        4
      ]
    ]
  },
  "split": "new",
  "directions": {
    "front": [
      0.754490315914154,
      -0.6563112735748291,
      -0.0
    ],
    "behind": [
      -0.754490315914154,
      0.6563112735748291,
      0.0
    ],
    "below": [
      -0.0,
      -0.0,
      -1.0
    ],
    "right": [
      0.6563112735748291,
      0.7544902563095093,
      -0.0
    ],
    "left": [
      -0.6563112735748291,
      -0.7544902563095093,
      0.0
    ],
    "above": [
      0.0,
      0.0,
      1.0
    ]
  },
  "image_index": 108,
  "objects": [
    {
      "pixel_coords": [
        125,
        106,
        26.5430850982666
      ],
      "3d_coords": [
        -1.8967655897140503,
        -1.9862130880355835,
        0.699999988079071
      ],
      "size": "large",
      "color": "blue",
      "material": "metal",
      "shape": "cylinder",
      "group": [
        [
          -1.8967655486744652,
          -1.9862131275330484
        ],
        [
          -0.35886874166612936,
          0.679263484092246
        ],
        [
          1.8547789163637338,
          2.8169389043155313
        ],
        [
          3.9253447354586823,
          5.09348219292736
        ],
        [
          6.246828121131942,
          7.1135334413294675
        ]
      ],
      "rotation": 114.641295594537
    },
    {
      "pixel_coords": [
        166,
        111,
        26.822032928466797
      ],
      "3d_coords": [
        -0.3588687479496002,
        0.6792634725570679,
        0.25
      ],
      "size": "mini",
      "color": "gray",
      "material": "rubber",
      "shape": "sphere",
      "group": [
        [
          -1.8967655486744652,
          -1.9862131275330484
        ],
        [
          -0.35886874166612936,
          0.679263484092246
        ],
        [
          1.8547789163637338,
          2.8169389043155313
        ],
        [
          3.9253447354586823,
          5.09348219292736
        ],
        [
          6.246828121131942,
          7.1135334413294675
        ]
      ],
      "rotation": 309.7486655542809
    },
    {
      "pixel_coords": [
        205,
        118,
        25.874256134033203
      ],
      "3d_coords": [
        1.8547788858413696,
        2.816938877105713,
        0.699999988079071
      ],
      "size": "large",
      "color": "green",
      "material": "rubber",
      "shape": "sphere",
      "group": [
        [
          -1.8967655486744652,
          -1.9862131275330484
        ],
        [
          -0.35886874166612936,
          0.679263484092246
        ],
        [
          1.8547789163637338,
          2.8169389043155313
        ],
        [
          3.9253447354586823,
          5.09348219292736
        ],
        [
          6.246828121131942,
          7.1135334413294675
        ]
      ],
      "rotation": 111.5287881775465
    },
    {
      "pixel_coords": [
        246,
        130,
        25.758758544921875
      ],
      "3d_coords": [
        3.925344705581665,
        5.09348201751709,
        0.25
      ],
      "size": "mini",
      "color": "cyan",
      "material": "rubber",
      "shape": "sphere",
      "group": [
        [
          -1.8967655486744652,
          -1.9862131275330484
        ],
        [
          -0.35886874166612936,
          0.679263484092246
        ],
        [
          1.8547789163637338,
          2.8169389043155313
        ],
        [
          3.9253447354586823,
          5.09348219292736
        ],
        [
          6.246828121131942,
          7.1135334413294675
        ]
      ],
      "rotation": 116.92558922620267
    },
    {
      "pixel_coords": [
        289,
        142,
        24.998973846435547
      ],
      "3d_coords": [
        6.246828079223633,
        7.1135334968566895,
        0.3499999940395355
      ],
      "size": "small",
      "color": "brown",
      "material": "metal",
      "shape": "sphere",
      "group": [
        [
          -1.8967655486744652,
          -1.9862131275330484
        ],
        [
          -0.35886874166612936,
          0.679263484092246
        ],
        [
          1.8547789163637338,
          2.8169389043155313
        ],
        [
          3.9253447354586823,
          5.09348219292736
        ],
        [
          6.246828121131942,
          7.1135334413294675
        ]
      ],
      "rotation": 139.6865807626625
    },
    {
      "pixel_coords": [
        77,
        130,
        25.639387130737305
      ],
      "3d_coords": [
        -1.7674603462219238,
        -5.96645450592041,
        0.3499999940395355
      ],
      "size": "small",
      "color": "green",
      "material": "metal",
      "shape": "cube",
      "group": [
        [
          -1.76746038497338,
          -5.966454648029907
        ],
        [
          -1.3901928133868433,
          -2.8527524517891503
        ],
        [
          -1.1278047354784162,
          0.27272746080296795
        ],
        [
          -1.6856293839828433,
          3.359198560451598
        ]
      ],
      "rotation": 359.515133741716
    },
    {
      "pixel_coords": [
        118,
        117,
        26.188343048095703
      ],
      "3d_coords": [
        -1.3901928663253784,
        -2.852752447128296,
        0.5
      ],
      "size": "medium",
      "color": "purple",
      "material": "metal",
      "shape": "cone",
      "group": [
        [
          -1.76746038497338,
          -5.966454648029907
        ],
        [
          -1.3901928133868433,
          -2.8527524517891503
        ],
        [
          -1.1278047354784162,
          0.27272746080296795
        ],
        [
          -1.6856293839828433,
          3.359198560451598
        ]
      ],