{
  "image_index": 118,
  "directions": {
    "front": [
      0.754490315914154,
      -0.6563112735748291,
      -0.0
    ],
    "above": [
      0.0,
      0.0,
      1.0
    ],
    "right": [
      0.6563112735748291,
      0.7544902563095093,
      -0.0
    ],
    "below": [
      -0.0,
      -0.0,
      -1.0
    ],
    "left": [
      -0.6563112735748291,
      -0.7544902563095093,
      0.0
    ],
    "behind": [
      -0.754490315914154,
      0.6563112735748291,
      0.0
    ]
  },
  "split": "new",
  "image_filename": "CLEVR_new_000118.png",
  "relationships": {
    "front": [
      [
        1,
        2,
        3,
        4,
        6
      ],
      [],
      [
        1,
        3,
        4,
        6
      ],
      [
        1,
        6
      ],
      [
        1,
        3,
        6
      ],
      [
        1,
        2,
        3,
        4,
        6
      ],
      [
        1
      ]
    ],
    "left": [
      [
        2
      ],
      [
        0,
        2
      ],
      [],
      [
        0,
        1,
        2,
        4,
        5,
        6
      ],
      [
        0,
        1,
        2,
        6
      ],
      [
        0,
        1,
        2,
        6
      ],
      [
        0,
        1,
        2
      ]
    ],
    "behind": [
      [],
      [
        0,
        2,
        3,
        4,
        5,
        6
      ],
      [
        0,
        5
      ],
      [
        0,
        2,
        4,
        5
      ],
      [
        0,
        2,
        5
      ],
      [],
      [
        0,
        2,
        3,
        4,
        5
      ]
    ],
    "right": [
      [
        1,
        3,
        4,
        5,
        6
      ],
      [
        3,
        4,
        5,
        6
      ],
      [
        0,
        1,
        3,
        4,
        5,
        6
      ],
      [],
      [
        3
      ],
      [
        3
      ],
      [
        3,
        4,
        5
      ]
    ]
  },
  "objects": [
    {
      "pixel_coords": [
        133,
        80,
        28.743135452270508
      ],
      "3d_coords": [
        -4.421265125274658,
        -0.24527135491371155,
        0.5
      ],
      "material": "rubber",
      "rotation": 45.93603410635408,
      "group": 0,
      "size": "medium",
      "color": "cyan",
      "shape": "cube"
    },
    {
      "pixel_coords": [
        103,
        206,
        21.98032569885254
      ],
      "3d_coords": [
        4.786851406097412,
        -6.489471912384033,
        0.5
      ],
      "material": "metal",
      "rotation": 170.04157983314667,
      "group": 1,
      "size": "medium",
      "color": "cyan",
      "shape": "cube"
    },
    {
      "pixel_coords": [
        79,
        81,
        28.643775939941406
      ],
      "3d_coords": [
        -6.275327682495117,
        -4.165830612182617,
        0.5
      ],
      "material": "metal",
      "rotation": 209.76490193517526,
      "group": 1,
      "size": "medium",
      "color": "cyan",
      "shape": "cube"
    },
    {
      "pixel_coords": [
        208,
        132,
        25.504016876220703
      ],
      "3d_coords": [
        2.9187982082366943,
        2.4027512073516846,
        0.5
      ],
      "material": "metal",
      "rotation": 17.538893732952072,
      "group": 1,
      "size": "medium",
      "color": "cyan",
      "shape": "cube"
    },
    {
      "pixel_coords": [
        182,
        110,
        26.755821228027344
      ],
      "3d_coords": [
        0.28690144419670105,
        1.7735097408294678,
        0.5
      ],
      "material": "metal",
      "rotation": 235.82546219469884,
      "group": 1,
      "size": "medium",
      "color": "cyan",
      "shape": "cube"
    },
    {
      "pixel_coords": [
        185,
        90,
        28.04222869873047
      ],
      "3d_coords": [
        -1.435752272605896,
        3.016878366470337,
        0.5
      ],
      "material": "metal",
      "rotation": 61.38025270223769,
      "group": 1,
      "size": "medium",
      "color": "cyan",
      "shape": "cube"
    },
    {
      "pixel_coords": [
        157,
        155,
        24.278188705444336
      ],
      "3d_coords": [
        2.997418165206909,
        -1.7901382446289062,
        0.5
      ],
      "material": "metal",
      "rotation": 17.339231593695263,
      "group": 1,
      "size": "medium",
      "color": "cyan",
      "shape": "cube"
    }
  ]
}