{
  "image_index": 26,
  "directions": {
    "front": [
      0.754490315914154,
      -0.6563112735748291,
      -0.0
    ],
    "above": [
      0.0,
      0.0,
      1.0
    ],
    "right": [
      0.6563112735748291,
      0.7544902563095093,
      -0.0
    ],
    "below": [
      -0.0,
      -0.0,
      -1.0
    ],
    "left": [
      -0.6563112735748291,
      -0.7544902563095093,
      0.0
    ],
    "behind": [
      -0.754490315914154,
      0.6563112735748291,
      0.0
    ]
  },
  "split": "new",
  "image_filename": "CLEVR_new_000026.png",
  "relationships": {
    "front": [
      [],
      [
        0
      ],
      [
        0,
        1,
        3,
        4,
        5,
        6,
        7,
        8,
        9
      ],
      [
        0,
        1,
        5,
        7,
        8,
        9
      ],
      [
        0,
        1,
        3,
        5,
        6,
        7,
        8,
        9
      ],
      [
        0,
        1
      ],
      [
        0,
        1,
        3,
        5,
        7,
        8,
        9
      ],
      [
        0,
        1,
        5,
        8
      ],
      [
        0,
        1,
        5
      ],
      [
        0,
        1,
        5,
        8
      ]
    ],
    "left": [
      [
        1,
        2,
        3,
        4,
        5,
        6,
        9
      ],
      [
        3
      ],
      [
        1,
        3
      ],
      [],
      [
        1,
        2,
        3,
        5,
        6,
        9
      ],
      [
        1,
        2,
        3
      ],
      [
        1,
        2,
        3,
        5
      ],
      [
        0,
        1,
        2,
        3,
        4,
        5,
        6,
        8,
        9
      ],
      [
        0,
        1,
        2,
        3,
        4,
        5,
        6,
        9
      ],
      [
        1,
        2,
        3,
        5,
        6
      ]
    ],
    "behind": [
      [
        1,
        2,
        3,
        4,
        5,
        6,
        7,
        8,
        9
      ],
      [
        2,
        3,
        4,
        5,
        6,
        7,
        8,
        9
      ],
      [],
      [
        2,
        4,
        6
      ],
      [
        2
      ],
      [
        2,
        3,
        4,
        6,
        7,
        8,
        9
      ],
      [
        2,
        4
      ],
      [
        2,
        3,
        4,
        6
      ],
      [
        2,
        3,
        4,
        6,
        7,
        9
      ],
      [
        2,
        3,
        4,
        6
      ]
    ],
    "right": [
      [
        7,
        8
      ],
      [
        0,
        2,
        4,
        5,
        6,
        7,
        8,
        9
      ],
      [
        0,
        4,
        5,
        6,
        7,
        8,
        9
      ],
      [
        0,
        1,
        2,
        4,
        5,
        6,
        7,
        8,
        9
      ],
      [
        0,
        7,
        8
      ],
      [
        0,
        4,
        6,
        7,
        8,
        9
      ],
      [
        0,
        4,
        7,
        8,
        9
      ],
      [],
      [
        7
      ],
      [
        0,
        4,
        7,
        8
      ]
    ]
  },
  "objects": [
    {
      "pixel_coords": [
        191,
        190,
        22.489500045776367
      ],
      "3d_coords": [
        6.474838733673096,
        -0.884404718875885,
        0.699999988079071
      ],
      "material": "metal",
      "rotation": 65.94178945920363,
      "group": 0,
      "size": "large",
      "color": "gray",
      "shape": "sphere"
    },
    {
      "pixel_coords": [
        101,
        158,
        23.959142684936523
      ],
      "3d_coords": [
        1.7070317268371582,
        -5.305821895599365,
        0.699999988079071
      ],
      "material": "metal",
      "rotation": 216.63644412334662,
      "group": 0,
      "size": "large",
      "color": "gray",
      "shape": "sphere"
    },
    {
      "pixel_coords": [
        159,
        59,
        29.955875396728516
      ],
      "3d_coords": [
        -5.5066680908203125,
        2.534437656402588,
        0.699999988079071
      ],
      "material": "metal",
      "rotation": 12.835400936224573,
      "group": 0,
      "size": "large",
      "color": "gray",
      "shape": "sphere"
    },
    {
      "pixel_coords": [
        83,
        75,
        28.7504940032959
      ],
      "3d_coords": [
        -6.391269207000732,
        -3.9776597023010254,
        0.699999988079071
      ],
      "material": "rubber",
      "rotation": 134.31749883914785,
      "group": 1,
      "size": "large",
      "color": "gray",
      "shape": "sphere"
    },
    {
      "pixel_coords": [
        206,
        85,
        28.113157272338867
      ],
      "3d_coords": [
        -1.1660372018814087,
        4.61600399017334,
        0.699999988079071
      ],
      "material": "rubber",
      "rotation": 344.03561603470024,
      "group": 1,
      "size": "large",
      "color": "gray",
      "shape": "sphere"
    },
    {
      "pixel_coords": [
        127,
        156,
        24.050548553466797
      ],
      "3d_coords": [
        2.3485891819000244,
        -3.5973563194274902,
        0.699999988079071
      ],
      "material": "rubber",
      "rotation": 301.50178444707535,
      "group": 1,
      "size": "large",
      "color": "gray",
      "shape": "sphere"
    },
    {
      "pixel_coords": [
        172,
        88,
        27.87278938293457
      ],
      "3d_coords": [
        -1.9625173807144165,
        2.006350040435791,
        0.699999988079071
      ],
      "material": "metal",
      "rotation": 159.85881888525526,
      "group": 0,
      "size": "large",
      "color": "gray",
      "shape": "sphere"
    },
    {
      "pixel_coords": [
        261,
        122,
        25.82013702392578
      ],
      "3d_coords": [
        3.856342077255249,
        6.404979705810547,
        0.699999988079071
      ],
      "material": "rubber",
      "rotation": 264.2753149951949,
      "group": 1,
      "size": "large",
      "color": "gray",
      "shape": "sphere"
    },
    {
      "pixel_coords": [
        222,
        163,
        23.738529205322266
      ],
      "3d_coords": [
        5.5691704750061035,
        2.010530948638916,
        0.699999988079071
      ],
      "material": "rubber",
      "rotation": 4.9319912984353875,
      "group": 1,
      "size": "large",
      "color": "gray",
      "shape": "sphere"
    },
    {
      "pixel_coords": [
        183,
        106,
        26.763072967529297
      ],
      "3d_coords": [
        0.026834914460778236,
        1.939173936843872,
        0.699999988079071
      ],
      "material": "rubber",
      "rotation": 50.6885868449542,
      "group": 1,
      "size": "large",
      "color": "gray",
      "shape": "sphere"
    }
  ]
}