{
  "image_filename": "CLEVR_new_000088.png",
  "relationships": {
    "front": [
      [
        5,
        6,
        7,
        8
      ],
      [
        0,
        5,
        6,
        7,
        8
      ],
      [
        0,
        1,
        5,
        6,
        7,
        8
      ],
      [
        0,
        1,
        2,
        5,
        6,
        7,
        8
      ],
      [
        0,
        1,
        2,
        3,
        5,
        6,
        7,
        8
      ],
      [],
      [
        5
      ],
      [
        5,
        6
      ],
      [
        5,
        6,
        7
      ]
    ],
    "behind": [
      [
        1,
        2,
        3,
        4
      ],
      [
        2,
        3,
        4
      ],
      [
        3,
        4
      ],
      [
        4
      ],
      [],
      [
        0,
        1,
        2,
        3,
        4,
        6,
        7,
        8
      ],
      [
        0,
        1,
        2,
        3,
        4,
        7,
        8
      ],
      [
        0,
        1,
        2,
        3,
        4,
        8
      ],
      [
        0,
        1,
        2,
        3,
        4
      ]
    ],
    "left": [
      [],
      [
        0
      ],
      [
        0,
        1
      ],
      [
        0,
        1,
        2,
        5,
        6
      ],
      [
        0,
        1,
        2,
        3,
        5,
        6,
        7
      ],
      [
        0,
        1
      ],
      [
        0,
        1,
        2,
        5
      ],
      [
        0,
        1,
        2,
        3,
        5,
        6
      ],
      [
        0,
        1,
        2,
        3,
        4,
        5,
        6,
        7
      ]
    ],
    "right": [
      [
        1,
        2,
        3,
        4,
        5,
        6,
        7,
        8
      ],
      [
        2,
        3,
        4,
        5,
        6,
        7,
        8
      ],
      [
        3,
        4,
        6,
        7,
        8
      ],
      [
        4,
        7,
        8
      ],
      [
        8
      ],
      [
        3,
        4,
        6,
        7,
        8
      ],
      [
        3,
        4,
        7,
        8
      ],
      [
        4,
        8
      ],
      []
    ]
  },
  "split": "new",
  "directions": {
    "front": [
      0.754490315914154,
      -0.6563112735748291,
      -0.0
    ],
    "behind": [
      -0.754490315914154,
      0.6563112735748291,
      0.0
    ],
    "below": [
      -0.0,
      -0.0,
      -1.0
    ],
    "right": [
      0.6563112735748291,
      0.7544902563095093,
      -0.0
    ],
    "left": [
      -0.6563112735748291,
      -0.7544902563095093,
      0.0
    ],
    "above": [
      0.0,
      0.0,
      1.0
    ]
  },
  "image_index": 88,
  "objects": [
    {
      "pixel_coords": [
        97,
        97,
        27.499303817749023
      ],
      "3d_coords": [
        -4.007168769836426,
        -3.5009052753448486,
        0.25
      ],
      "size": "mini",
      "color": "purple",
      "material": "metal",
      "shape": "sphere",
      "group": [
        [
          -4.007168602353587,
          -3.500905305674829
        ],
        [
          -3.747206055937006,
          -1.254483982917089
        ],
        [
          -3.139550846730768,
          0.923759445078173
        ],
        [
          -2.820844558927199,
          3.1626019109507713
        ],
        [
          -2.06275739520226,
          5.293163606155936
        ]
      ],
      "rotation": 338.7200108160876
    },
    {
      "pixel_coords": [
        125,
        86,
        27.58927345275879
      ],
      "3d_coords": [
        -3.747205972671509,
        -1.254483938217163,
        0.699999988079071
      ],
      "size": "large",
      "color": "brown",
      "material": "metal",
      "shape": "cone",
      "group": [
        [
          -4.007168602353587,
          -3.500905305674829
        ],
        [
          -3.747206055937006,
          -1.254483982917089
        ],
        [
          -3.139550846730768,
          0.923759445078173
        ],
        [
          -2.820844558927199,
          3.1626019109507713
        ],
        [
          -2.06275739520226,
          5.293163606155936
        ]
      ],
      "rotation": 348.26642511153995
    },
    {
      "pixel_coords": [
        153,
        84,
        28.000038146972656
      ],
      "3d_coords": [
        -3.1395509243011475,
        0.9237594604492188,
        0.5
      ],
      "size": "medium",
      "color": "purple",
      "material": "rubber",
      "shape": "cylinder",
      "group": [
        [
          -4.007168602353587,
          -3.500905305674829
        ],
        [
          -3.747206055937006,
          -1.254483982917089
        ],
        [
          -3.139550846730768,
          0.923759445078173
        ],
        [
          -2.820844558927199,
          3.1626019109507713
        ],
        [
          -2.06275739520226,
          5.293163606155936
        ]
      ],
      "rotation": 234.73606051822247
    },
    {
      "pixel_coords": [
        179,
        79,
        28.620534896850586
      ],
      "3d_coords": [
        -2.8208446502685547,
        3.162601947784424,
        0.25
      ],
      "size": "mini",
      "color": "cyan",
      "material": "rubber",
      "shape": "cone",
      "group": [
        [
          -4.007168602353587,
          -3.500905305674829
        ],
        [
          -3.747206055937006,
          -1.254483982917089
        ],
        [
          -3.139550846730768,
          0.923759445078173
        ],
        [
          -2.820844558927199,
          3.1626019109507713
        ],
        [
          -2.06275739520226,
          5.293163606155936
        ]
      ],
      "rotation": 6.934293291455704
    },
    {
      "pixel_coords": [
        207,
        73,
        28.415367126464844
      ],
      "3d_coords": [
        -2.0627574920654297,
        5.293163776397705,
        0.699999988079071
      ],
      "size": "large",
      "color": "blue",
      "material": "rubber",
      "shape": "sphere",
      "group": [
        [
          -4.007168602353587,
          -3.500905305674829
        ],
        [
          -3.747206055937006,
          -1.254483982917089
        ],
        [
          -3.139550846730768,
          0.923759445078173
        ],
        [
          -2.820844558927199,
          3.1626019109507713
        ],
        [
          -2.06275739520226,
          5.293163606155936
        ]
      ],
      "rotation": 75.89671351895689
    },
    {
      "pixel_coords": [
        136,
        123,
        25.711729049682617
      ],
      "3d_coords": [
        -0.21687981486320496,
        -1.8735891580581665,
        0.5
      ],
      "size": "medium",
      "color": "purple",
      "material": "metal",
      "shape": "sphere",
      "group": [
        [
          -0.21687982114076299,
          -1.873589150628554
        ],
        [
          0.4300245503878788,
          0.02361888780633037
        ],
        [
          1.514131664221544,
          1.7096187017861686
        ],
        [
          2.4234350127224102,
          3.4959700186916427
        ]
      ],
      "rotation": 95.647340441377
    },
    {
      "pixel_coords": [
        163,
        122,
        26.068031311035156
      ],
      "3d_coords": [
        0.43002456426620483,
        0.02361888810992241,
        0.25
      ],
      "size": "mini",
      "color": "yellow",
      "material": "metal",
      "shape": "cylinder",
      "group": [
        [
          -0.21687982114076299,
          -1.873589150628554
        ],
        [
          0.4300245503878788,
          0.02361888780633037
        ],
        [
          1.514131664221544,
          1.7096187017861686
        ],
        [
          2.4234350127224102,
          3.4959700186916427
        ]
      ],