{
  "image_index": 5,
  "directions": {
    "front": [
      0.754490315914154,
      -0.6563112735748291,
      -0.0
    ],
    "above": [
      0.0,
      0.0,
      1.0
    ],
    "right": [
      0.6563112735748291,
      0.7544902563095093,
      -0.0
    ],
    "below": [
      -0.0,
      -0.0,
      -1.0
    ],
    "left": [
      -0.6563112735748291,
      -0.7544902563095093,
      0.0
    ],
    "behind": [
      -0.754490315914154,
      0.6563112735748291,
      0.0
    ]
  },
  "split": "new",
  "image_filename": "CLEVR_new_000005.png",
  "relationships": {
    "front": [
      [
        1,
        2,
        3,
        4,
        7,
        8
      ],
      [],
      [
        1,
        7
      ],
      [
        1,
        2,
        4,
        7
      ],
      [
        1,
        2,
        7
      ],
      [
        0,
        1,
        2,
        3,
        4,
        7,
        8
      ],
      [
        0,
        1,
        2,
        3,
        4,
        5,
        7,
        8
      ],
      [
        1
      ],
      [
        1,
        2,
        3,
        4,
        7
      ]
    ],
    "left": [
      [
        3
      ],
      [
        0,
        2,
        3,
        5,
        6
      ],
      [
        0,
        3,
        5,
        6
      ],
      [],
      [
        0,
        1,
        2,
        3,
        5,
        6,
        7,
        8
      ],
      [
        0,
        3,
        6
      ],
      [
        3
      ],
      [
        0,
        3,
        5,
        6
      ],
      [
        0,
        1,
        2,
        3,
        5,
        6,
        7
      ]
    ],
    "behind": [
      [
        5,
        6
      ],
      [
        0,
        2,
        3,
        4,
        5,
        6,
        7,
        8
      ],
      [
        0,
        3,
        4,
        5,
        6,
        8
      ],
      [
        0,
        5,
        6,
        8
      ],
      [
        0,
        3,
        5,
        6,
        8
      ],
      [
        6
      ],
      [],
      [
        0,
        2,
        3,
        4,
        5,
        6,
        8
      ],
      [
        0,
        5,
        6
      ]
    ],
    "right": [
      [
        1,
        2,
        4,
        5,
        7,
        8
      ],
      [
        4,
        8
      ],
      [
        1,
        4,
        8
      ],
      [
        0,
        1,
        2,
        4,
        5,
        6,
        7,
        8
      ],
      [],
      [
        1,
        2,
        4,
        7,
        8
      ],
      [
        1,
        2,
        4,
        5,
        7,
        8
      ],
      [
        4,
        8
      ],
      [
        4
      ]
    ]
  },
  "objects": [
    {
      "pixel_coords": [
        150,
        73,
        28.706375122070312
      ],
      "3d_coords": [
        -4.292700290679932,
        1.1024562120437622,
        0.699999988079071
      ],
      "material": "rubber",
      "rotation": 297.8333473057128,
      "group": 0,
      "size": "large",
      "color": "purple",
      "shape": "cylinder"
    },
    {
      "pixel_coords": [
        166,
        206,
        21.503864288330078
      ],
      "3d_coords": [
        6.726169109344482,
        -2.7737927436828613,
        0.699999988079071
      ],
      "material": "rubber",
      "rotation": 186.70643439911893,
      "group": 1,
      "size": "large",
      "color": "yellow",
      "shape": "cylinder"
    },
    {
      "pixel_coords": [
        183,
        136,
        24.745357513427734
      ],
      "3d_coords": [
        2.5425031185150146,
        0.597418487071991,
        0.699999988079071
      ],
      "material": "rubber",
      "rotation": 312.8106724978301,
      "group": 1,
      "size": "large",
      "color": "yellow",
      "shape": "cylinder"
    },
    {
      "pixel_coords": [
        136,
        86,
        27.811838150024414
      ],
      "3d_coords": [
        -3.428361654281616,
        -0.436708927154541,
        0.699999988079071
      ],
      "material": "rubber",
      "rotation": 166.2836538502187,
      "group": 2,
      "size": "large",
      "color": "gray",
      "shape": "cylinder"
    },
    {
      "pixel_coords": [
        251,
        128,
        25.2250919342041
      ],
      "3d_coords": [
        3.9680674076080322,
        5.386096954345703,
        0.699999988079071
      ],
      "material": "rubber",
      "rotation": 129.37767452450706,
      "group": 2,
      "size": "large",
      "color": "gray",
      "shape": "cylinder"
    },
    {
      "pixel_coords": [
        178,
        65,
        29.273414611816406
      ],
      "3d_coords": [
        -4.11644172668457,
        3.5973618030548096,
        0.699999988079071
      ],
      "material": "rubber",
      "rotation": 273.5712727539027,
      "group": 3,
      "size": "large",
      "color": "blue",
      "shape": "cylinder"
    },
    {
      "pixel_coords": [
        156,
        52,
        30.2847900390625
      ],
      "3d_coords": [
        -6.368697166442871,
        2.6626381874084473,
        0.699999988079071
      ],
      "material": "rubber",
      "rotation": 197.33429624417252,
      "group": 4,
      "size": "large",
      "color": "brown",
      "shape": "cylinder"
    },
    {
      "pixel_coords": [
        171,
        188,
        22.267314910888672
      ],
      "3d_coords": [
        5.747600078582764,
        -1.9655505418777466,
        0.699999988079071
      ],
      "material": "rubber",
      "rotation": 50.74245239841154,
      "group": 1,
      "size": "large",
      "color": "yellow",
      "shape": "cylinder"
    },
    {
      "pixel_coords": [
        212,
        96,
        27.105253219604492
      ],
      "3d_coords": [
        0.13879984617233276,
        4.398886203765869,
        0.699999988079071
      ],
      "material": "rubber",
      "rotation": 15.079795365276265,
      "group": 2,
      "size": "large",
      "color": "gray",
      "shape": "cylinder"
    }
  ]
}