{
  "image_filename": "CLEVR_new_000171.png",
  "relationships": {
    "front": [
      [
        1,
        2,
        3,
        4
      ],
      [
        2,
        3
      ],
      [
        3
      ],
      [],
      [
        1,
        2,
        3
      ],
      [
        0,
        1,
        2,
        3,
        4
      ],
      [
        0,
        1,
        2,
        3,
        4,
        5
      ],
      [
        0,
        1,
        2,
        3,
        4,
        5,
        6
      ],
      [
        0,
        1,
        2,
        3,
        4,
        5,
        6,
        7
      ]
    ],
    "behind": [
      [
        5,
        6,
        7,
        8
      ],
      [
        0,
        4,
        5,
        6,
        7,
        8
      ],
      [
        0,
        1,
        4,
        5,
        6,
        7,
        8
      ],
      [
        0,
        1,
        2,
        4,
        5,
        6,
        7,
        8
      ],
      [
        0,
        5,
        6,
        7,
        8
      ],
      [
        6,
        7,
        8
      ],
      [
        7,
        8
      ],
      [
        8
      ],
      []
    ],
    "left": [
      [
        4,
        5
      ],
      [
        0,
        4,
        5,
        6,
        7
      ],
      [
        0,
        1,
        4,
        5,
        6,
        7,
        8
      ],
      [
        0,
        1,
        2,
        4,
        5,
        6,
        7,
        8
      ],
      [],
      [
        4
      ],
      [
        0,
        4,
        5
      ],
      [
        0,
        4,
        5,
        6
      ],
      [
        0,
        1,
        4,
        5,
        6,
        7
      ]
    ],
    "right": [
      [
        1,
        2,
        3,
        6,
        7,
        8
      ],
      [
        2,
        3,
        8
      ],
      [
        3
      ],
      [],
      [
        0,
        1,
        2,
        3,
        5,
        6,
        7,
        8
      ],
      [
        0,
        1,
        2,
        3,
        6,
        7,
        8
      ],
      [
        1,
        2,
        3,
        7,
        8
      ],
      [
        1,
        2,
        3,
        8
      ],
      [
        2,
        3
      ]
    ]
  },
  "split": "new",
  "directions": {
    "front": [
      0.754490315914154,
      -0.6563112735748291,
      -0.0
    ],
    "behind": [
      -0.754490315914154,
      0.6563112735748291,
      0.0
    ],
    "below": [
      -0.0,
      -0.0,
      -1.0
    ],
    "right": [
      0.6563112735748291,
      0.7544902563095093,
      -0.0
    ],
    "left": [
      -0.6563112735748291,
      -0.7544902563095093,
      0.0
    ],
    "above": [
      0.0,
      0.0,
      1.0
    ]
  },
  "image_index": 171,
  "objects": [
    {
      "pixel_coords": [
        79,
        92,
        27.951839447021484
      ],
      "3d_coords": [
        -5.319763660430908,
        -4.574224472045898,
        0.25
      ],
      "size": "mini",
      "color": "green",
      "material": "rubber",
      "shape": "sphere",
      "group": [
        [
          -5.319763548914782,
          -4.574224539706599
        ],
        [
          -2.585156829522783,
          -2.556663052843991
        ],
        [
          0.09018575755047031,
          -0.46115110947375015
        ],
        [
          3.260990935178059,
          0.7613965536237703
        ]
      ],
      "rotation": 60.73098517553924
    },
    {
      "pixel_coords": [
        115,
        106,
        27.028039932250977
      ],
      "3d_coords": [
        -2.5851569175720215,
        -2.5566630363464355,
        0.25
      ],
      "size": "mini",
      "color": "cyan",
      "material": "rubber",
      "shape": "cone",
      "group": [
        [
          -5.319763548914782,
          -4.574224539706599
        ],
        [
          -2.585156829522783,
          -2.556663052843991
        ],
        [
          0.09018575755047031,
          -0.46115110947375015
        ],
        [
          3.260990935178059,
          0.7613965536237703
        ]
      ],
      "rotation": 350.4191548539878
    },
    {
      "pixel_coords": [
        155,
        120,
        26.07912826538086
      ],
      "3d_coords": [
        0.0901857540011406,
        -0.461151123046875,
        0.3499999940395355
      ],
      "size": "small",
      "color": "brown",
      "material": "rubber",
      "shape": "sphere",
      "group": [
        [
          -5.319763548914782,
          -4.574224539706599
        ],
        [
          -2.585156829522783,
          -2.556663052843991
        ],
        [
          0.09018575755047031,
          -0.46115110947375015
        ],
        [
          3.260990935178059,
          0.7613965536237703
        ]
      ],
      "rotation": 264.61215460252157
    },
    {
      "pixel_coords": [
        191,
        143,
        24.419021606445312
      ],
      "3d_coords": [
        3.260990858078003,
        0.7613965272903442,
        0.699999988079071
      ],
      "size": "large",
      "color": "purple",
      "material": "rubber",
      "shape": "cube",
      "group": [
        [
          -5.319763548914782,
          -4.574224539706599
        ],
        [
          -2.585156829522783,
          -2.556663052843991
        ],
        [
          0.09018575755047031,
          -0.46115110947375015
        ],
        [
          3.260990935178059,
          0.7613965536237703
        ]
      ],
      "rotation": 258.1983898271523
    },
    {
      "pixel_coords": [
        47,
        89,
        27.990219116210938
      ],
      "3d_coords": [
        -6.646744251251221,
        -6.737239360809326,
        0.3499999940395355
      ],
      "size": "small",
      "color": "cyan",
      "material": "metal",
      "shape": "cone",
      "group": [
        [
          -6.646744194806041,
          -6.7372393151604655
        ],
        [
          -6.360729765257557,
          -4.8096422180106835
        ],
        [
          -6.2915631948085124,
          -2.862169289217441
        ],
        [
          -6.194674561136964,
          -0.9158786080715151
        ],
        [
          -5.769699900907178,
          0.9859182688353716
        ]
      ],
      "rotation": 13.704335428374286
    },
    {
      "pixel_coords": [
        71,
        82,
        28.254474639892578
      ],
      "3d_coords": [
        -6.360729694366455,
        -4.809642314910889,
        0.5
      ],
      "size": "medium",
      "color": "yellow",
      "material": "rubber",
      "shape": "sphere",
      "group": [
        [
          -6.646744194806041,
          -6.7372393151604655
        ],
        [
          -6.360729765257557,
          -4.8096422180106835
        ],
        [
          -6.2915631948085124,
          -2.862169289217441
        ],
        [
          -6.194674561136964,
          -0.9158786080715151
        ],
        [
          -5.769699900907178,
          0.9859182688353716
        ]
      ],
      "rotation": 274.1207785423531
    },
    {
      "pixel_coords": [
        94,
        75,
        28.760923385620117
      ],
      "3d_coords": [
        -6.291563034057617,
        -2.8621692657470703,
        0.5
      ],
      "size": "medium",
      "color": "blue",
      "material": "rubber",
      "shape": "sphere",
      "group": [
        [
          -6.646744194806041,
          -6.7372393151604655
        ],
        [
          -6.360729765257557,
          -4.8096422180106835
        ],
        [
          -6.2915631948085124,
          -2.862169289217441
        ],
        [
          -6.194674561136964,
          -0.9158786080715151
        ],
        [
          -5.769699900907178,
          0.9859182688353716
        ]
      ],
      "rotation": 29.45384371577451
    },
    {
      "pixel_coords": [
        117,
        69,
        29.370651245117188
      ],