{
  "image_filename": "CLEVR_new_000175.png",
  "relationships": {
    "front": [
      [
        6,
        7
      ],
      [
        0,
        5,
        6,
        7,
        8
      ],
      [
        0,
        1,
        4,
        5,
        6,
        7,
        8
      ],
      [
        0,
        1,
        4,
        5,
        6,
        7,
        8
      ],
      [
        0,
        5,
        6,
        7,
        8
      ],
      [
        0,
        6,
        7,
        8
      ],
      [],
      [],
      [
        7
      ]
    ],
    "behind": [
      [
        1,
        2,
        3,
        4,
        5
      ],
      [
        2,
        3
      ],
      [],
      [],
      [
        2,
        3
      ],
      [
        1,
        2,
        3,
        4
      ],
      [
        0,
        1,
        2,
        3,
        4,
        5
      ],
      [
        0,
        1,
        2,
        3,
        4,
        5,
        8
      ],
      [
        1,
        2,
        3,
        4,
        5
      ]
    ],
    "left": [
      [
        4,
        5,
        6,
        7,
        8
      ],
      [
        0,
        4,
        5,
        6,
        7,
        8
      ],
      [
        0,
        1,
        4,
        5,
        6,
        7,
        8
      ],
      [
        0,
        1,
        2,
        4,
        5,
        6,
        7,
        8
      ],
      [],
      [
        4
      ],
      [
        4,
        5
      ],
      [
        4,
        5,
        6
      ],
      [
        4,
        5,
        6,
        7
      ]
    ],
    "right": [
      [
        1,
        2,
        3
      ],
      [
        2,
        3
      ],
      [
        3
      ],
      [],
      [
        0,
        1,
        2,
        3,
        5,
        6,
        7,
        8
      ],
      [
        0,
        1,
        2,
        3,
        6,
        7,
        8
      ],
      [
        0,
        1,
        2,
        3,
        7,
        8
      ],
      [
        0,
        1,
        2,
        3,
        8
      ],
      [
        0,
        1,
        2,
        3
      ]
    ]
  },
  "split": "new",
  "directions": {
    "front": [
      0.754490315914154,
      -0.6563112735748291,
      -0.0
    ],
    "behind": [
      -0.754490315914154,
      0.6563112735748291,
      0.0
    ],
    "below": [
      -0.0,
      -0.0,
      -1.0
    ],
    "right": [
      0.6563112735748291,
      0.7544902563095093,
      -0.0
    ],
    "left": [
      -0.6563112735748291,
      -0.7544902563095093,
      0.0
    ],
    "above": [
      0.0,
      0.0,
      1.0
    ]
  },
  "image_index": 175,
  "objects": [
    {
      "pixel_coords": [
        148,
        107,
        26.46977424621582
      ],
      "3d_coords": [
        -1.1412447690963745,
        -0.47001636028289795,
        0.5
      ],
      "size": "medium",
      "color": "blue",
      "material": "metal",
      "shape": "sphere",
      "group": [
        [
          -1.1412447719396734,
          -0.4700163675787046
        ],
        [
          -0.6543448273155396,
          1.0974807338819506
        ],
        [
          -0.034628360095640076,
          2.617372249556351
        ],
        [
          0.988573315080524,
          3.9007962056516208
        ]
      ],
      "rotation": 348.822398424391
    },
    {
      "pixel_coords": [
        170,
        106,
        26.71648406982422
      ],
      "3d_coords": [
        -0.6543448567390442,
        1.0974807739257812,
        0.3499999940395355
      ],
      "size": "small",
      "color": "yellow",
      "material": "metal",
      "shape": "cube",
      "group": [
        [
          -1.1412447719396734,
          -0.4700163675787046
        ],
        [
          -0.6543448273155396,
          1.0974807338819506
        ],
        [
          -0.034628360095640076,
          2.617372249556351
        ],
        [
          0.988573315080524,
          3.9007962056516208
        ]
      ],
      "rotation": 61.863672397919586
    },
    {
      "pixel_coords": [
        191,
        106,
        26.758556365966797
      ],
      "3d_coords": [
        -0.03462836146354675,
        2.6173722743988037,
        0.3499999940395355
      ],
      "size": "small",
      "color": "purple",
      "material": "rubber",
      "shape": "cylinder",
      "group": [
        [
          -1.1412447719396734,
          -0.4700163675787046
        ],
        [
          -0.6543448273155396,
          1.0974807338819506
        ],
        [
          -0.034628360095640076,
          2.617372249556351
        ],
        [
          0.988573315080524,
          3.9007962056516208
        ]
      ],
      "rotation": 200.92110605968188
    },
    {
      "pixel_coords": [
        212,
        110,
        26.595556259155273
      ],
      "3d_coords": [
        0.9885733127593994,
        3.9007961750030518,
        0.25
      ],
      "size": "mini",
      "color": "gray",
      "material": "rubber",
      "shape": "cube",
      "group": [
        [
          -1.1412447719396734,
          -0.4700163675787046
        ],
        [
          -0.6543448273155396,
          1.0974807338819506
        ],
        [
          -0.034628360095640076,
          2.617372249556351
        ],
        [
          0.988573315080524,
          3.9007962056516208
        ]
      ],
      "rotation": 71.30219848614608
    },
    {
      "pixel_coords": [
        62,
        81,
        28.46661376953125
      ],
      "3d_coords": [
        -6.749715328216553,
        -5.649869918823242,
        0.25
      ],
      "size": "mini",
      "color": "red",
      "material": "rubber",
      "shape": "sphere",
      "group": [
        [
          -6.74971543476183,
          -5.649869709893693
        ],
        [
          -5.270269468622209,
          -4.838311532873157
        ],
        [
          -3.8099284780591693,
          -3.9928582623152566
        ],
        [
          -2.601707470264105,
          -2.8148985695675073
        ],
        [
          -1.7466248157550135,
          -1.3601749891669632
        ]
      ],
      "rotation": 93.48922352196453
    },
    {
      "pixel_coords": [
        77,
        88,
        27.65312957763672
      ],
      "3d_coords": [
        -5.270269393920898,
        -4.838311672210693,
        0.5
      ],
      "size": "medium",
      "color": "purple",
      "material": "metal",
      "shape": "sphere",
      "group": [
        [
          -6.74971543476183,
          -5.649869709893693
        ],
        [
          -5.270269468622209,
          -4.838311532873157
        ],
        [
          -3.8099284780591693,
          -3.9928582623152566
        ],
        [
          -2.601707470264105,
          -2.8148985695675073
        ],
        [
          -1.7466248157550135,
          -1.3601749891669632
        ]
      ],
      "rotation": 239.87509529446206
    },
    {
      "pixel_coords": [
        93,
        98,
        27.056800842285156
      ],
      "3d_coords": [
        -3.8099284172058105,
        -3.9928581714630127,
        0.5
      ],
      "size": "medium",
      "color": "brown",
      "material": "rubber",
      "shape": "cylinder",
      "group": [
        [
          -6.74971543476183,
          -5.649869709893693
        ],
        [
          -5.270269468622209,
          -4.838311532873157
        ],
        [
          -3.8099284780591693,
          -3.9928582623152566
        ],
        [
          -2.601707470264105,
          -2.8148985695675073
        ],
        [
          -1.7466248157550135,
          -1.3601749891669632
        ]
      ],
      "rotation": 255.79106580995725
    },
    {
      "pixel_coords": [
        112,
        102,
        26.526700973510742
      ],
      "3d_coords": [
        -2.6017074584960938,
        -2.8148984909057617,
        0.699999988079071
      ],
      "size": "large",
      "color": "purple",