{
  "image_index": 138,
  "directions": {
    "front": [
      0.754490315914154,
      -0.6563112735748291,
      -0.0
    ],
    "above": [
      0.0,
      0.0,
      1.0
    ],
    "right": [
      0.6563112735748291,
      0.7544902563095093,
      -0.0
    ],
    "below": [
      -0.0,
      -0.0,
      -1.0
    ],
    "left": [
      -0.6563112735748291,
      -0.7544902563095093,
      0.0
    ],
    "behind": [
      -0.754490315914154,
      0.6563112735748291,
      0.0
    ]
  },
  "split": "new",
  "image_filename": "CLEVR_new_000138.png",
  "relationships": {
    "front": [
      [
        2,
        3,
        6
      ],
      [
        0,
        2,
        3,
        4,
        5,
        6,
        7
      ],
      [],
      [
        2,
        6
      ],
      [
        0,
        2,
        3,
        5,
        6,
        7
      ],
      [
        0,
        2,
        3,
        6,
        7
      ],
      [
        2
      ],
      [
        0,
        2,
        3,
        6
      ]
    ],
    "left": [
      [
        1,
        2,
        3,
        4,
        5,
        6,
        7
      ],
      [
        6
      ],
      [
        1,
        3,
        5,
        6
      ],
      [
        1,
        6
      ],
      [
        1,
        2,
        3,
        5,
        6
      ],
      [
        1,
        6
      ],
      [],
      [
        1,
        2,
        3,
        4,
        5,
        6
      ]
    ],
    "behind": [
      [
        1,
        4,
        5,
        7
      ],
      [],
      [
        0,
        1,
        3,
        4,
        5,
        6,
        7
      ],
      [
        0,
        1,
        4,
        5,
        7
      ],
      [
        1
      ],
      [
        1,
        4
      ],
      [
        0,
        1,
        3,
        4,
        5,
        7
      ],
      [
        1,
        4,
        5
      ]
    ],
    "right": [
      [],
      [
        0,
        2,
        3,
        4,
        5,
        7
      ],
      [
        0,
        4,
        7
      ],
      [
        0,
        2,
        4,
        7
      ],
      [
        0,
        7
      ],
      [
        0,
        2,
        4,
        7
      ],
      [
        0,
        1,
        2,
        3,
        4,
        5,
        7
      ],
      [
        0
      ]
    ]
  },
  "objects": [
    {
      "pixel_coords": [
        265,
        145,
        23.854877471923828
      ],
      "3d_coords": [
        5.6185197830200195,
        5.193263053894043,
        0.699999988079071
      ],
      "material": "metal",
      "rotation": 199.58306116323672,
      "group": 0,
      "size": "large",
      "color": "yellow",
      "shape": "cylinder"
    },
    {
      "pixel_coords": [
        138,
        76,
        27.82408905029297
      ],
      "3d_coords": [
        -4.251736164093018,
        0.1324228048324585,
        0.699999988079071
      ],
      "material": "metal",
      "rotation": 149.0988845607772,
      "group": 1,
      "size": "large",
      "color": "purple",
      "shape": "cylinder"
    },
    {
      "pixel_coords": [
        122,
        233,
        20.20005226135254
      ],
      "3d_coords": [
        6.848902225494385,
        -5.855820178985596,
        0.699999988079071
      ],
      "material": "metal",
      "rotation": 32.139318691453305,
      "group": 2,
      "size": "large",
      "color": "green",
      "shape": "cylinder"
    },
    {
      "pixel_coords": [
        152,
        127,
        24.806316375732422
      ],
      "3d_coords": [
        0.7711856365203857,
        -0.9803742170333862,
        0.699999988079071
      ],
      "material": "metal",
      "rotation": 13.611811856573407,
      "group": 2,
      "size": "large",
      "color": "green",
      "shape": "cylinder"
    },
    {
      "pixel_coords": [
        175,
        93,
        26.709396362304688
      ],
      "3d_coords": [
        -1.2968850135803223,
        1.9193923473358154,
        0.699999988079071
      ],
      "material": "metal",
      "rotation": 6.72131873149918,
      "group": 2,
      "size": "large",
      "color": "green",
      "shape": "cylinder"
    },
    {
      "pixel_coords": [
        160,
        103,
        26.108551025390625
      ],
      "3d_coords": [
        -0.9022625088691711,
        0.48747485876083374,
        0.699999988079071
      ],
      "material": "metal",
      "rotation": 141.48096309601715,
      "group": 0,
      "size": "large",
      "color": "yellow",
      "shape": "cylinder"
    },
    {
      "pixel_coords": [
        82,
        116,
        25.389713287353516
      ],
      "3d_coords": [
        -2.3850433826446533,
        -5.133672714233398,
        0.699999988079071
      ],
      "material": "metal",
      "rotation": 90.69604734256595,
      "group": 3,
      "size": "large",
      "color": "red",
      "shape": "cylinder"
    },
    {
      "pixel_coords": [
        245,
        125,
        24.917278289794922
      ],
      "3d_coords": [
        3.5437958240509033,
        4.972468852996826,
        0.699999988079071
      ],
      "material": "metal",
      "rotation": 288.33427299059343,
      "group": 1,
      "size": "large",
      "color": "purple",
      "shape": "cylinder"
    }
  ]
}