{
  "image_index": 58,
  "directions": {
    "front": [
      0.754490315914154,
      -0.6563112735748291,
      -0.0
    ],
    "above": [
      0.0,
      0.0,
      1.0
    ],
    "right": [
      0.6563112735748291,
      0.7544902563095093,
      -0.0
    ],
    "below": [
      -0.0,
      -0.0,
      -1.0
    ],
    "left": [
      -0.6563112735748291,
      -0.7544902563095093,
      0.0
    ],
    "behind": [
      -0.754490315914154,
      0.6563112735748291,
      0.0
    ]
  },
  "split": "new",
  "image_filename": "CLEVR_new_000058.png",
  "relationships": {
    "front": [
      [
        4,
        6,
        8
      ],
      [
        4,
        6,
        8
      ],
      [
        0,
        1,
        3,
        4,
        6,
        8
      ],
      [
        0,
        1,
        4,
        6,
        8
      ],
      [
        8
      ],
      [
        0,
        1,
        3,
        4,
        6,
        8
      ],
      [
        4,
        8
      ],
      [
        0,
        1,
        2,
        3,
        4,
        5,
        6,
        8
      ],
      []
    ],
    "left": [
      [
        1,
        2,
        3,
        4,
        5,
        6
      ],
      [],
      [
        1,
        3,
        4,
        6
      ],
      [
        1
      ],
      [
        1,
        3
      ],
      [
        1,
        2,
        3,
        4,
        6
      ],
      [
        1,
        3,
        4
      ],
      [
        0,
        1,
        2,
        3,
        4,
        5,
        6,
        8
      ],
      [
        0,
        1,
        2,
        3,
        4,
        5,
        6
      ]
    ],
    "behind": [
      [
        2,
        3,
        5,
        7
      ],
      [
        2,
        3,
        5,
        7
      ],
      [
        7
      ],
      [
        2,
        5,
        7
      ],
      [
        0,
        1,
        2,
        3,
        5,
        6,
        7
      ],
      [
        7
      ],
      [
        0,
        1,
        2,
        3,
        5,
        7
      ],
      [],
      [
        0,
        1,
        2,
        3,
        4,
        5,
        6,
        7
      ]
    ],
    "right": [
      [
        7,
        8
      ],
      [
        0,
        2,
        3,
        4,
        5,
        6,
        7,
        8
      ],
      [
        0,
        5,
        7,
        8
      ],
      [
        0,
        2,
        4,
        5,
        6,
        7,
        8
      ],
      [
        0,
        2,
        5,
        6,
        7,
        8
      ],
      [
        0,
        7,
        8
      ],
      [
        0,
        2,
        5,
        7,
        8
      ],
      [],
      [
        7
      ]
    ]
  },
  "objects": [
    {
      "pixel_coords": [
        162,
        117,
        25.372838973999023
      ],
      "3d_coords": [
        0.29081061482429504,
        0.04631113260984421,
        0.699999988079071
      ],
      "material": "metal",
      "rotation": 347.8022234220079,
      "group": 0,
      "size": "large",
      "color": "yellow",
      "shape": "cylinder"
    },
    {
      "pixel_coords": [
        47,
        94,
        26.697500228881836
      ],
      "3d_coords": [
        -5.554536819458008,
        -6.876617431640625,
        0.699999988079071
      ],
      "material": "rubber",
      "rotation": 74.6276822195121,
      "group": 1,
      "size": "large",
      "color": "yellow",
      "shape": "cylinder"
    },
    {
      "pixel_coords": [
        126,
        77,
        27.808835983276367
      ],
      "3d_coords": [
        -4.584238529205322,
        -0.7636783123016357,
        0.699999988079071
      ],
      "material": "metal",
      "rotation": 317.3463345740432,
      "group": 0,
      "size": "large",
      "color": "yellow",
      "shape": "cylinder"
    },
    {
      "pixel_coords": [
        97,
        77,
        27.777177810668945
      ],
      "3d_coords": [
        -5.5363688468933105,
        -2.8139214515686035,
        0.699999988079071
      ],
      "material": "rubber",
      "rotation": 117.9224093565375,
      "group": 1,
      "size": "large",
      "color": "yellow",
      "shape": "cylinder"
    },
    {
      "pixel_coords": [
        79,
        135,
        24.398447036743164
      ],
      "3d_coords": [
        -0.8289322257041931,
        -5.859272480010986,
        0.699999988079071
      ],
      "material": "rubber",
      "rotation": 142.7242045189197,
      "group": 1,
      "size": "large",
      "color": "yellow",
      "shape": "cylinder"
    },
    {
      "pixel_coords": [
        147,
        80,
        27.57973861694336
      ],
      "3d_coords": [
        -3.4923009872436523,
        0.5979989171028137,
        0.699999988079071
      ],
      "material": "metal",
      "rotation": 18.955225126095762,
      "group": 0,
      "size": "large",
      "color": "yellow",
      "shape": "cylinder"
    },
    {
      "pixel_coords": [
        90,
        122,
        25.089277267456055
      ],
      "3d_coords": [
        -1.5818012952804565,
        -4.81118631362915,
        0.699999988079071
      ],
      "material": "metal",
      "rotation": 67.83019134314557,
      "group": 0,
      "size": "large",
      "color": "yellow",
      "shape": "cylinder"
    },
    {
      "pixel_coords": [
        205,
        68,
        28.417997360229492
      ],
      "3d_coords": [
        -2.6599059104919434,
        5.4128570556640625,
        0.699999988079071
      ],
      "material": "metal",
      "rotation": 246.02146060071922,
      "group": 0,
      "size": "large",
      "color": "yellow",
      "shape": "cylinder"
    },
    {
      "pixel_coords": [
        145,
        180,
        22.260406494140625
      ],
      "3d_coords": [
        4.399570465087891,
        -3.2210021018981934,
        0.699999988079071
      ],
      "material": "rubber",
      "rotation": 194.79828921812458,
      "group": 1,
      "size": "large",
      "color": "yellow",
      "shape": "cylinder"
    }
  ]
}