{
  "image_index": 17,
  "directions": {
    "front": [
      0.754490315914154,
      -0.6563112735748291,
      -0.0
    ],
    "above": [
      0.0,
      0.0,
      1.0
    ],
    "right": [
      0.6563112735748291,
      0.7544902563095093,
      -0.0
    ],
    "below": [
      -0.0,
      -0.0,
      -1.0
    ],
    "left": [
      -0.6563112735748291,
      -0.7544902563095093,
      0.0
    ],
    "behind": [
      -0.754490315914154,
      0.6563112735748291,
      0.0
    ]
  },
  "split": "new",
  "image_filename": "CLEVR_new_000017.png",
  "relationships": {
    "front": [
      [
        1,
        3,
        5,
        6,
        7
      ],
      [
        3,
        5,
        6,
        7
      ],
      [
        0,
        1,
        3,
        4,
        5,
        6,
        7
      ],
      [],
      [
        0,
        1,
        3,
        5,
        6,
        7
      ],
      [
        3,
        6
      ],
      [
        3
      ],
      [
        3,
        5,
        6
      ]
    ],
    "left": [
      [
        6,
        7
      ],
      [
        0,
        3,
        6,
        7
      ],
      [
        0,
        3,
        6,
        7
      ],
      [
        0,
        6,
        7
      ],
      [
        0,
        1,
        2,
        3,
        6,
        7
      ],
      [
        0,
        1,
        2,
        3,
        6,
        7
      ],
      [
        7
      ],
      []
    ],
    "behind": [
      [
        2,
        4
      ],
      [
        0,
        2,
        4
      ],
      [],
      [
        0,
        1,
        2,
        4,
        5,
        6,
        7
      ],
      [
        2
      ],
      [
        0,
        1,
        2,
        4,
        7
      ],
      [
        0,
        1,
        2,
        4,
        5,
        7
      ],
      [
        0,
        1,
        2,
        4
      ]
    ],
    "right": [
      [
        1,
        2,
        3,
        4,
        5
      ],
      [
        4,
        5
      ],
      [
        4,
        5
      ],
      [
        1,
        2,
        4,
        5
      ],
      [],
      [],
      [
        0,
        1,
        2,
        3,
        4,
        5
      ],
      [
        0,
        1,
        2,
        3,
        4,
        5,
        6
      ]
    ]
  },
  "objects": [
    {
      "pixel_coords": [
        145,
        125,
        24.886619567871094
      ],
      "3d_coords": [
        0.46375489234924316,
        -1.3771499395370483,
        0.699999988079071
      ],
      "material": "metal",
      "rotation": 286.4201807311204,
      "group": 0,
      "size": "large",
      "color": "green",
      "shape": "cylinder"
    },
    {
      "pixel_coords": [
        182,
        141,
        24.04950523376465
      ],
      "3d_coords": [
        2.811605215072632,
        0.3724749982357025,
        0.699999988079071
      ],
      "material": "metal",
      "rotation": 254.95043756126555,
      "group": 0,
      "size": "large",
      "color": "green",
      "shape": "cylinder"
    },
    {
      "pixel_coords": [
        210,
        50,
        29.797544479370117
      ],
      "3d_coords": [
        -4.512621879577637,
        6.869078159332275,
        0.699999988079071
      ],
      "material": "metal",
      "rotation": 89.44857969895071,
      "group": 0,
      "size": "large",
      "color": "green",
      "shape": "cylinder"
    },
    {
      "pixel_coords": [
        150,
        209,
        21.059694290161133
      ],
      "3d_coords": [
        6.2985992431640625,
        -3.685612678527832,
        0.699999988079071
      ],
      "material": "metal",
      "rotation": 100.43784480989216,
      "group": 0,
      "size": "large",
      "color": "green",
      "shape": "cylinder"
    },
    {
      "pixel_coords": [
        201,
        111,
        25.672975540161133
      ],
      "3d_coords": [
        1.042783498764038,
        2.83823823928833,
        0.699999988079071
      ],
      "material": "metal",
      "rotation": 157.6149295907478,
      "group": 0,
      "size": "large",
      "color": "green",
      "shape": "cylinder"
    },
    {
      "pixel_coords": [
        183,
        173,
        22.52622413635254
      ],
      "3d_coords": [
        5.048240661621094,
        -0.7271034717559814,
        0.699999988079071
      ],
      "material": "metal",
      "rotation": 22.99354921744072,
      "group": 0,
      "size": "large",
      "color": "green",
      "shape": "cylinder"
    },
    {
      "pixel_coords": [
        114,
        192,
        21.70986557006836
      ],
      "3d_coords": [
        4.376370429992676,
        -5.2521843910217285,
        0.699999988079071
      ],
      "material": "metal",
      "rotation": 251.0857102683729,
      "group": 0,
      "size": "large",
      "color": "green",
      "shape": "cylinder"
    },
    {
      "pixel_coords": [
        60,
        125,
        24.902324676513672
      ],
      "3d_coords": [
        -2.1565005779266357,
        -6.830595016479492,
        0.699999988079071
      ],
      "material": "rubber",
      "rotation": 161.19518922255753,
      "group": 1,
      "size": "large",
      "color": "green",
      "shape": "cylinder"
    }
  ]
}