{
  "image_filename": "CLEVR_new_000137.png",
  "relationships": {
    "front": [
      [
        6,
        7
      ],
      [
        0,
        5,
        6,
        7
      ],
      [
        0,
        5,
        6,
        7
      ],
      [
        0,
        1,
        2,
        5,
        6,
        7
      ],
      [
        0,
        1,
        2,
        3,
        5,
        6,
        7
      ],
      [
        6,
        7
      ],
      [
        7
      ],
      []
    ],
    "behind": [
      [
        1,
        2,
        3,
        4
      ],
      [
        3,
        4
      ],
      [
        3,
        4
      ],
      [
        4
      ],
      [],
      [
        1,
        2,
        3,
        4
      ],
      [
        0,
        1,
        2,
        3,
        4,
        5
      ],
      [
        0,
        1,
        2,
        3,
        4,
        5,
        6
      ]
    ],
    "left": [
      [],
      [
        0
      ],
      [
        0,
        1,
        4
      ],
      [
        0,
        1,
        2,
        4,
        5
      ],
      [
        0,
        1
      ],
      [
        0,
        1,
        2,
        4
      ],
      [
        0,
        1,
        2,
        4,
        5
      ],
      [
        0,
        1,
        2,
        3,
        4,
        5,
        6
      ]
    ],
    "right": [
      [
        1,
        2,
        3,
        4,
        5,
        6,
        7
      ],
      [
        2,
        3,
        4,
        5,
        6,
        7
      ],
      [
        3,
        5,
        6,
        7
      ],
      [
        7
      ],
      [
        2,
        3,
        5,
        6,
        7
      ],
      [
        3,
        6,
        7
      ],
      [
        7
      ],
      []
    ]
  },
  "split": "new",
  "directions": {
    "front": [
      0.754490315914154,
      -0.6563112735748291,
      -0.0
    ],
    "behind": [
      -0.754490315914154,
      0.6563112735748291,
      0.0
    ],
    "below": [
      -0.0,
      -0.0,
      -1.0
    ],
    "right": [
      0.6563112735748291,
      0.7544902563095093,
      -0.0
    ],
    "left": [
      -0.6563112735748291,
      -0.7544902563095093,
      0.0
    ],
    "above": [
      0.0,
      0.0,
      1.0
    ]
  },
  "image_index": 137,
  "objects": [
    {
      "pixel_coords": [
        56,
        92,
        27.278730392456055
      ],
      "3d_coords": [
        -5.777717113494873,
        -6.12230920791626,
        0.5
      ],
      "size": "medium",
      "color": "green",
      "material": "rubber",
      "shape": "cylinder",
      "group": [
        [
          -5.777717277879015,
          -6.122309225122091
        ],
        [
          -3.7331684741127296,
          -2.9630726665317426
        ],
        [
          -1.1943929178563515,
          -0.18538043752741018
        ],
        [
          0.5599009418197536,
          3.143794910515803
        ]
      ],
      "rotation": 317.93801333041824
    },
    {
      "pixel_coords": [
        104,
        94,
        26.88836669921875
      ],
      "3d_coords": [
        -3.733168363571167,
        -2.9630727767944336,
        0.699999988079071
      ],
      "size": "large",
      "color": "yellow",
      "material": "metal",
      "shape": "sphere",
      "group": [
        [
          -5.777717277879015,
          -6.122309225122091
        ],
        [
          -3.7331684741127296,
          -2.9630726665317426
        ],
        [
          -1.1943929178563515,
          -0.18538043752741018
        ],
        [
          0.5599009418197536,
          3.143794910515803
        ]
      ],
      "rotation": 161.61184025799633
    },
    {
      "pixel_coords": [
        151,
        107,
        26.573331832885742
      ],
      "3d_coords": [
        -1.1943929195404053,
        -0.18538044393062592,
        0.3499999940395355
      ],
      "size": "small",
      "color": "gray",
      "material": "rubber",
      "shape": "cylinder",
      "group": [
        [
          -5.777717277879015,
          -6.122309225122091
        ],
        [
          -3.7331684741127296,
          -2.9630726665317426
        ],
        [
          -1.1943929178563515,
          -0.18538043752741018
        ],
        [
          0.5599009418197536,
          3.143794910515803
        ]
      ],
      "rotation": 299.90924213309853
    },
    {
      "pixel_coords": [
        200,
        106,
        26.423412322998047
      ],
      "3d_coords": [
        0.5599009394645691,
        3.1437950134277344,
        0.5
      ],
      "size": "medium",
      "color": "red",
      "material": "metal",
      "shape": "cylinder",
      "group": [
        [
          -5.777717277879015,
          -6.122309225122091
        ],
        [
          -3.7331684741127296,
          -2.9630726665317426
        ],
        [
          -1.1943929178563515,
          -0.18538043752741018
        ],
        [
          0.5599009418197536,
          3.143794910515803
        ]
      ],
      "rotation": 98.34952862240898
    },
    {
      "pixel_coords": [
        126,
        81,
        27.686885833740234
      ],
      "3d_coords": [
        -4.161744594573975,
        -0.8579791784286499,
        0.699999988079071
      ],
      "size": "large",
      "color": "red",
      "material": "metal",
      "shape": "sphere",
      "group": [
        [
          -4.161744407152829,
          -0.8579791913741666
        ],
        [
          -0.5199594248101143,
          0.04291119903905993
        ],
        [
          3.175194243144964,
          0.6910166868679748
        ],
        [
          6.590188392088924,
          2.244083432321735
        ]
      ],
      "rotation": 133.32045461448035
    },
    {
      "pixel_coords": [
        157,
        111,
        26.15645980834961
      ],
      "3d_coords": [
        -0.5199594497680664,
        0.04291119799017906,
        0.5
      ],
      "size": "medium",
      "color": "blue",
      "material": "rubber",
      "shape": "cylinder",
      "group": [
        [
          -4.161744407152829,
          -0.8579791913741666
        ],
        [
          -0.5199594248101143,
          0.04291119903905993
        ],
        [
          3.175194243144964,
          0.6910166868679748
        ],
        [
          6.590188392088924,
          2.244083432321735
        ]
      ],
      "rotation": 187.8503891280186
    },
    {
      "pixel_coords": [
        190,
        145,
        24.368623733520508
      ],
      "3d_coords": [
        3.175194263458252,
        0.691016674041748,
        0.5
      ],
      "size": "medium",
      "color": "gray",
      "material": "metal",
      "shape": "cone",
      "group": [
        [
          -4.161744407152829,
          -0.8579791913741666
        ],
        [
          -0.5199594248101143,
          0.04291119903905993
        ],
        [
          3.175194243144964,
          0.6910166868679748
        ],
        [
          6.590188392088924,
          2.244083432321735
        ]
      ],
      "rotation": 235.5659315681015
    },
    {
      "pixel_coords": [
        236,
        176,
        23.095417022705078
      ],
      "3d_coords": [
        6.590188503265381,
        2.2440834045410156,
        0.3499999940395355
      ],
      "size": "small",
      "color": "purple",
      "material": "rubber",
      "shape": "sphere",
      "group": [
        [
          -4.161744407152829,
          -0.8579791913741666
        ],
        [
          -0.5199594248101143,
          0.04291119903905993
        ],
        [
          3.175194243144964,
          0.6910166868679748
        ],
        [
          6.590188392088924,
          2.244083432321735
        ]
      ],
      "rotation": 247.3643269348207
    }
  ]
}