{
  "image_index": 102,
  "directions": {
    "front": [
      0.754490315914154,
      -0.6563112735748291,
      -0.0
    ],
    "above": [
      0.0,
      0.0,
      1.0
    ],
    "right": [
      0.6563112735748291,
      0.7544902563095093,
      -0.0
    ],
    "below": [
      -0.0,
      -0.0,
      -1.0
    ],
    "left": [
      -0.6563112735748291,
      -0.7544902563095093,
      0.0
    ],
    "behind": [
      -0.754490315914154,
      0.6563112735748291,
      0.0
    ]
  },
  "split": "new",
  "image_filename": "CLEVR_new_000102.png",
  "relationships": {
    "front": [
      [
        2,
        3,
        4,
        5,
        6,
        7
      ],
      [
        0,
        2,
        3,
        4,
        5,
        6,
        7
      ],
      [],
      [
        2,
        4,
        5,
        7
      ],
      [
        2,
        5,
        7
      ],
      [
        2
      ],
      [
        2,
        4,
        5,
        7
      ],
      [
        2,
        5
      ]
    ],
    "left": [
      [
        1,
        2,
        3,
        5,
        6,
        7
      ],
      [
        2,
        5,
        6
      ],
      [
        5,
        6
      ],
      [
        1,
        2,
        5,
        6,
        7
      ],
      [
        1,
        2,
        3,
        5,
        6,
        7
      ],
      [
        6
      ],
      [],
      [
        1,
        2,
        5,
        6
      ]
    ],
    "behind": [
      [
        1
      ],
      [],
      [
        0,
        1,
        3,
        4,
        5,
        6,
        7
      ],
      [
        0,
        1
      ],
      [
        0,
        1,
        3,
        6
      ],
      [
        0,
        1,
        3,
        4,
        6,
        7
      ],
      [
        0,
        1
      ],
      [
        0,
        1,
        3,
        4,
        6
      ]
    ],
    "right": [
      [],
      [
        0,
        3,
        4,
        7
      ],
      [
        0,
        1,
        3,
        4,
        7
      ],
      [
        0,
        4
      ],
      [],
      [
        0,
        1,
        2,
        3,
        4,
        7
      ],
      [
        0,
        1,
        2,
        3,
        4,
        5,
        7
      ],
      [
        0,
        3,
        4
      ]
    ]
  },
  "objects": [
    {
      "pixel_coords": [
        244,
        119,
        25.538599014282227
      ],
      "3d_coords": [
        3.0737249851226807,
        5.36031436920166,
        0.699999988079071
      ],
      "material": "metal",
      "rotation": 255.204636763031,
      "group": 0,
      "size": "large",
      "color": "green",
      "shape": "cylinder"
    },
    {
      "pixel_coords": [
        168,
        44,
        30.86423683166504
      ],
      "3d_coords": [
        -6.94895601272583,
        4.087751865386963,
        0.699999988079071
      ],
      "material": "metal",
      "rotation": 357.7951442876256,
      "group": 0,
      "size": "large",
      "color": "green",
      "shape": "cylinder"
    },
    {
      "pixel_coords": [
        87,
        181,
        22.34938621520996
      ],
      "3d_coords": [
        2.984579086303711,
        -6.612374305725098,
        0.699999988079071
      ],
      "material": "rubber",
      "rotation": 96.3109919690621,
      "group": 1,
      "size": "large",
      "color": "green",
      "shape": "cylinder"
    },
    {
      "pixel_coords": [
        162,
        104,
        26.434415817260742
      ],
      "3d_coords": [
        -0.8231688737869263,
        0.5237349271774292,
        0.699999988079071
      ],
      "material": "metal",
      "rotation": 61.59336668921614,
      "group": 0,
      "size": "large",
      "color": "green",
      "shape": "cylinder"
    },
    {
      "pixel_coords": [
        243,
        138,
        24.47451400756836
      ],
      "3d_coords": [
        4.45759391784668,
        4.321048259735107,
        0.699999988079071
      ],
      "material": "metal",
      "rotation": 187.33779513385758,
      "group": 0,
      "size": "large",
      "color": "green",
      "shape": "cylinder"
    },
    {
      "pixel_coords": [
        80,
        158,
        23.44464111328125
      ],
      "3d_coords": [
        1.1068010330200195,
        -6.490530967712402,
        0.699999988079071
      ],
      "material": "rubber",
      "rotation": 147.69181661927064,
      "group": 1,
      "size": "large",
      "color": "green",
      "shape": "cylinder"
    },
    {
      "pixel_coords": [
        100,
        92,
        27.25912094116211
      ],
      "3d_coords": [
        -4.063718318939209,
        -3.203439712524414,
        0.699999988079071
      ],
      "material": "rubber",
      "rotation": 114.79101868871315,
      "group": 1,
      "size": "large",
      "color": "green",
      "shape": "cylinder"
    },
    {
      "pixel_coords": [
        139,
        126,
        25.11994743347168
      ],
      "3d_coords": [
        0.36275172233581543,
        -1.8547178506851196,
        0.699999988079071
      ],
      "material": "metal",
      "rotation": 237.35872974644258,
      "group": 0,
      "size": "large",
      "color": "green",
      "shape": "cylinder"
    }
  ]
}