{
  "image_index": 80,
  "directions": {
    "front": [
      0.754490315914154,
      -0.6563112735748291,
      -0.0
    ],
    "above": [
      0.0,
      0.0,
      1.0
    ],
    "right": [
      0.6563112735748291,
      0.7544902563095093,
      -0.0
    ],
    "below": [
      -0.0,
      -0.0,
      -1.0
    ],
    "left": [
      -0.6563112735748291,
      -0.7544902563095093,
      0.0
    ],
    "behind": [
      -0.754490315914154,
      0.6563112735748291,
      0.0
    ]
  },
  "split": "new",
  "image_filename": "CLEVR_new_000080.png",
  "relationships": {
    "front": [
      [
        1,
        2,
        3,
        4
      ],
      [
        3,
        4
      ],
      [
        1,
        3,
        4
      ],
      [],
      [
        3
      ],
      [
        0,
        1,
        2,
        3,
        4
      ]
    ],
    "left": [
      [
        1,
        3,
        4
      ],
      [],
      [
        0,
        1,
        3,
        4,
        5
      ],
      [
        1
      ],
      [
        1,
        3
      ],
      [
        0,
        1,
        3,
        4
      ]
    ],
    "behind": [
      [
        5
      ],
      [
        0,
        2,
        5
      ],
      [
        0,
        5
      ],
      [
        0,
        1,
        2,
        4,
        5
      ],
      [
        0,
        1,
        2,
        5
      ],
      []
    ],
    "right": [
      [
        2,
        5
      ],
      [
        0,
        2,
        3,
        4,
        5
      ],
      [],
      [
        0,
        2,
        4,
        5
      ],
      [
        0,
        2,
        5
      ],
      [
        2
      ]
    ]
  },
  "objects": [
    {
      "pixel_coords": [
        188,
        96,
        26.6718807220459
      ],
      "3d_coords": [
        -0.6357377767562866,
        2.709152936935425,
        0.699999988079071
      ],
      "material": "rubber",
      "rotation": 152.7233299569237,
      "group": 0,
      "size": "large",
      "color": "red",
      "shape": "cube"
    },
    {
      "pixel_coords": [
        92,
        93,
        26.824661254882812
      ],
      "3d_coords": [
        -4.138985633850098,
        -3.7939205169677734,
        0.699999988079071
      ],
      "material": "rubber",
      "rotation": 188.25424539404753,
      "group": 1,
      "size": "large",
      "color": "green",
      "shape": "cube"
    },
    {
      "pixel_coords": [
        253,
        124,
        25.10565948486328
      ],
      "3d_coords": [
        3.7293055057525635,
        5.597140789031982,
        0.699999988079071
      ],
      "material": "rubber",
      "rotation": 139.24642122496945,
      "group": 2,
      "size": "large",
      "color": "purple",
      "shape": "cube"
    },
    {
      "pixel_coords": [
        140,
        168,
        22.992769241333008
      ],
      "3d_coords": [
        3.3751468658447266,
        -3.127200126647949,
        0.699999988079071
      ],
      "material": "rubber",
      "rotation": 127.43450511596521,
      "group": 3,
      "size": "large",
      "color": "cyan",
      "shape": "cube"
    },
    {
      "pixel_coords": [
        167,
        147,
        23.962160110473633
      ],
      "3d_coords": [
        2.6974477767944336,
        -0.8230060338973999,
        0.699999988079071
      ],
      "material": "rubber",
      "rotation": 323.7437559176648,
      "group": 4,
      "size": "large",
      "color": "blue",
      "shape": "cube"
    },
    {
      "pixel_coords": [
        236,
        78,
        27.761362075805664
      ],
      "3d_coords": [
        -0.5637475252151489,
        6.984086513519287,
        0.699999988079071
      ],
      "material": "rubber",
      "rotation": 116.0439922708199,
      "group": 5,
      "size": "large",
      "color": "yellow",
      "shape": "cube"
    }
  ]
}