{
  "image_index": 157,
  "directions": {
    "front": [
      0.754490315914154,
      -0.6563112735748291,
      -0.0
    ],
    "above": [
      0.0,
      0.0,
      1.0
    ],
    "right": [
      0.6563112735748291,
      0.7544902563095093,
      -0.0
    ],
    "below": [
      -0.0,
      -0.0,
      -1.0
    ],
    "left": [
      -0.6563112735748291,
      -0.7544902563095093,
      0.0
    ],
    "behind": [
      -0.754490315914154,
      0.6563112735748291,
      0.0
    ]
  },
  "split": "new",
  "image_filename": "CLEVR_new_000157.png",
  "relationships": {
    "front": [
      [
        4,
        5,
        6
      ],
      [
        0,
        4,
        5,
        6
      ],
      [
        0,
        1,
        3,
        4,
        5,
        6,
        7
      ],
      [
        0,
        4,
        5,
        6
      ],
      [],
      [
        4,
        6
      ],
      [
        4
      ],
      [
        0,
        1,
        3,
        4,
        5,
        6
      ],
      [
        0,
        1,
        2,
        3,
        4,
        5,
        6,
        7
      ]
    ],
    "left": [
      [
        3,
        4,
        8
      ],
      [
        0,
        2,
        3,
        4,
        6,
        7,
        8
      ],
      [
        3,
        4,
        8
      ],
      [
        4,
        8
      ],
      [],
      [
        0,
        1,
        2,
        3,
        4,
        6,
        7,
        8
      ],
      [
        0,
        2,
        3,
        4,
        8
      ],
      [
        0,
        2,
        3,
        4,
        6,
        8
      ],
      [
        4
      ]
    ],
    "behind": [
      [
        1,
        2,
        3,
        7,
        8
      ],
      [
        2,
        7,
        8
      ],
      [
        8
      ],
      [
        2,
        7,
        8
      ],
      [
        0,
        1,
        2,
        3,
        5,
        6,
        7,
        8
      ],
      [
        0,
        1,
        2,
        3,
        7,
        8
      ],
      [
        0,
        1,
        2,
        3,
        5,
        7,
        8
      ],
      [
        2,
        8
      ],
      []
    ],
    "right": [
      [
        1,
        5,
        6,
        7
      ],
      [
        5
      ],
      [
        1,
        5,
        6,
        7
      ],
      [
        0,
        1,
        2,
        5,
        6,
        7
      ],
      [
        0,
        1,
        2,
        3,
        5,
        6,
        7,
        8
      ],
      [],
      [
        1,
        5,
        7
      ],
      [
        1,
        5
      ],
      [
        0,
        1,
        2,
        3,
        5,
        6,
        7
      ]
    ]
  },
  "objects": [
    {
      "pixel_coords": [
        230,
        136,
        24.884586334228516
      ],
      "3d_coords": [
        3.9143128395080566,
        3.649296760559082,
        0.699999988079071
      ],
      "material": "rubber",
      "rotation": 71.80318572095955,
      "group": 0,
      "size": "large",
      "color": "red",
      "shape": "cylinder"
    },
    {
      "pixel_coords": [
        274,
        142,
        24.578746795654297
      ],
      "3d_coords": [
        5.6466965675354,
        6.173701763153076,
        0.699999988079071
      ],
      "material": "rubber",
      "rotation": 11.239442209521208,
      "group": 1,
      "size": "large",
      "color": "brown",
      "shape": "cylinder"
    },
    {
      "pixel_coords": [
        232,
        112,
        26.259563446044922
      ],
      "3d_coords": [
        2.0644922256469727,
        5.016852378845215,
        0.699999988079071
      ],
      "material": "rubber",
      "rotation": 199.71314542893052,
      "group": 2,
      "size": "large",
      "color": "purple",
      "shape": "cylinder"
    },
    {
      "pixel_coords": [
        189,
        123,
        25.61870765686035
      ],
      "3d_coords": [
        1.629341721534729,
        1.6013935804367065,
        0.699999988079071
      ],
      "material": "rubber",
      "rotation": 50.695272020676725,
      "group": 3,
      "size": "large",
      "color": "gray",
      "shape": "cylinder"
    },
    {
      "pixel_coords": [
        144,
        187,
        22.47459602355957
      ],
      "3d_coords": [
        4.957485675811768,
        -3.45680832862854,
        0.699999988079071
      ],
      "material": "rubber",
      "rotation": 12.841894948869005,
      "group": 4,
      "size": "large",
      "color": "green",
      "shape": "cylinder"
    },
    {
      "pixel_coords": [
        289,
        154,
        23.971223831176758
      ],
      "3d_coords": [
        6.895415306091309,
        6.493224620819092,
        0.699999988079071
      ],
      "material": "rubber",
      "rotation": 335.4448291620179,
      "group": 4,
      "size": "large",
      "color": "green",
      "shape": "cylinder"
    },
    {
      "pixel_coords": [
        252,
        164,
        23.50634002685547
      ],
      "3d_coords": [
        6.470453262329102,
        3.7815544605255127,
        0.699999988079071
      ],
      "material": "rubber",
      "rotation": 101.4597985957112,
      "group": 0,
      "size": "large",
      "color": "red",
      "shape": "cylinder"
    },
    {
      "pixel_coords": [
        262,
        128,
        25.33463478088379
      ],
      "3d_coords": [
        4.257735729217529,
        6.128857612609863,
        0.699999988079071
      ],
      "material": "rubber",
      "rotation": 182.7637339202956,
      "group": 5,
      "size": "large",
      "color": "yellow",
      "shape": "cylinder"
    },
    {
      "pixel_coords": [
        193,
        68,
        29.100313186645508
      ],
      "3d_coords": [
        -3.2759461402893066,
        4.590295314788818,
        0.699999988079071
      ],
      "material": "rubber",
      "rotation": 36.15720255538872,
      "group": 6,
      "size": "large",
      "color": "cyan",
      "shape": "cylinder"
    }
  ]
}