{
  "image_index": 63,
  "directions": {
    "front": [
      0.754490315914154,
      -0.6563112735748291,
      -0.0
    ],
    "above": [
      0.0,
      0.0,
      1.0
    ],
    "right": [
      0.6563112735748291,
      0.7544902563095093,
      -0.0
    ],
    "below": [
      -0.0,
      -0.0,
      -1.0
    ],
    "left": [
      -0.6563112735748291,
      -0.7544902563095093,
      0.0
    ],
    "behind": [
      -0.754490315914154,
      0.6563112735748291,
      0.0
    ]
  },
  "split": "new",
  "image_filename": "CLEVR_new_000063.png",
  "relationships": {
    "front": [
      [
        2,
        3,
        6
      ],
      [
        2,
        3,
        6
      ],
      [
        3,
        6
      ],
      [
        6
      ],
      [
        0,
        1,
        2,
        3,
        6
      ],
      [
        0,
        1,
        2,
        3,
        4,
        6
      ],
      []
    ],
    "left": [
      [
        1,
        2,
        3,
        4,
        5,
        6
      ],
      [
        2,
        3
      ],
      [
        3
      ],
      [],
      [
        1,
        2,
        3,
        5,
        6
      ],
      [
        2,
        3
      ],
      [
        1,
        2,
        3,
        5
      ]
    ],
    "behind": [
      [
        4,
        5
      ],
      [
        4,
        5
      ],
      [
        0,
        1,
        4,
        5
      ],
      [
        0,
        1,
        2,
        4,
        5
      ],
      [
        5
      ],
      [],
      [
        0,
        1,
        2,
        3,
        4,
        5
      ]
    ],
    "right": [
      [],
      [
        0,
        4,
        6
      ],
      [
        0,
        1,
        4,
        5,
        6
      ],
      [
        0,
        1,
        2,
        4,
        5,
        6
      ],
      [
        0
      ],
      [
        0,
        4,
        6
      ],
      [
        0,
        4
      ]
    ]
  },
  "objects": [
    {
      "pixel_coords": [
        277,
        129,
        25.02243423461914
      ],
      "3d_coords": [
        5.052404880523682,
        6.776660442352295,
        0.699999988079071
      ],
      "material": "metal",
      "rotation": 197.80073100672809,
      "group": 0,
      "size": "large",
      "color": "red",
      "shape": "cone"
    },
    {
      "pixel_coords": [
        168,
        108,
        26.17645835876465
      ],
      "3d_coords": [
        -0.20197448134422302,
        0.7975450754165649,
        0.699999988079071
      ],
      "material": "metal",
      "rotation": 195.1274681090736,
      "group": 0,
      "size": "large",
      "color": "red",
      "shape": "cone"
    },
    {
      "pixel_coords": [
        97,
        117,
        25.66386604309082
      ],
      "3d_coords": [
        -1.877672791481018,
        -4.190620422363281,
        0.699999988079071
      ],
      "material": "rubber",
      "rotation": 281.5836526273222,
      "group": 1,
      "size": "large",
      "color": "red",
      "shape": "cone"
    },
    {
      "pixel_coords": [
        62,
        115,
        25.7896728515625
      ],
      "3d_coords": [
        -3.296774387359619,
        -6.455825328826904,
        0.699999988079071
      ],
      "material": "rubber",
      "rotation": 281.35127811701267,
      "group": 1,
      "size": "large",
      "color": "red",
      "shape": "cone"
    },
    {
      "pixel_coords": [
        233,
        107,
        26.241321563720703
      ],
      "3d_coords": [
        1.9791698455810547,
        5.182687759399414,
        0.699999988079071
      ],
      "material": "rubber",
      "rotation": 102.11469180697193,
      "group": 1,
      "size": "large",
      "color": "red",
      "shape": "cone"
    },
    {
      "pixel_coords": [
        173,
        86,
        27.564409255981445
      ],
      "3d_coords": [
        -2.0194876194000244,
        2.1890676021575928,
        0.699999988079071
      ],
      "material": "metal",
      "rotation": 116.40962184341087,
      "group": 0,
      "size": "large",
      "color": "red",
      "shape": "cone"
    },
    {
      "pixel_coords": [
        172,
        146,
        24.122344970703125
      ],
      "3d_coords": [
        2.8700225353240967,
        -0.5333185791969299,
        0.699999988079071
      ],
      "material": "rubber",
      "rotation": 39.2786777482849,
      "group": 1,
      "size": "large",
      "color": "red",
      "shape": "cone"
    }
  ]
}