{
  "image_index": 152,
  "directions": {
    "front": [
      0.754490315914154,
      -0.6563112735748291,
      -0.0
    ],
    "above": [
      0.0,
      0.0,
      1.0
    ],
    "right": [
      0.6563112735748291,
      0.7544902563095093,
      -0.0
    ],
    "below": [
      -0.0,
      -0.0,
      -1.0
    ],
    "left": [
      -0.6563112735748291,
      -0.7544902563095093,
      0.0
    ],
    "behind": [
      -0.754490315914154,
      0.6563112735748291,
      0.0
    ]
  },
  "split": "new",
  "image_filename": "CLEVR_new_000152.png",
  "relationships": {
    "front": [
      [
        1,
        2,
        3,
        4,
        5,
        6,
        7,
        8
      ],
      [
        2,
        7,
        8
      ],
      [
        7,
        8
      ],
      [
        1,
        2,
        5,
        7,
        8
      ],
      [
        1,
        2,
        3,
        5,
        6,
        7,
        8
      ],
      [
        1,
        2,
        7,
        8
      ],
      [
        1,
        2,
        5,
        7,
        8
      ],
      [],
      [
        7
      ]
    ],
    "left": [
      [
        1,
        2,
        3,
        4,
        6,
        7,
        8
      ],
      [
        2,
        3,
        4,
        7
      ],
      [
        4
      ],
      [
        2,
        4
      ],
      [],
      [
        0,
        1,
        2,
        3,
        4,
        6,
        7,
        8
      ],
      [
        1,
        2,
        3,
        4,
        7
      ],
      [
        2,
        3,
        4
      ],
      [
        1,
        2,
        3,
        4,
        6,
        7
      ]
    ],
    "behind": [
      [],
      [
        0,
        3,
        4,
        5,
        6
      ],
      [
        0,
        1,
        3,
        4,
        5,
        6
      ],
      [
        0,
        4
      ],
      [
        0
      ],
      [
        0,
        3,
        4,
        6
      ],
      [
        0,
        4
      ],
      [
        0,
        1,
        2,
        3,
        4,
        5,
        6,
        8
      ],
      [
        0,
        1,
        2,
        3,
        4,
        5,
        6
      ]
    ],
    "right": [
      [
        5
      ],
      [
        0,
        5,
        6,
        8
      ],
      [
        0,
        1,
        3,
        5,
        6,
        7,
        8
      ],
      [
        0,
        1,
        5,
        6,
        7,
        8
      ],
      [
        0,
        1,
        2,
        3,
        5,
        6,
        7,
        8
      ],
      [],
      [
        0,
        5,
        8
      ],
      [
        0,
        1,
        5,
        6,
        8
      ],
      [
        0,
        5
      ]
    ]
  },
  "objects": [
    {
      "pixel_coords": [
        235,
        93,
        27.313600540161133
      ],
      "3d_coords": [
        0.7741511464118958,
        6.246055603027344,
        0.5
      ],
      "material": "metal",
      "rotation": 165.0111608868867,
      "group": 0,
      "size": "medium",
      "color": "blue",
      "shape": "cylinder"
    },
    {
      "pixel_coords": [
        141,
        139,
        24.662288665771484
      ],
      "3d_coords": [
        1.227798581123352,
        -2.193110466003418,
        0.5
      ],
      "material": "metal",
      "rotation": 170.22661490595672,
      "group": 0,
      "size": "medium",
      "color": "blue",
      "shape": "cylinder"
    },
    {
      "pixel_coords": [
        96,
        140,
        24.626989364624023
      ],
      "3d_coords": [
        -0.17490744590759277,
        -4.969658851623535,
        0.5
      ],
      "material": "metal",
      "rotation": 198.8311370154636,
      "group": 1,
      "size": "medium",
      "color": "yellow",
      "shape": "cylinder"
    },
    {
      "pixel_coords": [
        130,
        109,
        26.378772735595703
      ],
      "3d_coords": [
        -1.6643489599227905,
        -1.6436538696289062,
        0.5
      ],
      "material": "metal",
      "rotation": 292.4547049263988,
      "group": 2,
      "size": "medium",
      "color": "green",
      "shape": "cylinder"
    },
    {
      "pixel_coords": [
        109,
        93,
        27.368101119995117
      ],
      "3d_coords": [
        -3.912119150161743,
        -2.4254164695739746,
        0.5
      ],
      "material": "metal",
      "rotation": 160.48924771405095,
      "group": 1,
      "size": "medium",
      "color": "yellow",
      "shape": "cylinder"
    },
    {
      "pixel_coords": [
        269,
        161,
        23.585079193115234
      ],
      "3d_coords": [
        6.871609210968018,
        4.703013896942139,
        0.5
      ],
      "material": "metal",
      "rotation": 126.88334500445222,
      "group": 3,
      "size": "medium",
      "color": "gray",
      "shape": "cylinder"
    },
    {
      "pixel_coords": [
        192,
        118,
        25.819849014282227
      ],
      "3d_coords": [
        1.3068639039993286,
        2.015519142150879,
        0.5
      ],
      "material": "metal",
      "rotation": 76.97207464482862,
      "group": 4,
      "size": "medium",
      "color": "brown",
      "shape": "cylinder"
    },
    {
      "pixel_coords": [
        112,
        169,
        23.231340408325195
      ],
      "3d_coords": [
        2.440502166748047,
        -4.9174346923828125,
        0.5
      ],
      "material": "metal",
      "rotation": 285.67545100438286,
      "group": 5,
      "size": "medium",
      "color": "purple",
      "shape": "cylinder"
    },
    {
      "pixel_coords": [
        185,
        165,
        23.402009963989258
      ],
      "3d_coords": [
        4.474416255950928,
        -0.4724617004394531,
        0.5
      ],
      "material": "metal",
      "rotation": 242.83190185291744,
      "group": 6,
      "size": "medium",
      "color": "cyan",
      "shape": "cylinder"
    }
  ]
}