{
  "image_index": 14,
  "directions": {
    "front": [
      0.754490315914154,
      -0.6563112735748291,
      -0.0
    ],
    "above": [
      0.0,
      0.0,
      1.0
    ],
    "right": [
      0.6563112735748291,
      0.7544902563095093,
      -0.0
    ],
    "below": [
      -0.0,
      -0.0,
      -1.0
    ],
    "left": [
      -0.6563112735748291,
      -0.7544902563095093,
      0.0
    ],
    "behind": [
      -0.754490315914154,
      0.6563112735748291,
      0.0
    ]
  },
  "split": "new",
  "image_filename": "CLEVR_new_000014.png",
  "relationships": {
    "front": [
      [
        2,
        4,
        6,
        7,
        8,
        9
      ],
      [
        0,
        2,
        4,
        5,
        6,
        7,
        8,
        9
      ],
      [
        9
      ],
      [
        0,
        1,
        2,
        4,
        5,
        6,
        7,
        8,
        9
      ],
      [
        2,
        8,
        9
      ],
      [
        0,
        2,
        4,
        6,
        7,
        8,
        9
      ],
      [
        2,
        4,
        7,
        8,
        9
      ],
      [
        2,
        4,
        8,
        9
      ],
      [
        9
      ],
      []
    ],
    "left": [
      [],
      [
        0,
        6,
        7,
        8
      ],
      [
        0,
        1,
        3,
        5,
        6,
        7,
        8,
        9
      ],
      [
        0,
        1,
        6,
        7,
        8,
        9
      ],
      [
        0,
        1,
        3,
        5,
        6,
        7,
        8,
        9
      ],
      [
        0,
        1,
        3,
        6,
        7,
        8,
        9
      ],
      [
        0,
        7,
        8
      ],
      [
        0
      ],
      [
        0,
        7
      ],
      [
        0,
        1,
        6,
        7,
        8
      ]
    ],
    "behind": [
      [
        1,
        3,
        5
      ],
      [
        3
      ],
      [
        0,
        1,
        3,
        4,
        5,
        6,
        7
      ],
      [],
      [
        0,
        1,
        3,
        5,
        6,
        7
      ],
      [
        1,
        3
      ],
      [
        0,
        1,
        3,
        5
      ],
      [
        0,
        1,
        3,
        5,
        6
      ],
      [
        0,
        1,
        3,
        4,
        5,
        6,
        7
      ],
      [
        0,
        1,
        2,
        3,
        4,
        5,
        6,
        7,
        8
      ]
    ],
    "right": [
      [
        1,
        2,
        3,
        4,
        5,
        6,
        7,
        8,
        9
      ],
      [
        2,
        3,
        4,
        5,
        9
      ],
      [],
      [
        2,
        4,
        5
      ],
      [],
      [
        2,
        4
      ],
      [
        1,
        2,
        3,
        4,
        5,
        9
      ],
      [
        1,
        2,
        3,
        4,
        5,
        6,
        8,
        9
      ],
      [
        1,
        2,
        3,
        4,
        5,
        6,
        9
      ],
      [
        2,
        3,
        4,
        5
      ]
    ]
  },
  "objects": [
    {
      "pixel_coords": [
        80,
        73,
        28.566329956054688
      ],
      "3d_coords": [
        -6.804749965667725,
        -3.9277970790863037,
        0.699999988079071
      ],
      "material": "rubber",
      "rotation": 334.55833791613134,
      "group": 0,
      "size": "large",
      "color": "green",
      "shape": "cube"
    },
    {
      "pixel_coords": [
        147,
        61,
        29.453685760498047
      ],
      "3d_coords": [
        -5.640329360961914,
        1.602088451385498,
        0.699999988079071
      ],
      "material": "metal",
      "rotation": 252.01624930215633,
      "group": 1,
      "size": "large",
      "color": "green",
      "shape": "cube"
    },
    {
      "pixel_coords": [
        241,
        144,
        24.189041137695312
      ],
      "3d_coords": [
        4.917389869689941,
        3.7791242599487305,
        0.699999988079071
      ],
      "material": "rubber",
      "rotation": 160.7453845504154,
      "group": 0,
      "size": "large",
      "color": "green",
      "shape": "cube"
    },
    {
      "pixel_coords": [
        202,
        55,
        29.932537078857422
      ],
      "3d_coords": [
        -4.2329535484313965,
        6.1466217041015625,
        0.699999988079071
      ],
      "material": "metal",
      "rotation": 44.47869768506066,
      "group": 1,
      "size": "large",
      "color": "green",
      "shape": "cube"
    },
    {
      "pixel_coords": [
        240,
        129,
        24.994277954101562
      ],
      "3d_coords": [
        3.831423282623291,
        4.505470275878906,
        0.699999988079071
      ],
      "material": "rubber",
      "rotation": 74.33703820230703,
      "group": 0,
      "size": "large",
      "color": "green",
      "shape": "cube"
    },
    {
      "pixel_coords": [
        197,
        86,
        27.663497924804688
      ],
      "3d_coords": [
        -1.261269211769104,
        3.9228103160858154,
        0.699999988079071
      ],
      "material": "rubber",
      "rotation": 313.217833689284,
      "group": 0,
      "size": "large",
      "color": "green",
      "shape": "cube"
    },
    {
      "pixel_coords": [
        111,
        87,
        27.58011245727539
      ],
      "3d_coords": [
        -4.17958402633667,
        -2.223187208175659,
        0.699999988079071
      ],
      "material": "metal",
      "rotation": 83.34122950732808,
      "group": 1,
      "size": "large",
      "color": "green",
      "shape": "cube"
    },
    {
      "pixel_coords": [
        79,
        88,
        27.51913833618164
      ],
      "3d_coords": [
        -5.198281764984131,
        -4.483402252197266,
        0.699999988079071
      ],
      "material": "metal",
      "rotation": 302.90483616452593,
      "group": 1,
      "size": "large",
      "color": "green",
      "shape": "cube"
    },
    {
      "pixel_coords": [
        90,
        115,
        25.822772979736328
      ],
      "3d_coords": [
        -2.2462499141693115,
        -4.683013916015625,
        0.699999988079071
      ],
      "material": "metal",
      "rotation": 132.59323476612164,
      "group": 1,
      "size": "large",
      "color": "green",
      "shape": "cube"
    },
    {
      "pixel_coords": [
        125,
        152,
        23.784427642822266
      ],
      "3d_coords": [
        1.9380910396575928,
        -3.6465353965759277,
        0.699999988079071
      ],
      "material": "metal",
      "rotation": 222.96112937776408,
      "group": 1,
      "size": "large",
      "color": "green",
      "shape": "cube"
    }
  ]
}