{
  "image_index": 53,
  "directions": {
    "front": [
      0.754490315914154,
      -0.6563112735748291,
      -0.0
    ],
    "above": [
      0.0,
      0.0,
      1.0
    ],
    "right": [
      0.6563112735748291,
      0.7544902563095093,
      -0.0
    ],
    "below": [
      -0.0,
      -0.0,
      -1.0
    ],
    "left": [
      -0.6563112735748291,
      -0.7544902563095093,
      0.0
    ],
    "behind": [
      -0.754490315914154,
      0.6563112735748291,
      0.0
    ]
  },
  "split": "new",
  "image_filename": "CLEVR_new_000053.png",
  "relationships": {
    "front": [
      [
        1,
        2,
        3,
        4,
        5,
        6,
        8,
        9
      ],
      [
        3,
        5,
        6
      ],
      [
        1,
        3,
        4,
        5,
        6
      ],
      [],
      [
        1,
        3,
        5,
        6
      ],
      [
        3
      ],
      [
        3,
        5
      ],
      [
        1,
        2,
        3,
        4,
        5,
        6,
        8,
        9
      ],
      [
        1,
        3,
        4,
        5,
        6
      ],
      [
        1,
        2,
        3,
        4,
        5,
        6,
        8
      ]
    ],
    "left": [
      [
        3,
        4,
        5
      ],
      [
        0,
        3,
        4,
        5,
        7
      ],
      [
        0,
        1,
        3,
        4,
        5,
        6,
        7,
        8,
        9
      ],
      [
        4,
        5
      ],
      [
        5
      ],
      [],
      [
        0,
        1,
        3,
        4,
        5,
        7,
        8,
        9
      ],
      [
        0,
        3,
        4,
        5
      ],
      [
        0,
        1,
        3,
        4,
        5,
        7
      ],
      [
        0,
        1,
        3,
        4,
        5,
        7,
        8
      ]
    ],
    "behind": [
      [],
      [
        0,
        2,
        4,
        7,
        8,
        9
      ],
      [
        0,
        7,
        9
      ],
      [
        0,
        1,
        2,
        4,
        5,
        6,
        7,
        8,
        9
      ],
      [
        0,
        2,
        7,
        8,
        9
      ],
      [
        0,
        1,
        2,
        4,
        6,
        7,
        8,
        9
      ],
      [
        0,
        1,
        2,
        4,
        7,
        8,
        9
      ],
      [],
      [
        0,
        7,
        9
      ],
      [
        0,
        7
      ]
    ],
    "right": [
      [
        1,
        2,
        6,
        7,
        8,
        9
      ],
      [
        2,
        6,
        8,
        9
      ],
      [],
      [
        0,
        1,
        2,
        6,
        7,
        8,
        9
      ],
      [
        0,
        1,
        2,
        3,
        6,
        7,
        8,
        9
      ],
      [
        0,
        1,
        2,
        3,
        4,
        6,
        7,
        8,
        9
      ],
      [
        2
      ],
      [
        1,
        2,
        6,
        8,
        9
      ],
      [
        2,
        6,
        9
      ],
      [
        2,
        6
      ]
    ]
  },
  "objects": [
    {
      "pixel_coords": [
        154,
        66,
        29.018688201904297
      ],
      "3d_coords": [
        -4.70050048828125,
        1.861405849456787,
        0.699999988079071
      ],
      "material": "metal",
      "rotation": 56.10276271061054,
      "group": 0,
      "size": "large",
      "color": "cyan",
      "shape": "sphere"
    },
    {
      "pixel_coords": [
        169,
        127,
        25.284290313720703
      ],
      "3d_coords": [
        1.3688372373580933,
        0.0634721964597702,
        0.699999988079071
      ],
      "material": "metal",
      "rotation": 77.27722897381354,
      "group": 0,
      "size": "large",
      "color": "cyan",
      "shape": "sphere"
    },
    {
      "pixel_coords": [
        246,
        106,
        26.491174697875977
      ],
      "3d_coords": [
        2.2307541370391846,
        6.160087585449219,
        0.699999988079071
      ],
      "material": "metal",
      "rotation": 95.86404624702286,
      "group": 0,
      "size": "large",
      "color": "cyan",
      "shape": "sphere"
    },
    {
      "pixel_coords": [
        88,
        191,
        22.279850006103516
      ],
      "3d_coords": [
        3.41235089302063,
        -6.929940700531006,
        0.699999988079071
      ],
      "material": "rubber",
      "rotation": 292.58610708818395,
      "group": 1,
      "size": "large",
      "color": "cyan",
      "shape": "sphere"
    },
    {
      "pixel_coords": [
        112,
        88,
        27.59075927734375
      ],
      "3d_coords": [
        -4.096418380737305,
        -2.1795969009399414,
        0.699999988079071
      ],
      "material": "rubber",
      "rotation": 254.0998359413134,
      "group": 1,
      "size": "large",
      "color": "cyan",
      "shape": "sphere"
    },
    {
      "pixel_coords": [
        79,
        144,
        24.41816520690918
      ],
      "3d_coords": [
        -0.2463088035583496,
        -6.258636474609375,
        0.699999988079071
      ],
      "material": "metal",
      "rotation": 301.45616389872794,
      "group": 0,
      "size": "large",
      "color": "cyan",
      "shape": "sphere"
    },
    {
      "pixel_coords": [
        230,
        161,
        23.594575881958008
      ],
      "3d_coords": [
        5.727883338928223,
        2.4006452560424805,
        0.699999988079071
      ],
      "material": "rubber",
      "rotation": 267.58012923139546,
      "group": 1,
      "size": "large",
      "color": "cyan",
      "shape": "sphere"
    },
    {
      "pixel_coords": [
        182,
        70,
        28.747861862182617
      ],
      "3d_coords": [
        -3.2615139484405518,
        3.6822352409362793,
        0.699999988079071
      ],
      "material": "metal",
      "rotation": 199.56677408137773,
      "group": 0,
      "size": "large",
      "color": "cyan",
      "shape": "sphere"
    },
    {
      "pixel_coords": [
        195,
        95,
        27.10994529724121
      ],
      "3d_coords": [
        -0.4177600145339966,
        3.2486586570739746,
        0.699999988079071
      ],
      "material": "rubber",
      "rotation": 349.2791126062819,
      "group": 1,
      "size": "large",
      "color": "cyan",
      "shape": "sphere"
    },
    {
      "pixel_coords": [
        210,
        80,
        28.11423683166504
      ],
      "3d_coords": [
        -1.2970056533813477,
        5.2031331062316895,
        0.699999988079071
      ],
      "material": "metal",
      "rotation": 10.96578291080224,
      "group": 0,
      "size": "large",
      "color": "cyan",
      "shape": "sphere"
    }
  ]
}