{
  "image_index": 8,
  "directions": {
    "front": [
      0.754490315914154,
      -0.6563112735748291,
      -0.0
    ],
    "above": [
      0.0,
      0.0,
      1.0
    ],
    "right": [
      0.6563112735748291,
      0.7544902563095093,
      -0.0
    ],
    "below": [
      -0.0,
      -0.0,
      -1.0
    ],
    "left": [
      -0.6563112735748291,
      -0.7544902563095093,
      0.0
    ],
    "behind": [
      -0.754490315914154,
      0.6563112735748291,
      0.0
    ]
  },
  "split": "new",
  "image_filename": "CLEVR_new_000008.png",
  "relationships": {
    "front": [
      [],
      [
        0
      ],
      [
        0,
        1,
        3,
        5,
        6
      ],
      [
        0,
        1,
        5
      ],
      [
        0,
        1,
        2,
        3,
        5,
        6
      ],
      [
        0
      ],
      [
        0,
        1,
        3,
        5
      ]
    ],
    "left": [
      [
        2,
        4,
        6
      ],
      [
        0,
        2,
        4,
        5,
        6
      ],
      [
        4,
        6
      ],
      [
        0,
        1,
        2,
        4,
        5,
        6
      ],
      [
        6
      ],
      [
        0,
        2,
        4,
        6
      ],
      []
    ],
    "behind": [
      [
        1,
        2,
        3,
        4,
        5,
        6
      ],
      [
        2,
        3,
        4,
        6
      ],
      [
        4
      ],
      [
        2,
        4,
        6
      ],
      [],
      [
        2,
        3,
        4,
        6
      ],
      [
        2,
        4
      ]
    ],
    "right": [
      [
        1,
        3,
        5
      ],
      [
        3
      ],
      [
        0,
        1,
        3,
        5
      ],
      [],
      [
        0,
        1,
        2,
        3,
        5
      ],
      [
        1,
        3
      ],
      [
        0,
        1,
        2,
        3,
        4,
        5
      ]
    ]
  },
  "objects": [
    {
      "pixel_coords": [
        150,
        200,
        21.880882263183594
      ],
      "3d_coords": [
        5.7773284912109375,
        -3.7198784351348877,
        0.699999988079071
      ],
      "material": "rubber",
      "rotation": 181.5924917017317,
      "group": 0,
      "size": "large",
      "color": "cyan",
      "shape": "sphere"
    },
    {
      "pixel_coords": [
        237,
        175,
        22.940731048583984
      ],
      "3d_coords": [
        6.87222957611084,
        2.140526056289673,
        0.699999988079071
      ],
      "material": "rubber",
      "rotation": 345.9300320555357,
      "group": 1,
      "size": "large",
      "color": "cyan",
      "shape": "cone"
    },
    {
      "pixel_coords": [
        170,
        98,
        27.01413917541504
      ],
      "3d_coords": [
        -1.0386666059494019,
        1.4247961044311523,
        0.699999988079071
      ],
      "material": "rubber",
      "rotation": 244.76084340716818,
      "group": 0,
      "size": "large",
      "color": "cyan",
      "shape": "sphere"
    },
    {
      "pixel_coords": [
        260,
        125,
        25.446752548217773
      ],
      "3d_coords": [
        4.229182243347168,
        5.964677333831787,
        0.699999988079071
      ],
      "material": "rubber",
      "rotation": 45.44542947316315,
      "group": 0,
      "size": "large",
      "color": "cyan",
      "shape": "sphere"
    },
    {
      "pixel_coords": [
        131,
        58,
        29.79874038696289
      ],
      "3d_coords": [
        -6.601644992828369,
        0.6381979584693909,
        0.699999988079071
      ],
      "material": "rubber",
      "rotation": 226.47220535296657,
      "group": 2,
      "size": "large",
      "color": "cyan",
      "shape": "cylinder"
    },
    {
      "pixel_coords": [
        211,
        168,
        23.27147674560547
      ],
      "3d_coords": [
        5.626705646514893,
        0.9257357716560364,
        0.699999988079071
      ],
      "material": "rubber",
      "rotation": 171.73727590473285,
      "group": 0,
      "size": "large",
      "color": "cyan",
      "shape": "sphere"
    },
    {
      "pixel_coords": [
        68,
        87,
        27.75179100036621
      ],
      "3d_coords": [
        -5.856865882873535,
        -5.1970977783203125,
        0.699999988079071
      ],
      "material": "rubber",
      "rotation": 132.1742216504574,
      "group": 3,
      "size": "large",
      "color": "cyan",
      "shape": "cube"
    }
  ]
}