{
  "image_index": 39,
  "directions": {
    "front": [
      0.754490315914154,
      -0.6563112735748291,
      -0.0
    ],
    "above": [
      0.0,
      0.0,
      1.0
    ],
    "right": [
      0.6563112735748291,
      0.7544902563095093,
      -0.0
    ],
    "below": [
      -0.0,
      -0.0,
      -1.0
    ],
    "left": [
      -0.6563112735748291,
      -0.7544902563095093,
      0.0
    ],
    "behind": [
      -0.754490315914154,
      0.6563112735748291,
      0.0
    ]
  },
  "split": "new",
  "image_filename": "CLEVR_new_000039.png",
  "relationships": {
    "front": [
      [
        1,
        2,
        5,
        8,
        9
      ],
      [
        2,
        9
      ],
      [
        9
      ],
      [
        0,
        1,
        2,
        5,
        8,
        9
      ],
      [
        0,
        1,
        2,
        3,
        5,
        6,
        7,
        8,
        9
      ],
      [
        1,
        2,
        8,
        9
      ],
      [
        0,
        1,
        2,
        3,
        5,
        8,
        9
      ],
      [
        0,
        1,
        2,
        3,
        5,
        6,
        8,
        9
      ],
      [
        1,
        2,
        9
      ],
      []
    ],
    "left": [
      [
        3
      ],
      [
        0,
        2,
        3,
        5,
        8,
        9
      ],
      [
        0,
        3
      ],
      [],
      [
        0,
        1,
        2,
        3,
        5,
        6,
        8,
        9
      ],
      [
        0,
        3
      ],
      [
        0,
        1,
        2,
        3,
        5,
        8,
        9
      ],
      [
        0,
        1,
        2,
        3,
        4,
        5,
        6,
        8,
        9
      ],
      [
        0,
        2,
        3,
        5,
        9
      ],
      [
        0,
        2,
        3,
        5
      ]
    ],
    "behind": [
      [
        3,
        4,
        6,
        7
      ],
      [
        0,
        3,
        4,
        5,
        6,
        7,
        8
      ],
      [
        0,
        1,
        3,
        4,
        5,
        6,
        7,
        8
      ],
      [
        4,
        6,
        7
      ],
      [],
      [
        0,
        3,
        4,
        6,
        7
      ],
      [
        4,
        7
      ],
      [
        4
      ],
      [
        0,
        3,
        4,
        5,
        6,
        7
      ],
      [
        0,
        1,
        2,
        3,
        4,
        5,
        6,
        7,
        8
      ]
    ],
    "right": [
      [
        1,
        2,
        4,
        5,
        6,
        7,
        8,
        9
      ],
      [
        4,
        6,
        7
      ],
      [
        1,
        4,
        6,
        7,
        8,
        9
      ],
      [
        0,
        1,
        2,
        4,
        5,
        6,
        7,
        8,
        9
      ],
      [
        7
      ],
      [
        1,
        4,
        6,
        7,
        8,
        9
      ],
      [
        4,
        7
      ],
      [],
      [
        1,
        4,
        6,
        7
      ],
      [
        1,
        4,
        6,
        7,
        8
      ]
    ]
  },
  "objects": [
    {
      "pixel_coords": [
        96,
        101,
        26.353168487548828
      ],
      "3d_coords": [
        -3.257258892059326,
        -3.801614284515381,
        0.699999988079071
      ],
      "material": "rubber",
      "rotation": 3.6760643670235327,
      "group": 0,
      "size": "large",
      "color": "yellow",
      "shape": "cone"
    },
    {
      "pixel_coords": [
        195,
        141,
        24.14728546142578
      ],
      "3d_coords": [
        3.215261459350586,
        1.086561918258667,
        0.699999988079071
      ],
      "material": "rubber",
      "rotation": 166.7557460866624,
      "group": 0,
      "size": "large",
      "color": "yellow",
      "shape": "cone"
    },
    {
      "pixel_coords": [
        141,
        138,
        24.31709861755371
      ],
      "3d_coords": [
        1.2913328409194946,
        -2.1519384384155273,
        0.699999988079071
      ],
      "material": "metal",
      "rotation": 319.149104107432,
      "group": 1,
      "size": "large",
      "color": "yellow",
      "shape": "cone"
    },
    {
      "pixel_coords": [
        66,
        92,
        26.961671829223633
      ],
      "3d_coords": [
        -5.204131603240967,
        -5.474067687988281,
        0.699999988079071
      ],
      "material": "rubber",
      "rotation": 54.26721809232816,
      "group": 0,
      "size": "large",
      "color": "yellow",
      "shape": "cone"
    },
    {
      "pixel_coords": [
        234,
        78,
        27.83292007446289
      ],
      "3d_coords": [
        -0.6287078857421875,
        6.913389205932617,
        0.699999988079071
      ],
      "material": "rubber",
      "rotation": 102.88016209537481,
      "group": 0,
      "size": "large",
      "color": "yellow",
      "shape": "cone"
    },
    {
      "pixel_coords": [
        148,
        121,
        25.249679565429688
      ],
      "3d_coords": [
        0.153848335146904,
        -1.0085065364837646,
        0.699999988079071
      ],
      "material": "metal",
      "rotation": 223.07104676945062,
      "group": 1,
      "size": "large",
      "color": "yellow",
      "shape": "cone"
    },
    {
      "pixel_coords": [
        222,
        120,
        25.281782150268555
      ],
      "3d_coords": [
        2.467752456665039,
        3.754925489425659,
        0.699999988079071
      ],
      "material": "rubber",
      "rotation": 357.9219796147174,
      "group": 0,
      "size": "large",
      "color": "yellow",
      "shape": "cone"
    },
    {
      "pixel_coords": [
        271,
        126,
        24.966764450073242
      ],
      "3d_coords": [
        4.4556050300598145,
        6.588164329528809,
        0.699999988079071
      ],
      "material": "rubber",
      "rotation": 266.29229862922625,
      "group": 0,
      "size": "large",
      "color": "yellow",
      "shape": "cone"
    },
    {
      "pixel_coords": [
        164,
        130,
        24.716569900512695
      ],
      "3d_coords": [
        1.4415602684020996,
        -0.3823515772819519,
        0.699999988079071
      ],
      "material": "metal",
      "rotation": 337.23547951616405,
      "group": 1,
      "size": "large",
      "color": "yellow",
      "shape": "cone"
    },
    {
      "pixel_coords": [
        145,
        152,
        23.623903274536133
      ],
      "3d_coords": [
        2.447767734527588,
        -2.3776278495788574,
        0.699999988079071
      ],
      "material": "metal",
      "rotation": 310.35528327888716,
      "group": 1,
      "size": "large",
      "color": "yellow",
      "shape": "cone"
    }
  ]
}