{
  "image_index": 25,
  "directions": {
    "front": [
      0.754490315914154,
      -0.6563112735748291,
      -0.0
    ],
    "above": [
      0.0,
      0.0,
      1.0
    ],
    "right": [
      0.6563112735748291,
      0.7544902563095093,
      -0.0
    ],
    "below": [
      -0.0,
      -0.0,
      -1.0
    ],
    "left": [
      -0.6563112735748291,
      -0.7544902563095093,
      0.0
    ],
    "behind": [
      -0.754490315914154,
      0.6563112735748291,
      0.0
    ]
  },
  "split": "new",
  "image_filename": "CLEVR_new_000025.png",
  "relationships": {
    "front": [
      [
        2,
        3,
        4,
        5
      ],
      [
        0,
        2,
        3,
        4,
        5
      ],
      [
        3,
        5
      ],
      [
        5
      ],
      [
        2,
        3,
        5
      ],
      [],
      [
        0,
        1,
        2,
        3,
        4,
        5
      ]
    ],
    "left": [
      [
        1,
        2,
        5,
        6
      ],
      [
        2,
        5,
        6
      ],
      [
        5,
        6
      ],
      [
        0,
        1,
        2,
        5,
        6
      ],
      [
        0,
        1,
        2,
        3,
        5,
        6
      ],
      [
        6
      ],
      []
    ],
    "behind": [
      [
        1,
        6
      ],
      [
        6
      ],
      [
        0,
        1,
        4,
        6
      ],
      [
        0,
        1,
        2,
        4,
        6
      ],
      [
        0,
        1,
        6
      ],
      [
        0,
        1,
        2,
        3,
        4,
        6
      ],
      []
    ],
    "right": [
      [
        3,
        4
      ],
      [
        0,
        3,
        4
      ],
      [
        0,
        1,
        3,
        4
      ],
      [
        4
      ],
      [],
      [
        0,
        1,
        2,
        3,
        4
      ],
      [
        0,
        1,
        2,
        3,
        4,
        5
      ]
    ]
  },
  "objects": [
    {
      "pixel_coords": [
        228,
        102,
        26.61677360534668
      ],
      "3d_coords": [
        1.2981791496276855,
        5.166375160217285,
        0.699999988079071
      ],
      "material": "metal",
      "rotation": 233.61230510848782,
      "group": 0,
      "size": "large",
      "color": "gray",
      "shape": "cube"
    },
    {
      "pixel_coords": [
        198,
        77,
        28.24534797668457
      ],
      "3d_coords": [
        -2.006112813949585,
        4.483264923095703,
        0.699999988079071
      ],
      "material": "metal",
      "rotation": 160.45978151673842,
      "group": 0,
      "size": "large",
      "color": "gray",
      "shape": "cube"
    },
    {
      "pixel_coords": [
        163,
        125,
        25.231958389282227
      ],
      "3d_coords": [
        1.0100009441375732,
        -0.29897016286849976,
        0.699999988079071
      ],
      "material": "metal",
      "rotation": 31.48032533929814,
      "group": 1,
      "size": "large",
      "color": "purple",
      "shape": "cube"
    },
    {
      "pixel_coords": [
        229,
        144,
        24.205463409423828
      ],
      "3d_coords": [
        4.566502094268799,
        3.0080294609069824,
        0.699999988079071
      ],
      "material": "metal",
      "rotation": 60.71131060688898,
      "group": 2,
      "size": "large",
      "color": "cyan",
      "shape": "cube"
    },
    {
      "pixel_coords": [
        248,
        139,
        24.482690811157227
      ],
      "3d_coords": [
        4.809228420257568,
        4.463284015655518,
        0.699999988079071
      ],
      "material": "metal",
      "rotation": 135.39834959223995,
      "group": 3,
      "size": "large",
      "color": "blue",
      "shape": "cube"
    },
    {
      "pixel_coords": [
        141,
        166,
        23.12645721435547
      ],
      "3d_coords": [
        3.376697063446045,
        -3.134324312210083,
        0.699999988079071
      ],
      "material": "metal",
      "rotation": 220.8834893230013,
      "group": 4,
      "size": "large",
      "color": "yellow",
      "shape": "cube"
    },
    {
      "pixel_coords": [
        164,
        57,
        29.74355697631836
      ],
      "3d_coords": [
        -5.41945219039917,
        3.125760793685913,
        0.699999988079071
      ],
      "material": "metal",
      "rotation": 177.9303758549509,
      "group": 2,
      "size": "large",
      "color": "cyan",
      "shape": "cube"
    }
  ]
}