{
  "image_index": 62,
  "directions": {
    "front": [
      0.754490315914154,
      -0.6563112735748291,
      -0.0
    ],
    "above": [
      0.0,
      0.0,
      1.0
    ],
    "right": [
      0.6563112735748291,
      0.7544902563095093,
      -0.0
    ],
    "below": [
      -0.0,
      -0.0,
      -1.0
    ],
    "left": [
      -0.6563112735748291,
      -0.7544902563095093,
      0.0
    ],
    "behind": [
      -0.754490315914154,
      0.6563112735748291,
      0.0
    ]
  },
  "split": "new",
  "image_filename": "CLEVR_new_000062.png",
  "relationships": {
    "front": [
      [
        2,
        3,
        4,
        5
      ],
      [
        0,
        2,
        3,
        4,
        5,
        6,
        9
      ],
      [
        4,
        5
      ],
      [
        2,
        4,
        5
      ],
      [
        5
      ],
      [],
      [
        0,
        2,
        3,
        4,
        5,
        9
      ],
      [
        0,
        1,
        2,
        3,
        4,
        5,
        6,
        9
      ],
      [
        0,
        1,
        2,
        3,
        4,
        5,
        6,
        7,
        9
      ],
      [
        2,
        3,
        4,
        5
      ]
    ],
    "left": [
      [
        2,
        5,
        6,
        8,
        9
      ],
      [
        0,
        2,
        3,
        4,
        5,
        6,
        7,
        8,
        9
      ],
      [
        5,
        6,
        8,
        9
      ],
      [
        0,
        2,
        5,
        6,
        7,
        8,
        9
      ],
      [
        0,
        2,
        3,
        5,
        6,
        7,
        8,
        9
      ],
      [
        6,
        8,
        9
      ],
      [
        9
      ],
      [
        0,
        2,
        5,
        6,
        8,
        9
      ],
      [
        6,
        9
      ],
      []
    ],
    "behind": [
      [
        1,
        6,
        7,
        8
      ],
      [
        7,
        8
      ],
      [
        0,
        1,
        3,
        6,
        7,
        8,
        9
      ],
      [
        0,
        1,
        6,
        7,
        8,
        9
      ],
      [
        0,
        1,
        2,
        3,
        6,
        7,
        8,
        9
      ],
      [
        0,
        1,
        2,
        3,
        4,
        6,
        7,
        8,
        9
      ],
      [
        1,
        7,
        8
      ],
      [
        8
      ],
      [],
      [
        1,
        6,
        7,
        8
      ]
    ],
    "right": [
      [
        1,
        3,
        4,
        7
      ],
      [],
      [
        0,
        1,
        3,
        4,
        7
      ],
      [
        1,
        4
      ],
      [
        1
      ],
      [
        0,
        1,
        2,
        3,
        4,
        7
      ],
      [
        0,
        1,
        2,
        3,
        4,
        5,
        7,
        8
      ],
      [
        1,
        3,
        4
      ],
      [
        0,
        1,
        2,
        3,
        4,
        5,
        7
      ],
      [
        0,
        1,
        2,
        3,
        4,
        5,
        6,
        7,
        8
      ]
    ]
  },
  "objects": [
    {
      "pixel_coords": [
        169,
        108,
        26.74252700805664
      ],
      "3d_coords": [
        -0.22900724411010742,
        0.8691201210021973,
        0.699999988079071
      ],
      "material": "rubber",
      "rotation": 171.11019613539935,
      "group": 0,
      "size": "large",
      "color": "gray",
      "shape": "cylinder"
    },
    {
      "pixel_coords": [
        245,
        96,
        27.543804168701172
      ],
      "3d_coords": [
        1.2043792009353638,
        6.845949649810791,
        0.699999988079071
      ],
      "material": "rubber",
      "rotation": 211.44818821418264,
      "group": 0,
      "size": "large",
      "color": "gray",
      "shape": "cylinder"
    },
    {
      "pixel_coords": [
        146,
        130,
        25.48368263244629
      ],
      "3d_coords": [
        0.8976148962974548,
        -1.5278306007385254,
        0.699999988079071
      ],
      "material": "rubber",
      "rotation": 124.84632792932328,
      "group": 0,
      "size": "large",
      "color": "gray",
      "shape": "cylinder"
    },
    {
      "pixel_coords": [
        180,
        115,
        26.34817123413086
      ],
      "3d_coords": [
        0.716265857219696,
        1.3442602157592773,
        0.699999988079071
      ],
      "material": "metal",
      "rotation": 168.95323448188017,
      "group": 1,
      "size": "large",
      "color": "gray",
      "shape": "cylinder"
    },
    {
      "pixel_coords": [
        228,
        161,
        23.906341552734375
      ],
      "3d_coords": [
        5.661153793334961,
        2.40653133392334,
        0.699999988079071
      ],
      "material": "metal",
      "rotation": 278.24641720212065,
      "group": 1,
      "size": "large",
      "color": "gray",
      "shape": "cylinder"
    },
    {
      "pixel_coords": [
        118,
        194,
        22.407024383544922
      ],
      "3d_coords": [
        4.688027381896973,
        -5.239833831787109,
        0.699999988079071
      ],
      "material": "rubber",
      "rotation": 142.71546654487878,
      "group": 0,
      "size": "large",
      "color": "gray",
      "shape": "cylinder"
    },
    {
      "pixel_coords": [
        70,
        80,
        28.566062927246094
      ],
      "3d_coords": [
        -6.401991367340088,
        -5.057700157165527,
        0.699999988079071
      ],
      "material": "metal",
      "rotation": 290.7243772876858,
      "group": 1,
      "size": "large",
      "color": "gray",
      "shape": "cylinder"
    },
    {
      "pixel_coords": [
        184,
        72,
        29.13591766357422
      ],
      "3d_coords": [
        -3.163525104522705,
        3.7859716415405273,
        0.699999988079071
      ],
      "material": "rubber",
      "rotation": 66.22891642126305,
      "group": 0,
      "size": "large",
      "color": "gray",
      "shape": "cylinder"
    },
    {
      "pixel_coords": [
        154,
        55,
        30.408397674560547
      ],
      "3d_coords": [
        -6.130232810974121,
        2.425506591796875,
        0.699999988079071
      ],
      "material": "rubber",
      "rotation": 255.46570575077504,
      "group": 0,
      "size": "large",
      "color": "gray",
      "shape": "cylinder"
    },
    {
      "pixel_coords": [
        51,
        85,
        28.226661682128906
      ],
      "3d_coords": [
        -6.544927597045898,
        -6.628508567810059,
        0.699999988079071
      ],
      "material": "metal",
      "rotation": 191.4633610630064,
      "group": 1,
      "size": "large",
      "color": "gray",
      "shape": "cylinder"
    }
  ]
}