{
  "image_index": 172,
  "directions": {
    "front": [
      0.754490315914154,
      -0.6563112735748291,
      -0.0
    ],
    "above": [
      0.0,
      0.0,
      1.0
    ],
    "right": [
      0.6563112735748291,
      0.7544902563095093,
      -0.0
    ],
    "below": [
      -0.0,
      -0.0,
      -1.0
    ],
    "left": [
      -0.6563112735748291,
      -0.7544902563095093,
      0.0
    ],
    "behind": [
      -0.754490315914154,
      0.6563112735748291,
      0.0
    ]
  },
  "split": "new",
  "image_filename": "CLEVR_new_000172.png",
  "relationships": {
    "front": [
      [
        2,
        3,
        4,
        6
      ],
      [
        0,
        2,
        3,
        4,
        6
      ],
      [
        4
      ],
      [
        2,
        4
      ],
      [],
      [
        0,
        1,
        2,
        3,
        4,
        6
      ],
      [
        2,
        3,
        4
      ]
    ],
    "left": [
      [
        1,
        3,
        4
      ],
      [],
      [
        0,
        1,
        3,
        4,
        5,
        6
      ],
      [
        1,
        4
      ],
      [
        1
      ],
      [
        0,
        1,
        3,
        4
      ],
      [
        0,
        1,
        3,
        4,
        5
      ]
    ],
    "behind": [
      [
        1,
        5
      ],
      [
        5
      ],
      [
        0,
        1,
        3,
        5,
        6
      ],
      [
        0,
        1,
        5,
        6
      ],
      [
        0,
        1,
        2,
        3,
        5,
        6
      ],
      [],
      [
        0,
        1,
        5
      ]
    ],
    "right": [
      [
        2,
        5,
        6
      ],
      [
        0,
        2,
        3,
        4,
        5,
        6
      ],
      [],
      [
        0,
        2,
        5,
        6
      ],
      [
        0,
        2,
        3,
        5,
        6
      ],
      [
        2,
        6
      ],
      [
        2
      ]
    ]
  },
  "objects": [
    {
      "pixel_coords": [
        192,
        119,
        25.83606719970703
      ],
      "3d_coords": [
        1.455087661743164,
        1.9474782943725586,
        0.699999988079071
      ],
      "material": "metal",
      "rotation": 23.54681567136119,
      "group": 0,
      "size": "large",
      "color": "green",
      "shape": "cylinder"
    },
    {
      "pixel_coords": [
        133,
        70,
        28.936288833618164
      ],
      "3d_coords": [
        -5.212697505950928,
        0.11006594449281693,
        0.699999988079071
      ],
      "material": "metal",
      "rotation": 332.48633233943957,
      "group": 1,
      "size": "large",
      "color": "yellow",
      "shape": "cylinder"
    },
    {
      "pixel_coords": [
        215,
        184,
        22.60113525390625
      ],
      "3d_coords": [
        6.725765705108643,
        0.5393961668014526,
        0.699999988079071
      ],
      "material": "metal",
      "rotation": 295.9560151298231,
      "group": 2,
      "size": "large",
      "color": "red",
      "shape": "cylinder"
    },
    {
      "pixel_coords": [
        160,
        144,
        24.493967056274414
      ],
      "3d_coords": [
        2.3483805656433105,
        -1.1864176988601685,
        0.699999988079071
      ],
      "material": "metal",
      "rotation": 228.58634537179108,
      "group": 3,
      "size": "large",
      "color": "purple",
      "shape": "cylinder"
    },
    {
      "pixel_coords": [
        103,
        182,
        22.698917388916016
      ],
      "3d_coords": [
        3.3103442192077637,
        -5.836935997009277,
        0.699999988079071
      ],
      "material": "metal",
      "rotation": 13.76014048667319,
      "group": 3,
      "size": "large",
      "color": "purple",
      "shape": "cylinder"
    },
    {
      "pixel_coords": [
        216,
        80,
        28.240495681762695
      ],
      "3d_coords": [
        -1.1108051538467407,
        5.658616065979004,
        0.699999988079071
      ],
      "material": "metal",
      "rotation": 79.14603433392698,
      "group": 4,
      "size": "large",
      "color": "blue",
      "shape": "cylinder"
    },
    {
      "pixel_coords": [
        210,
        140,
        24.68470573425293
      ],
      "3d_coords": [
        3.6736931800842285,
        2.1218857765197754,
        0.699999988079071
      ],
      "material": "metal",
      "rotation": 157.01781948500525,
      "group": 5,
      "size": "large",
      "color": "cyan",
      "shape": "cylinder"
    }
  ]
}