{
  "image_index": 170,
  "directions": {
    "front": [
      0.754490315914154,
      -0.6563112735748291,
      -0.0
    ],
    "above": [
      0.0,
      0.0,
      1.0
    ],
    "right": [
      0.6563112735748291,
      0.7544902563095093,
      -0.0
    ],
    "below": [
      -0.0,
      -0.0,
      -1.0
    ],
    "left": [
      -0.6563112735748291,
      -0.7544902563095093,
      0.0
    ],
    "behind": [
      -0.754490315914154,
      0.6563112735748291,
      0.0
    ]
  },
  "split": "new",
  "image_filename": "CLEVR_new_000170.png",
  "relationships": {
    "front": [
      [
        2,
        8
      ],
      [
        0,
        2,
        3,
        4,
        5,
        7,
        8,
        9
      ],
      [],
      [
        0,
        2,
        4,
        5,
        7,
        8
      ],
      [
        0,
        2,
        5,
        7,
        8
      ],
      [
        0,
        2,
        8
      ],
      [
        0,
        1,
        2,
        3,
        4,
        5,
        7,
        8,
        9
      ],
      [
        0,
        2,
        5,
        8
      ],
      [
        2
      ],
      [
        0,
        2,
        4,
        5,
        7,
        8
      ]
    ],
    "left": [
      [
        7
      ],
      [
        0,
        2,
        3,
        4,
        5,
        6,
        7,
        8,
        9
      ],
      [
        0,
        3,
        5,
        6,
        7,
        8,
        9
      ],
      [
        0,
        7
      ],
      [
        0,
        3,
        5,
        6,
        7,
        8,
        9
      ],
      [
        0,
        3,
        7,
        8
      ],
      [
        0,
        3,
        7,
        8
      ],
      [],
      [
        0,
        3,
        7
      ],
      [
        0,
        3,
        5,
        6,
        7,
        8
      ]
    ],
    "behind": [
      [
        1,
        3,
        4,
        5,
        6,
        7,
        9
      ],
      [
        6
      ],
      [
        0,
        1,
        3,
        4,
        5,
        6,
        7,
        8,
        9
      ],
      [
        1,
        6
      ],
      [
        1,
        3,
        6,
        9
      ],
      [
        1,
        3,
        4,
        6,
        7,
        9
      ],
      [],
      [
        1,
        3,
        4,
        6,
        9
      ],
      [
        0,
        1,
        3,
        4,
        5,
        6,
        7,
        9
      ],
      [
        1,
        6
      ]
    ],
    "right": [
      [
        1,
        2,
        3,
        4,
        5,
        6,
        8,
        9
      ],
      [],
      [
        1
      ],
      [
        1,
        2,
        4,
        5,
        6,
        8,
        9
      ],
      [
        1
      ],
      [
        1,
        2,
        4,
        9
      ],
      [
        1,
        2,
        4,
        9
      ],
      [
        0,
        1,
        2,
        3,
        4,
        5,
        6,
        8,
        9
      ],
      [
        1,
        2,
        4,
        5,
        6,
        9
      ],
      [
        1,
        2,
        4
      ]
    ]
  },
  "objects": [
    {
      "pixel_coords": [
        104,
        138,
        24.696399688720703
      ],
      "3d_coords": [
        0.010994707234203815,
        -4.449769020080566,
        0.699999988079071
      ],
      "material": "metal",
      "rotation": 222.25458111307447,
      "group": 0,
      "size": "large",
      "color": "cyan",
      "shape": "sphere"
    },
    {
      "pixel_coords": [
        226,
        101,
        26.793245315551758
      ],
      "3d_coords": [
        1.222926378250122,
        5.11408805847168,
        0.699999988079071
      ],
      "material": "metal",
      "rotation": 93.14961515346778,
      "group": 1,
      "size": "large",
      "color": "brown",
      "shape": "sphere"
    },
    {
      "pixel_coords": [
        183,
        202,
        21.738510131835938
      ],
      "3d_coords": [
        6.8198699951171875,
        -2.033372640609741,
        0.699999988079071
      ],
      "material": "metal",
      "rotation": 185.72344719623916,
      "group": 2,
      "size": "large",
      "color": "gray",
      "shape": "sphere"
    },
    {
      "pixel_coords": [
        135,
        92,
        27.349533081054688
      ],
      "3d_coords": [
        -2.8918075561523438,
        -0.6329840421676636,
        0.699999988079071
      ],
      "material": "metal",
      "rotation": 308.9567478987574,
      "group": 1,
      "size": "large",
      "color": "brown",
      "shape": "sphere"
    },
    {
      "pixel_coords": [
        201,
        115,
        25.958520889282227
      ],
      "3d_coords": [
        1.4727985858917236,
        2.6744110584259033,
        0.699999988079071
      ],
      "material": "metal",
      "rotation": 235.4496914744302,
      "group": 3,
      "size": "large",
      "color": "yellow",
      "shape": "sphere"
    },
    {
      "pixel_coords": [
        159,
        134,
        24.90214729309082
      ],
      "3d_coords": [
        1.5383174419403076,
        -0.8812597393989563,
        0.699999988079071
      ],
      "material": "metal",
      "rotation": 203.6654567309627,
      "group": 2,
      "size": "large",
      "color": "gray",
      "shape": "sphere"
    },
    {
      "pixel_coords": [
        186,
        42,
        30.950700759887695
      ],
      "3d_coords": [
        -6.130888938903809,
        5.856638431549072,
        0.699999988079071
      ],
      "material": "metal",
      "rotation": 265.0095734874917,
      "group": 2,
      "size": "large",
      "color": "gray",
      "shape": "sphere"
    },
    {
      "pixel_coords": [
        53,
        97,
        27.010019302368164
      ],
      "3d_coords": [
        -5.406749725341797,
        -6.511524677276611,
        0.699999988079071
      ],
      "material": "metal",
      "rotation": 21.01815964953196,
      "group": 3,
      "size": "large",
      "color": "yellow",
      "shape": "sphere"
    },
    {
      "pixel_coords": [
        129,
        181,
        22.619251251220703
      ],
      "3d_coords": [
        3.921884536743164,
        -4.378598690032959,
        0.699999988079071
      ],
      "material": "metal",
      "rotation": 328.58957135218253,
      "group": 1,
      "size": "large",
      "color": "brown",
      "shape": "sphere"
    },
    {
      "pixel_coords": [
        195,
        103,
        26.640363693237305
      ],
      "3d_coords": [
        0.285320907831192,
        2.8308939933776855,
        0.699999988079071
      ],
      "material": "metal",
      "rotation": 351.19159570534515,
      "group": 3,
      "size": "large",
      "color": "yellow",
      "shape": "sphere"
    }
  ]
}