{
  "image_index": 35,
  "directions": {
    "front": [
      0.754490315914154,
      -0.6563112735748291,
      -0.0
    ],
    "above": [
      0.0,
      0.0,
      1.0
    ],
    "right": [
      0.6563112735748291,
      0.7544902563095093,
      -0.0
    ],
    "below": [
      -0.0,
      -0.0,
      -1.0
    ],
    "left": [
      -0.6563112735748291,
      -0.7544902563095093,
      0.0
    ],
    "behind": [
      -0.754490315914154,
      0.6563112735748291,
      0.0
    ]
  },
  "split": "new",
  "image_filename": "CLEVR_new_000035.png",
  "relationships": {
    "front": [
      [
        1,
        2,
        3,
        4,
        5,
        6,
        7,
        8,
        9
      ],
      [],
      [
        1,
        6,
        7
      ],
      [
        1,
        2,
        5,
        6,
        7,
        8,
        9
      ],
      [
        1,
        2,
        3,
        5,
        6,
        7,
        8,
        9
      ],
      [
        1,
        2,
        6,
        7,
        8,
        9
      ],
      [
        1,
        7
      ],
      [
        1
      ],
      [
        1,
        2,
        6,
        7,
        9
      ],
      [
        1,
        6,
        7
      ]
    ],
    "left": [
      [
        4,
        6
      ],
      [
        0,
        2,
        4,
        6,
        8,
        9
      ],
      [
        0,
        4,
        6,
        8,
        9
      ],
      [
        0,
        2,
        4,
        6,
        8,
        9
      ],
      [],
      [
        0,
        1,
        2,
        3,
        4,
        6,
        8,
        9
      ],
      [],
      [
        0,
        1,
        2,
        3,
        4,
        5,
        6,
        8,
        9
      ],
      [
        4,
        6
      ],
      [
        0,
        4,
        6,
        8
      ]
    ],
    "behind": [
      [],
      [
        0,
        2,
        3,
        4,
        5,
        6,
        7,
        8,
        9
      ],
      [
        0,
        3,
        4,
        5,
        8
      ],
      [
        0,
        4
      ],
      [
        0
      ],
      [
        0,
        3,
        4
      ],
      [
        0,
        2,
        3,
        4,
        5,
        8,
        9
      ],
      [
        0,
        2,
        3,
        4,
        5,
        6,
        8,
        9
      ],
      [
        0,
        3,
        4,
        5
      ],
      [
        0,
        3,
        4,
        5,
        8
      ]
    ],
    "right": [
      [
        1,
        2,
        3,
        5,
        7,
        9
      ],
      [
        5,
        7
      ],
      [
        1,
        3,
        5,
        7
      ],
      [
        5,
        7
      ],
      [
        0,
        1,
        2,
        3,
        5,
        7,
        8,
        9
      ],
      [
        7
      ],
      [
        0,
        1,
        2,
        3,
        5,
        7,
        8,
        9
      ],
      [],
      [
        1,
        2,
        3,
        5,
        7,
        9
      ],
      [
        1,
        2,
        3,
        5,
        7
      ]
    ]
  },
  "objects": [
    {
      "pixel_coords": [
        170,
        55,
        30.234025955200195
      ],
      "3d_coords": [
        -5.354584217071533,
        3.809840679168701,
        0.699999988079071
      ],
      "material": "metal",
      "rotation": 289.96022600834624,
      "group": 0,
      "size": "large",
      "color": "yellow",
      "shape": "sphere"
    },
    {
      "pixel_coords": [
        197,
        184,
        22.798416137695312
      ],
      "3d_coords": [
        6.2081475257873535,
        -0.5490336418151855,
        0.699999988079071
      ],
      "material": "metal",
      "rotation": 345.19837318080323,
      "group": 0,
      "size": "large",
      "color": "yellow",
      "shape": "sphere"
    },
    {
      "pixel_coords": [
        194,
        121,
        25.87558937072754
      ],
      "3d_coords": [
        1.7748275995254517,
        1.9216618537902832,
        0.699999988079071
      ],
      "material": "metal",
      "rotation": 142.16611888585163,
      "group": 0,
      "size": "large",
      "color": "yellow",
      "shape": "sphere"
    },
    {
      "pixel_coords": [
        211,
        102,
        27.01844596862793
      ],
      "3d_coords": [
        0.7622861862182617,
        4.040823936462402,
        0.699999988079071
      ],
      "material": "metal",
      "rotation": 316.684579147736,
      "group": 1,
      "size": "large",
      "color": "yellow",
      "shape": "cylinder"
    },
    {
      "pixel_coords": [
        135,
        69,
        29.194942474365234
      ],
      "3d_coords": [
        -5.2018961906433105,
        0.42772331833839417,
        0.699999988079071
      ],
      "material": "metal",
      "rotation": 354.9298941016137,
      "group": 1,
      "size": "large",
      "color": "yellow",
      "shape": "cylinder"
    },
    {
      "pixel_coords": [
        240,
        116,
        26.201122283935547
      ],
      "3d_coords": [
        2.9297375679016113,
        5.26071834564209,
        0.699999988079071
      ],
      "material": "metal",
      "rotation": 17.12985982997872,
      "group": 0,
      "size": "large",
      "color": "yellow",
      "shape": "sphere"
    },
    {
      "pixel_coords": [
        118,
        114,
        26.27869415283203
      ],
      "3d_coords": [
        -1.4640165567398071,
        -2.792375087738037,
        0.699999988079071
      ],
      "material": "metal",
      "rotation": 103.1721799162537,
      "group": 0,
      "size": "large",
      "color": "yellow",
      "shape": "sphere"
    },
    {
      "pixel_coords": [
        270,
        151,
        24.303329467773438
      ],
      "3d_coords": [
        6.459508419036865,
        5.244809150695801,
        0.699999988079071
      ],
      "material": "metal",
      "rotation": 27.232409315706676,
      "group": 2,
      "size": "large",
      "color": "yellow",
      "shape": "cube"
    },
    {
      "pixel_coords": [
        154,
        106,
        26.766817092895508
      ],
      "3d_coords": [
        -0.9269524812698364,
        -0.04978560283780098,
        0.699999988079071
      ],
      "material": "metal",
      "rotation": 350.6629465512297,
      "group": 3,
      "size": "large",
      "color": "yellow",
      "shape": "cone"
    },
    {
      "pixel_coords": [
        180,
        121,
        25.914310455322266
      ],
      "3d_coords": [
        1.2335025072097778,
        1.0325427055358887,
        0.699999988079071
      ],
      "material": "metal",
      "rotation": 325.0160404710229,
      "group": 0,
      "size": "large",
      "color": "yellow",
      "shape": "sphere"
    }
  ]
}