{
  "image_index": 40,
  "directions": {
    "front": [
      0.754490315914154,
      -0.6563112735748291,
      -0.0
    ],
    "above": [
      0.0,
      0.0,
      1.0
    ],
    "right": [
      0.6563112735748291,
      0.7544902563095093,
      -0.0
    ],
    "below": [
      -0.0,
      -0.0,
      -1.0
    ],
    "left": [
      -0.6563112735748291,
      -0.7544902563095093,
      0.0
    ],
    "behind": [
      -0.754490315914154,
      0.6563112735748291,
      0.0
    ]
  },
  "split": "new",
  "image_filename": "CLEVR_new_000040.png",
  "relationships": {
    "front": [
      [
        1,
        2,
        5
      ],
      [
        5
      ],
      [
        1,
        5
      ],
      [
        0,
        1,
        2,
        5
      ],
      [
        0,
        1,
        2,
        3,
        5
      ],
      [],
      [
        0,
        1,
        2,
        3,
        4,
        5
      ]
    ],
    "left": [
      [
        1,
        2,
        3,
        4,
        5,
        6
      ],
      [
        2,
        4,
        6
      ],
      [],
      [
        1,
        2,
        4,
        6
      ],
      [
        2
      ],
      [
        1,
        2,
        4,
        6
      ],
      [
        2,
        4
      ]
    ],
    "behind": [
      [
        3,
        4,
        6
      ],
      [
        0,
        2,
        3,
        4,
        6
      ],
      [
        0,
        3,
        4,
        6
      ],
      [
        4,
        6
      ],
      [
        6
      ],
      [
        0,
        1,
        2,
        3,
        4,
        6
      ],
      []
    ],
    "right": [
      [],
      [
        0,
        3,
        5
      ],
      [
        0,
        1,
        3,
        4,
        5,
        6
      ],
      [
        0
      ],
      [
        0,
        1,
        3,
        5,
        6
      ],
      [
        0
      ],
      [
        0,
        1,
        3,
        5
      ]
    ]
  },
  "objects": [
    {
      "pixel_coords": [
        288,
        142,
        24.865697860717773
      ],
      "3d_coords": [
        6.332718849182129,
        6.984687805175781,
        0.699999988079071
      ],
      "material": "rubber",
      "rotation": 184.02136468832913,
      "group": 0,
      "size": "large",
      "color": "red",
      "shape": "cube"
    },
    {
      "pixel_coords": [
        177,
        146,
        24.646034240722656
      ],
      "3d_coords": [
        3.134582042694092,
        -0.22237299382686615,
        0.699999988079071
      ],
      "material": "metal",
      "rotation": 274.3043683583047,
      "group": 1,
      "size": "large",
      "color": "red",
      "shape": "cube"
    },
    {
      "pixel_coords": [
        129,
        133,
        25.361955642700195
      ],
      "3d_coords": [
        0.559959888458252,
        -2.764129638671875,
        0.699999988079071
      ],
      "material": "metal",
      "rotation": 223.54237292630245,
      "group": 1,
      "size": "large",
      "color": "red",
      "shape": "cube"
    },
    {
      "pixel_coords": [
        196,
        112,
        26.56663703918457
      ],
      "3d_coords": [
        1.0288617610931396,
        2.574223518371582,
        0.699999988079071
      ],
      "material": "metal",
      "rotation": 158.16530353083664,
      "group": 1,
      "size": "large",
      "color": "red",
      "shape": "cube"
    },
    {
      "pixel_coords": [
        158,
        91,
        27.917404174804688
      ],
      "3d_coords": [
        -2.2543606758117676,
        0.9317070841789246,
        0.699999988079071
      ],
      "material": "rubber",
      "rotation": 87.00289602183891,
      "group": 0,
      "size": "large",
      "color": "red",
      "shape": "cube"
    },
    {
      "pixel_coords": [
        177,
        188,
        22.668819427490234
      ],
      "3d_coords": [
        5.981250762939453,
        -1.7418148517608643,
        0.699999988079071
      ],
      "material": "rubber",
      "rotation": 97.87046770455572,
      "group": 0,
      "size": "large",
      "color": "red",
      "shape": "cube"
    },
    {
      "pixel_coords": [
        170,
        68,
        29.46531867980957
      ],
      "3d_coords": [
        -4.060196876525879,
        2.967890501022339,
        0.699999988079071
      ],
      "material": "metal",
      "rotation": 313.74552462824505,
      "group": 1,
      "size": "large",
      "color": "red",
      "shape": "cube"
    }
  ]
}