{
  "image_index": 163,
  "directions": {
    "front": [
      0.754490315914154,
      -0.6563112735748291,
      -0.0
    ],
    "above": [
      0.0,
      0.0,
      1.0
    ],
    "right": [
      0.6563112735748291,
      0.7544902563095093,
      -0.0
    ],
    "below": [
      -0.0,
      -0.0,
      -1.0
    ],
    "left": [
      -0.6563112735748291,
      -0.7544902563095093,
      0.0
    ],
    "behind": [
      -0.754490315914154,
      0.6563112735748291,
      0.0
    ]
  },
  "split": "new",
  "image_filename": "CLEVR_new_000163.png",
  "relationships": {
    "front": [
      [],
      [
        0,
        2,
        4,
        6,
        7
      ],
      [
        0,
        4,
        7
      ],
      [
        0,
        1,
        2,
        4,
        5,
        6,
        7
      ],
      [
        0
      ],
      [
        0,
        1,
        2,
        4,
        6,
        7
      ],
      [
        0,
        4,
        7
      ],
      [
        0,
        4
      ]
    ],
    "left": [
      [],
      [
        0,
        5
      ],
      [
        0,
        1,
        3,
        5
      ],
      [
        0,
        1,
        5
      ],
      [
        0,
        1,
        2,
        3,
        5,
        6,
        7
      ],
      [
        0
      ],
      [
        0,
        1,
        2,
        3,
        5,
        7
      ],
      [
        0,
        1,
        3,
        5
      ]
    ],
    "behind": [
      [
        1,
        2,
        3,
        4,
        5,
        6,
        7
      ],
      [
        3,
        5
      ],
      [
        1,
        3,
        5
      ],
      [],
      [
        1,
        2,
        3,
        5,
        6,
        7
      ],
      [
        3
      ],
      [
        1,
        3,
        5
      ],
      [
        1,
        2,
        3,
        5,
        6
      ]
    ],
    "right": [
      [
        1,
        2,
        3,
        4,
        5,
        6,
        7
      ],
      [
        2,
        3,
        4,
        6,
        7
      ],
      [
        4,
        6
      ],
      [
        2,
        4,
        6,
        7
      ],
      [],
      [
        1,
        2,
        3,
        4,
        6,
        7
      ],
      [
        4
      ],
      [
        4,
        6
      ]
    ]
  },
  "objects": [
    {
      "pixel_coords": [
        105,
        145,
        24.318845748901367
      ],
      "3d_coords": [
        0.7484517097473145,
        -4.629186153411865,
        0.699999988079071
      ],
      "material": "metal",
      "rotation": 56.64964158856493,
      "group": 0,
      "size": "large",
      "color": "red",
      "shape": "cube"
    },
    {
      "pixel_coords": [
        169,
        77,
        28.098539352416992
      ],
      "3d_coords": [
        -3.0270912647247314,
        2.290536642074585,
        0.699999988079071
      ],
      "material": "rubber",
      "rotation": 341.36502488863647,
      "group": 1,
      "size": "large",
      "color": "red",
      "shape": "cube"
    },
    {
      "pixel_coords": [
        203,
        95,
        27.027311325073242
      ],
      "3d_coords": [
        -0.273324191570282,
        3.842433452606201,
        0.699999988079071
      ],
      "material": "rubber",
      "rotation": 270.678887275239,
      "group": 1,
      "size": "large",
      "color": "red",
      "shape": "cube"
    },
    {
      "pixel_coords": [
        192,
        38,
        30.906370162963867
      ],
      "3d_coords": [
        -6.403266429901123,
        6.238728046417236,
        0.699999988079071
      ],
      "material": "rubber",
      "rotation": 0.16289223191729096,
      "group": 1,
      "size": "large",
      "color": "red",
      "shape": "cube"
    },
    {
      "pixel_coords": [
        270,
        152,
        23.973834991455078
      ],
      "3d_coords": [
        6.194413185119629,
        5.383058547973633,
        0.699999988079071
      ],
      "material": "rubber",
      "rotation": 82.64412518939874,
      "group": 1,
      "size": "large",
      "color": "red",
      "shape": "cube"
    },
    {
      "pixel_coords": [
        149,
        53,
        29.762310028076172
      ],
      "3d_coords": [
        -6.301713466644287,
        1.9716646671295166,
        0.699999988079071
      ],
      "material": "metal",
      "rotation": 134.27468850420973,
      "group": 0,
      "size": "large",
      "color": "red",
      "shape": "cube"
    },
    {
      "pixel_coords": [
        257,
        107,
        26.28743553161621
      ],
      "3d_coords": [
        2.5549886226654053,
        6.847091197967529,
        0.699999988079071
      ],
      "material": "rubber",
      "rotation": 175.19740129540017,
      "group": 1,
      "size": "large",
      "color": "red",
      "shape": "cube"
    },
    {
      "pixel_coords": [
        201,
        109,
        26.226118087768555
      ],
      "3d_coords": [
        0.8212387561798096,
        2.9895853996276855,
        0.699999988079071
      ],
      "material": "metal",
      "rotation": 72.91448754842548,
      "group": 0,
      "size": "large",
      "color": "red",
      "shape": "cube"
    }
  ]
}