{
  "image_index": 78,
  "directions": {
    "front": [
      0.754490315914154,
      -0.6563112735748291,
      -0.0
    ],
    "above": [
      0.0,
      0.0,
      1.0
    ],
    "right": [
      0.6563112735748291,
      0.7544902563095093,
      -0.0
    ],
    "below": [
      -0.0,
      -0.0,
      -1.0
    ],
    "left": [
      -0.6563112735748291,
      -0.7544902563095093,
      0.0
    ],
    "behind": [
      -0.754490315914154,
      0.6563112735748291,
      0.0
    ]
  },
  "split": "new",
  "image_filename": "CLEVR_new_000078.png",
  "relationships": {
    "front": [
      [
        1,
        5,
        8
      ],
      [
        8
      ],
      [
        0,
        1,
        5,
        8
      ],
      [
        0,
        1,
        2,
        5,
        8
      ],
      [
        0,
        1,
        2,
        3,
        5,
        6,
        7,
        8
      ],
      [
        1,
        8
      ],
      [
        0,
        1,
        2,
        3,
        5,
        8
      ],
      [
        0,
        1,
        2,
        3,
        5,
        6,
        8
      ],
      []
    ],
    "left": [
      [
        1,
        3,
        6
      ],
      [
        3,
        6
      ],
      [
        0,
        1,
        3,
        6
      ],
      [],
      [
        0,
        1,
        2,
        3,
        6,
        8
      ],
      [
        0,
        1,
        2,
        3,
        4,
        6,
        7,
        8
      ],
      [
        3
      ],
      [
        0,
        1,
        2,
        3,
        4,
        6,
        8
      ],
      [
        0,
        1,
        3,
        6
      ]
    ],
    "behind": [
      [
        2,
        3,
        4,
        6,
        7
      ],
      [
        0,
        2,
        3,
        4,
        5,
        6,
        7
      ],
      [
        3,
        4,
        6,
        7
      ],
      [
        4,
        6,
        7
      ],
      [],
      [
        0,
        2,
        3,
        4,
        6,
        7
      ],
      [
        4,
        7
      ],
      [
        4
      ],
      [
        0,
        1,
        2,
        3,
        4,
        5,
        6,
        7
      ]
    ],
    "right": [
      [
        2,
        4,
        5,
        7,
        8
      ],
      [
        0,
        2,
        4,
        5,
        7,
        8
      ],
      [
        4,
        5,
        7
      ],
      [
        0,
        1,
        2,
        4,
        5,
        6,
        7,
        8
      ],
      [
        5,
        7
      ],
      [],
      [
        0,
        1,
        2,
        4,
        5,
        7,
        8
      ],
      [
        5
      ],
      [
        4,
        5,
        7
      ]
    ]
  },
  "objects": [
    {
      "pixel_coords": [
        149,
        100,
        26.91004753112793
      ],
      "3d_coords": [
        -1.7730005979537964,
        -0.011946397833526134,
        0.5
      ],
      "material": "rubber",
      "rotation": 100.76997829861652,
      "group": 0,
      "size": "medium",
      "color": "gray",
      "shape": "cube"
    },
    {
      "pixel_coords": [
        113,
        144,
        24.420621871948242
      ],
      "3d_coords": [
        0.7547282576560974,
        -4.058741569519043,
        0.5
      ],
      "material": "rubber",
      "rotation": 68.96882638663539,
      "group": 0,
      "size": "medium",
      "color": "gray",
      "shape": "cube"
    },
    {
      "pixel_coords": [
        164,
        95,
        27.210800170898438
      ],
      "3d_coords": [
        -1.6900297403335571,
        1.2344003915786743,
        0.5
      ],
      "material": "rubber",
      "rotation": 260.4865331079469,
      "group": 0,
      "size": "medium",
      "color": "gray",
      "shape": "cube"
    },
    {
      "pixel_coords": [
        100,
        77,
        28.375560760498047
      ],
      "3d_coords": [
        -5.755672931671143,
        -2.4950947761535645,
        0.5
      ],
      "material": "metal",
      "rotation": 335.9560995585313,
      "group": 1,
      "size": "medium",
      "color": "gray",
      "shape": "cube"
    },
    {
      "pixel_coords": [
        195,
        54,
        30.06712532043457
      ],
      "3d_coords": [
        -4.662240505218506,
        5.73732328414917,
        0.5
      ],
      "material": "rubber",
      "rotation": 115.08457422398973,
      "group": 0,
      "size": "medium",
      "color": "gray",
      "shape": "cube"
    },
    {
      "pixel_coords": [
        199,
        134,
        24.937814712524414
      ],
      "3d_coords": [
        2.741008996963501,
        1.680294394493103,
        0.5
      ],
      "material": "metal",
      "rotation": 216.1225760385793,
      "group": 1,
      "size": "medium",
      "color": "gray",
      "shape": "cube"
    },
    {
      "pixel_coords": [
        110,
        64,
        29.287511825561523
      ],
      "3d_coords": [
        -6.797375679016113,
        -1.2383341789245605,
        0.5
      ],
      "material": "rubber",
      "rotation": 123.40138630982308,
      "group": 0,
      "size": "medium",
      "color": "gray",
      "shape": "cube"
    },
    {
      "pixel_coords": [
        206,
        75,
        28.556114196777344
      ],
      "3d_coords": [
        -2.1132025718688965,
        5.260246753692627,
        0.5
      ],
      "material": "rubber",
      "rotation": 142.5763067145848,
      "group": 0,
      "size": "medium",
      "color": "gray",
      "shape": "cube"
    },
    {
      "pixel_coords": [
        120,
        238,
        20.44464874267578
      ],
      "3d_coords": [
        6.990830898284912,
        -6.233231067657471,
        0.5
      ],
      "material": "rubber",
      "rotation": 244.8784769910651,
      "group": 0,
      "size": "medium",
      "color": "gray",
      "shape": "cube"
    }
  ]
}