{
  "image_index": 105,
  "directions": {
    "front": [
      0.754490315914154,
      -0.6563112735748291,
      -0.0
    ],
    "above": [
      0.0,
      0.0,
      1.0
    ],
    "right": [
      0.6563112735748291,
      0.7544902563095093,
      -0.0
    ],
    "below": [
      -0.0,
      -0.0,
      -1.0
    ],
    "left": [
      -0.6563112735748291,
      -0.7544902563095093,
      0.0
    ],
    "behind": [
      -0.754490315914154,
      0.6563112735748291,
      0.0
    ]
  },
  "split": "new",
  "image_filename": "CLEVR_new_000105.png",
  "relationships": {
    "front": [
      [
        1,
        6
      ],
      [
        6
      ],
      [
        0,
        1,
        3,
        4,
        5,
        6,
        7
      ],
      [
        0,
        1,
        6
      ],
      [
        0,
        1,
        3,
        5,
        6
      ],
      [
        0,
        1,
        3,
        6
      ],
      [],
      [
        0,
        1,
        3,
        4,
        5,
        6
      ]
    ],
    "left": [
      [
        1,
        2,
        3,
        4,
        5,
        6,
        7
      ],
      [],
      [
        1,
        4
      ],
      [
        1,
        2,
        4
      ],
      [
        1
      ],
      [
        1,
        2,
        3,
        4,
        6
      ],
      [
        1,
        2,
        3,
        4
      ],
      [
        1,
        2,
        3,
        4,
        6
      ]
    ],
    "behind": [
      [
        2,
        3,
        4,
        5,
        7
      ],
      [
        0,
        2,
        3,
        4,
        5,
        7
      ],
      [],
      [
        2,
        4,
        5,
        7
      ],
      [
        2,
        7
      ],
      [
        2,
        4,
        7
      ],
      [
        0,
        1,
        2,
        3,
        4,
        5,
        7
      ],
      [
        2
      ]
    ],
    "right": [
      [],
      [
        0,
        2,
        3,
        4,
        5,
        6,
        7
      ],
      [
        0,
        3,
        5,
        6,
        7
      ],
      [
        0,
        5,
        6,
        7
      ],
      [
        0,
        2,
        3,
        5,
        6,
        7
      ],
      [
        0
      ],
      [
        0,
        5,
        7
      ],
      [
        0
      ]
    ]
  },
  "objects": [
    {
      "pixel_coords": [
        239,
        168,
        22.70806121826172
      ],
      "3d_coords": [
        6.18967866897583,
        2.7066264152526855,
        0.699999988079071
      ],
      "material": "rubber",
      "rotation": 334.9400974112121,
      "group": 0,
      "size": "large",
      "color": "yellow",
      "shape": "sphere"
    },
    {
      "pixel_coords": [
        104,
        141,
        23.945755004882812
      ],
      "3d_coords": [
        0.44568923115730286,
        -4.461842060089111,
        0.699999988079071
      ],
      "material": "rubber",
      "rotation": 193.22915637788014,
      "group": 1,
      "size": "large",
      "color": "yellow",
      "shape": "cylinder"
    },
    {
      "pixel_coords": [
        149,
        63,
        28.500185012817383
      ],
      "3d_coords": [
        -5.112146377563477,
        1.5072884559631348,
        0.699999988079071
      ],
      "material": "rubber",
      "rotation": 53.56698989830684,
      "group": 0,
      "size": "large",
      "color": "yellow",
      "shape": "sphere"
    },
    {
      "pixel_coords": [
        134,
        120,
        25.016557693481445
      ],
      "3d_coords": [
        -0.3180684745311737,
        -1.9310312271118164,
        0.699999988079071
      ],
      "material": "rubber",
      "rotation": 355.79167628324876,
      "group": 2,
      "size": "large",
      "color": "yellow",
      "shape": "cone"
    },
    {
      "pixel_coords": [
        131,
        97,
        26.30257225036621
      ],
      "3d_coords": [
        -2.370551109313965,
        -1.2487449645996094,
        0.699999988079071
      ],
      "material": "rubber",
      "rotation": 104.00724994902544,
      "group": 1,
      "size": "large",
      "color": "yellow",
      "shape": "cylinder"
    },
    {
      "pixel_coords": [
        171,
        116,
        25.248943328857422
      ],
      "3d_coords": [
        0.47932490706443787,
        0.6180617213249207,
        0.699999988079071
      ],
      "material": "rubber",
      "rotation": 171.62047779801586,
      "group": 1,
      "size": "large",
      "color": "yellow",
      "shape": "cylinder"
    },
    {
      "pixel_coords": [
        122,
        177,
        22.310762405395508
      ],
      "3d_coords": [
        3.500091552734375,
        -4.405388832092285,
        0.699999988079071
      ],
      "material": "rubber",
      "rotation": 221.12677572314772,
      "group": 0,
      "size": "large",
      "color": "yellow",
      "shape": "sphere"
    },
    {
      "pixel_coords": [
        179,
        93,
        26.583009719848633
      ],
      "3d_coords": [
        -1.2207539081573486,
        2.2168076038360596,
        0.699999988079071
      ],
      "material": "rubber",
      "rotation": 273.8616154924483,
      "group": 0,
      "size": "large",
      "color": "yellow",
      "shape": "sphere"
    }
  ]
}