{
  "image_index": 106,
  "directions": {
    "front": [
      0.754490315914154,
      -0.6563112735748291,
      -0.0
    ],
    "above": [
      0.0,
      0.0,
      1.0
    ],
    "right": [
      0.6563112735748291,
      0.7544902563095093,
      -0.0
    ],
    "below": [
      -0.0,
      -0.0,
      -1.0
    ],
    "left": [
      -0.6563112735748291,
      -0.7544902563095093,
      0.0
    ],
    "behind": [
      -0.754490315914154,
      0.6563112735748291,
      0.0
    ]
  },
  "split": "new",
  "image_filename": "CLEVR_new_000106.png",
  "relationships": {
    "front": [
      [
        2,
        3,
        5,
        6
      ],
      [
        0,
        2,
        3,
        5,
        6
      ],
      [],
      [
        2,
        5,
        6
      ],
      [
        0,
        1,
        2,
        3,
        5,
        6,
        7,
        8
      ],
      [
        2,
        6
      ],
      [
        2
      ],
      [
        0,
        1,
        2,
        3,
        5,
        6,
        8
      ],
      [
        0,
        1,
        2,
        3,
        5,
        6
      ]
    ],
    "left": [
      [],
      [
        0,
        2,
        3,
        8
      ],
      [],
      [
        0,
        2,
        8
      ],
      [
        0,
        1,
        2,
        3,
        8
      ],
      [
        0,
        1,
        2,
        3,
        4,
        6,
        7,
        8
      ],
      [
        0,
        1,
        2,
        3,
        4,
        8
      ],
      [
        0,
        1,
        2,
        3,
        4,
        8
      ],
      [
        0,
        2
      ]
    ],
    "behind": [
      [
        1,
        4,
        7,
        8
      ],
      [
        4,
        7,
        8
      ],
      [
        0,
        1,
        3,
        4,
        5,
        6,
        7,
        8
      ],
      [
        0,
        1,
        4,
        7,
        8
      ],
      [],
      [
        0,
        1,
        3,
        4,
        7,
        8
      ],
      [
        0,
        1,
        3,
        4,
        5,
        7,
        8
      ],
      [
        4
      ],
      [
        4,
        7
      ]
    ],
    "right": [
      [
        1,
        3,
        4,
        5,
        6,
        7,
        8
      ],
      [
        4,
        5,
        6,
        7
      ],
      [
        1,
        3,
        4,
        5,
        6,
        7,
        8
      ],
      [
        1,
        4,
        5,
        6,
        7
      ],
      [
        5,
        6,
        7
      ],
      [],
      [
        5
      ],
      [
        5
      ],
      [
        1,
        3,
        4,
        5,
        6,
        7
      ]
    ]
  },
  "objects": [
    {
      "pixel_coords": [
        93,
        77,
        28.777055740356445
      ],
      "3d_coords": [
        -5.971590995788574,
        -3.178978443145752,
        0.699999988079071
      ],
      "material": "rubber",
      "rotation": 355.9396550613607,
      "group": 0,
      "size": "large",
      "color": "blue",
      "shape": "cube"
    },
    {
      "pixel_coords": [
        151,
        82,
        28.462148666381836
      ],
      "3d_coords": [
        -3.3527328968048096,
        0.8968105912208557,
        0.699999988079071
      ],
      "material": "metal",
      "rotation": 200.25480518076435,
      "group": 1,
      "size": "large",
      "color": "blue",
      "shape": "cube"
    },
    {
      "pixel_coords": [
        64,
        130,
        25.46906089782715
      ],
      "3d_coords": [
        -1.8321257829666138,
        -6.891265869140625,
        0.699999988079071
      ],
      "material": "rubber",
      "rotation": 77.73557779305362,
      "group": 0,
      "size": "large",
      "color": "blue",
      "shape": "cube"
    },
    {
      "pixel_coords": [
        122,
        96,
        27.51382064819336
      ],
      "3d_coords": [
        -2.9874765872955322,
        -1.8027536869049072,
        0.699999988079071
      ],
      "material": "metal",
      "rotation": 213.7193269967439,
      "group": 1,
      "size": "large",
      "color": "blue",
      "shape": "cube"
    },
    {
      "pixel_coords": [
        167,
        49,
        30.90618133544922
      ],
      "3d_coords": [
        -6.318058013916016,
        3.824728488922119,
        0.699999988079071
      ],
      "material": "rubber",
      "rotation": 151.48820985339253,
      "group": 0,
      "size": "large",
      "color": "blue",
      "shape": "cube"
    },
    {
      "pixel_coords": [
        266,
        156,
        24.07438087463379
      ],
      "3d_coords": [
        6.602883338928223,
        4.861762523651123,
        0.699999988079071
      ],
      "material": "metal",
      "rotation": 168.55261909641132,
      "group": 1,
      "size": "large",
      "color": "blue",
      "shape": "cube"
    },
    {
      "pixel_coords": [
        180,
        148,
        24.49057960510254
      ],
      "3d_coords": [
        3.3374664783477783,
        -0.13519813120365143,
        0.699999988079071
      ],
      "material": "rubber",
      "rotation": 357.33290463566846,
      "group": 0,
      "size": "large",
      "color": "blue",
      "shape": "cube"
    },
    {
      "pixel_coords": [
        202,
        58,
        30.221817016601562
      ],
      "3d_coords": [
        -3.971442222595215,
        6.0235209465026855,
        0.699999988079071
      ],
      "material": "rubber",
      "rotation": 238.40038182607577,
      "group": 0,
      "size": "large",
      "color": "blue",
      "shape": "cube"
    },
    {
      "pixel_coords": [
        132,
        66,
        29.61338233947754
      ],
      "3d_coords": [
        -5.761783599853516,
        0.260720819234848,
        0.699999988079071
      ],
      "material": "rubber",
      "rotation": 299.65282399315157,
      "group": 0,
      "size": "large",
      "color": "blue",
      "shape": "cube"
    }
  ]
}