{
  "image_index": 132,
  "directions": {
    "front": [
      0.754490315914154,
      -0.6563112735748291,
      -0.0
    ],
    "above": [
      0.0,
      0.0,
      1.0
    ],
    "right": [
      0.6563112735748291,
      0.7544902563095093,
      -0.0
    ],
    "below": [
      -0.0,
      -0.0,
      -1.0
    ],
    "left": [
      -0.6563112735748291,
      -0.7544902563095093,
      0.0
    ],
    "behind": [
      -0.754490315914154,
      0.6563112735748291,
      0.0
    ]
  },
  "split": "new",
  "image_filename": "CLEVR_new_000132.png",
  "relationships": {
    "front": [
      [
        2
      ],
      [
        0,
        2,
        4,
        5,
        7,
        8
      ],
      [],
      [
        0,
        1,
        2,
        4,
        5,
        7,
        8
      ],
      [
        0,
        2,
        7
      ],
      [
        0,
        2,
        4,
        7,
        8
      ],
      [
        0,
        1,
        2,
        3,
        4,
        5,
        7,
        8
      ],
      [
        0,
        2
      ],
      [
        0,
        2,
        4,
        7
      ]
    ],
    "left": [
      [
        2,
        4,
        5
      ],
      [
        0,
        2,
        4,
        5,
        6
      ],
      [
        5
      ],
      [
        0,
        1,
        2,
        4,
        5,
        6
      ],
      [
        5
      ],
      [],
      [
        0,
        2,
        4,
        5
      ],
      [
        0,
        1,
        2,
        4,
        5,
        6
      ],
      [
        0,
        1,
        2,
        3,
        4,
        5,
        6,
        7
      ]
    ],
    "behind": [
      [
        1,
        3,
        4,
        5,
        6,
        7,
        8
      ],
      [
        3,
        6
      ],
      [
        0,
        1,
        3,
        4,
        5,
        6,
        7,
        8
      ],
      [
        6
      ],
      [
        1,
        3,
        5,
        6,
        8
      ],
      [
        1,
        3,
        6
      ],
      [],
      [
        1,
        3,
        4,
        5,
        6,
        8
      ],
      [
        1,
        3,
        5,
        6
      ]
    ],
    "right": [
      [
        1,
        3,
        6,
        7,
        8
      ],
      [
        3,
        7,
        8
      ],
      [
        0,
        1,
        3,
        6,
        7,
        8
      ],
      [
        8
      ],
      [
        0,
        1,
        3,
        6,
        7,
        8
      ],
      [
        0,
        1,
        2,
        3,
        4,
        6,
        7,
        8
      ],
      [
        1,
        3,
        7,
        8
      ],
      [
        8
      ],
      []
    ]
  },
  "objects": [
    {
      "pixel_coords": [
        137,
        181,
        22.233154296875
      ],
      "3d_coords": [
        4.085273265838623,
        -3.8607001304626465,
        0.699999988079071
      ],
      "material": "metal",
      "rotation": 101.64348339249693,
      "group": 0,
      "size": "large",
      "color": "purple",
      "shape": "cube"
    },
    {
      "pixel_coords": [
        183,
        92,
        26.84016227722168
      ],
      "3d_coords": [
        -1.073233962059021,
        2.567612409591675,
        0.699999988079071
      ],
      "material": "metal",
      "rotation": 104.30701404814373,
      "group": 1,
      "size": "large",
      "color": "blue",
      "shape": "cube"
    },
    {
      "pixel_coords": [
        107,
        239,
        20.000425338745117
      ],
      "3d_coords": [
        6.59702730178833,
        -6.954079627990723,
        0.699999988079071
      ],
      "material": "metal",
      "rotation": 168.03987202197234,
      "group": 2,
      "size": "large",
      "color": "red",
      "shape": "cube"
    },
    {
      "pixel_coords": [
        209,
        70,
        28.305566787719727
      ],
      "3d_coords": [
        -2.176133394241333,
        5.620823860168457,
        0.699999988079071
      ],
      "material": "metal",
      "rotation": 48.2898566015224,
      "group": 3,
      "size": "large",
      "color": "gray",
      "shape": "cube"
    },
    {
      "pixel_coords": [
        139,
        134,
        24.452600479125977
      ],
      "3d_coords": [
        0.8686591386795044,
        -2.1351709365844727,
        0.699999988079071
      ],
      "material": "metal",
      "rotation": 71.30837075024746,
      "group": 1,
      "size": "large",
      "color": "blue",
      "shape": "cube"
    },
    {
      "pixel_coords": [
        113,
        110,
        25.764001846313477
      ],
      "3d_coords": [
        -1.956140160560608,
        -2.8482539653778076,
        0.699999988079071
      ],
      "material": "metal",
      "rotation": 174.09547331121757,
      "group": 4,
      "size": "large",
      "color": "green",
      "shape": "cube"
    },
    {
      "pixel_coords": [
        178,
        57,
        29.233928680419922
      ],
      "3d_coords": [
        -4.676534175872803,
        4.177371025085449,
        0.699999988079071
      ],
      "material": "metal",
      "rotation": 53.84077033662369,
      "group": 5,
      "size": "large",
      "color": "cyan",
      "shape": "cube"
    },
    {
      "pixel_coords": [
        192,
        149,
        23.680830001831055
      ],
      "3d_coords": [
        3.697620153427124,
        0.4714525640010834,
        0.699999988079071
      ],
      "material": "metal",
      "rotation": 9.759473825169845,
      "group": 6,
      "size": "large",
      "color": "yellow",
      "shape": "cube"
    },
    {
      "pixel_coords": [
        260,
        140,
        24.13640785217285
      ],
      "3d_coords": [
        5.263988494873047,
        5.0000128746032715,
        0.699999988079071
      ],
      "material": "metal",
      "rotation": 238.49359062422437,
      "group": 2,
      "size": "large",
      "color": "red",
      "shape": "cube"
    }
  ]
}