{
  "image_index": 143,
  "directions": {
    "front": [
      0.754490315914154,
      -0.6563112735748291,
      -0.0
    ],
    "above": [
      0.0,
      0.0,
      1.0
    ],
    "right": [
      0.6563112735748291,
      0.7544902563095093,
      -0.0
    ],
    "below": [
      -0.0,
      -0.0,
      -1.0
    ],
    "left": [
      -0.6563112735748291,
      -0.7544902563095093,
      0.0
    ],
    "behind": [
      -0.754490315914154,
      0.6563112735748291,
      0.0
    ]
  },
  "split": "new",
  "image_filename": "CLEVR_new_000143.png",
  "relationships": {
    "front": [
      [
        1,
        2,
        3,
        4,
        5,
        6,
        7,
        8
      ],
      [
        3,
        5,
        6,
        8
      ],
      [
        3,
        5,
        6,
        8
      ],
      [
        5,
        6,
        8
      ],
      [
        1,
        2,
        3,
        5,
        6,
        7,
        8
      ],
      [],
      [
        5,
        8
      ],
      [
        3,
        5,
        6,
        8
      ],
      [
        5
      ]
    ],
    "left": [
      [
        2,
        3,
        4,
        5,
        6
      ],
      [
        0,
        2,
        3,
        4,
        5,
        6
      ],
      [
        3,
        4,
        5,
        6
      ],
      [],
      [
        3,
        5
      ],
      [
        3
      ],
      [
        3,
        5
      ],
      [
        0,
        1,
        2,
        3,
        4,
        5,
        6,
        8
      ],
      [
        0,
        1,
        2,
        3,
        4,
        5,
        6
      ]
    ],
    "behind": [
      [],
      [
        0,
        4
      ],
      [
        0,
        4
      ],
      [
        0,
        1,
        2,
        4,
        7
      ],
      [
        0
      ],
      [
        0,
        1,
        2,
        3,
        4,
        6,
        7,
        8
      ],
      [
        0,
        1,
        2,
        3,
        4,
        7
      ],
      [
        0,
        4
      ],
      [
        0,
        1,
        2,
        3,
        4,
        6,
        7
      ]
    ],
    "right": [
      [
        1,
        7,
        8
      ],
      [
        7,
        8
      ],
      [
        0,
        1,
        7,
        8
      ],
      [
        0,
        1,
        2,
        4,
        5,
        6,
        7,
        8
      ],
      [
        0,
        1,
        2,
        7,
        8
      ],
      [
        0,
        1,
        2,
        4,
        6,
        7,
        8
      ],
      [
        0,
        1,
        2,
        7,
        8
      ],
      [],
      [
        7
      ]
    ]
  },
  "objects": [
    {
      "pixel_coords": [
        206,
        45,
        30.558116912841797
      ],
      "3d_coords": [
        -4.9846930503845215,
        6.977620601654053,
        0.699999988079071
      ],
      "material": "rubber",
      "rotation": 203.73293800422496,
      "group": 0,
      "size": "large",
      "color": "red",
      "shape": "cylinder"
    },
    {
      "pixel_coords": [
        232,
        125,
        25.438459396362305
      ],
      "3d_coords": [
        3.235267162322998,
        4.196913719177246,
        0.699999988079071
      ],
      "material": "rubber",
      "rotation": 140.93761335007434,
      "group": 1,
      "size": "large",
      "color": "purple",
      "shape": "cylinder"
    },
    {
      "pixel_coords": [
        184,
        116,
        25.978361129760742
      ],
      "3d_coords": [
        0.8965291380882263,
        1.554680585861206,
        0.699999988079071
      ],
      "material": "rubber",
      "rotation": 63.9691783143198,
      "group": 2,
      "size": "large",
      "color": "yellow",
      "shape": "cylinder"
    },
    {
      "pixel_coords": [
        80,
        100,
        26.896711349487305
      ],
      "3d_coords": [
        -4.032567024230957,
        -4.836287021636963,
        0.699999988079071
      ],
      "material": "rubber",
      "rotation": 222.50763151820252,
      "group": 3,
      "size": "large",
      "color": "cyan",
      "shape": "cylinder"
    },
    {
      "pixel_coords": [
        140,
        54,
        29.935632705688477
      ],
      "3d_coords": [
        -6.6291351318359375,
        1.3666635751724243,
        0.699999988079071
      ],
      "material": "rubber",
      "rotation": 196.03882116683616,
      "group": 4,
      "size": "large",
      "color": "blue",
      "shape": "cylinder"
    },
    {
      "pixel_coords": [
        94,
        137,
        24.83722686767578
      ],
      "3d_coords": [
        -0.2993052899837494,
        -5.10404634475708,
        0.699999988079071
      ],
      "material": "rubber",
      "rotation": 292.7887047633738,
      "group": 1,
      "size": "large",
      "color": "purple",
      "shape": "cylinder"
    },
    {
      "pixel_coords": [
        112,
        117,
        25.883960723876953
      ],
      "3d_coords": [
        -1.3688278198242188,
        -3.316805839538574,
        0.699999988079071
      ],
      "material": "rubber",
      "rotation": 97.25494893572899,
      "group": 1,
      "size": "large",
      "color": "purple",
      "shape": "cylinder"
    },
    {
      "pixel_coords": [
        280,
        136,
        24.8861141204834
      ],
      "3d_coords": [
        5.568936347961426,
        6.782435894012451,
        0.699999988079071
      ],
      "material": "rubber",
      "rotation": 64.69665979084326,
      "group": 0,
      "size": "large",
      "color": "red",
      "shape": "cylinder"
    },
    {
      "pixel_coords": [
        239,
        155,
        23.976423263549805
      ],
      "3d_coords": [
        5.527574062347412,
        3.292947292327881,
        0.699999988079071
      ],
      "material": "rubber",
      "rotation": 272.6647788177114,
      "group": 3,
      "size": "large",
      "color": "cyan",
      "shape": "cylinder"
    }
  ]
}