{
  "image_index": 158,
  "directions": {
    "front": [
      0.754490315914154,
      -0.6563112735748291,
      -0.0
    ],
    "above": [
      0.0,
      0.0,
      1.0
    ],
    "right": [
      0.6563112735748291,
      0.7544902563095093,
      -0.0
    ],
    "below": [
      -0.0,
      -0.0,
      -1.0
    ],
    "left": [
      -0.6563112735748291,
      -0.7544902563095093,
      0.0
    ],
    "behind": [
      -0.754490315914154,
      0.6563112735748291,
      0.0
    ]
  },
  "split": "new",
  "image_filename": "CLEVR_new_000158.png",
  "relationships": {
    "front": [
      [
        2,
        3,
        4,
        5,
        6,
        8,
        9
      ],
      [
        0,
        2,
        3,
        4,
        5,
        6,
        7,
        8,
        9
      ],
      [
        9
      ],
      [
        2,
        4,
        5,
        6,
        8,
        9
      ],
      [
        2,
        6,
        9
      ],
      [
        2,
        4,
        6,
        9
      ],
      [
        2,
        9
      ],
      [
        2,
        3,
        4,
        5,
        6,
        8,
        9
      ],
      [
        2,
        4,
        5,
        6,
        9
      ],
      []
    ],
    "left": [
      [
        3,
        8
      ],
      [
        0,
        3,
        8
      ],
      [
        0,
        1,
        3,
        6,
        8,
        9
      ],
      [],
      [
        0,
        1,
        2,
        3,
        6,
        7,
        8,
        9
      ],
      [
        0,
        1,
        2,
        3,
        4,
        6,
        7,
        8,
        9
      ],
      [
        0,
        1,
        3,
        8
      ],
      [
        0,
        1,
        3,
        6,
        8,
        9
      ],
      [
        3
      ],
      [
        0,
        1,
        3,
        6,
        8
      ]
    ],
    "behind": [
      [
        1
      ],
      [],
      [
        0,
        1,
        3,
        4,
        5,
        6,
        7,
        8
      ],
      [
        0,
        1,
        7
      ],
      [
        0,
        1,
        3,
        5,
        7,
        8
      ],
      [
        0,
        1,
        3,
        7,
        8
      ],
      [
        0,
        1,
        3,
        4,
        5,
        7,
        8
      ],
      [
        1
      ],
      [
        0,
        1,
        3,
        7
      ],
      [
        0,
        1,
        2,
        3,
        4,
        5,
        6,
        7,
        8
      ]
    ],
    "right": [
      [
        1,
        2,
        4,
        5,
        6,
        7,
        9
      ],
      [
        2,
        4,
        5,
        6,
        7,
        9
      ],
      [
        4,
        5
      ],
      [
        0,
        1,
        2,
        4,
        5,
        6,
        7,
        8,
        9
      ],
      [
        5
      ],
      [],
      [
        2,
        4,
        5,
        7,
        9
      ],
      [
        4,
        5
      ],
      [
        0,
        1,
        2,
        4,
        5,
        6,
        7,
        9
      ],
      [
        2,
        4,
        5,
        7
      ]
    ]
  },
  "objects": [
    {
      "pixel_coords": [
        99,
        83,
        27.888851165771484
      ],
      "3d_coords": [
        -5.0864996910095215,
        -2.834925651550293,
        0.699999988079071
      ],
      "material": "metal",
      "rotation": 130.13511166616203,
      "group": 0,
      "size": "large",
      "color": "blue",
      "shape": "cylinder"
    },
    {
      "pixel_coords": [
        108,
        76,
        28.368722915649414
      ],
      "3d_coords": [
        -5.4809088706970215,
        -1.8919042348861694,
        0.699999988079071
      ],
      "material": "metal",
      "rotation": 207.91796701709856,
      "group": 1,
      "size": "large",
      "color": "blue",
      "shape": "cube"
    },
    {
      "pixel_coords": [
        101,
        159,
        23.635080337524414
      ],
      "3d_coords": [
        1.5306051969528198,
        -5.295567989349365,
        0.699999988079071
      ],
      "material": "metal",
      "rotation": 306.3772563278459,
      "group": 1,
      "size": "large",
      "color": "blue",
      "shape": "cube"
    },
    {
      "pixel_coords": [
        49,
        88,
        27.59375
      ],
      "3d_coords": [
        -6.452613353729248,
        -6.45527982711792,
        0.699999988079071
      ],
      "material": "metal",
      "rotation": 73.60834696919994,
      "group": 2,
      "size": "large",
      "color": "blue",
      "shape": "cone"
    },
    {
      "pixel_coords": [
        130,
        129,
        25.138381958007812
      ],
      "3d_coords": [
        0.17922350764274597,
        -2.5602405071258545,
        0.699999988079071
      ],
      "material": "metal",
      "rotation": 53.82603464262995,
      "group": 0,
      "size": "large",
      "color": "blue",
      "shape": "cylinder"
    },
    {
      "pixel_coords": [
        184,
        135,
        24.831418991088867
      ],
      "3d_coords": [
        2.430654287338257,
        0.614989161491394,
        0.699999988079071
      ],
      "material": "metal",
      "rotation": 140.3752265441557,
      "group": 0,
      "size": "large",
      "color": "blue",
      "shape": "cylinder"
    },
    {
      "pixel_coords": [
        89,
        134,
        24.890277862548828
      ],
      "3d_coords": [
        -0.8151919841766357,
        -5.31270694732666,
        0.699999988079071
      ],
      "material": "metal",
      "rotation": 8.38383936898676,
      "group": 0,
      "size": "large",
      "color": "blue",
      "shape": "cylinder"
    },
    {
      "pixel_coords": [
        127,
        90,
        27.46232795715332
      ],
      "3d_coords": [
        -3.3915889263153076,
        -1.1322259902954102,
        0.699999988079071
      ],
      "material": "metal",
      "rotation": 225.2257111522873,
      "group": 1,
      "size": "large",
      "color": "blue",
      "shape": "cube"
    },
    {
      "pixel_coords": [
        80,
        99,
        26.87238311767578
      ],
      "3d_coords": [
        -4.197966575622559,
        -4.732089996337891,
        0.699999988079071
      ],
      "material": "metal",
      "rotation": 257.7129969196775,
      "group": 0,
      "size": "large",
      "color": "blue",
      "shape": "cylinder"
    },
    {
      "pixel_coords": [
        84,
        175,
        22.874841690063477
      ],
      "3d_coords": [
        2.181610345840454,
        -6.740105628967285,
        0.699999988079071
      ],
      "material": "metal",
      "rotation": 332.30110463238975,
      "group": 3,
      "size": "large",
      "color": "blue",
      "shape": "sphere"
    }
  ]
}