{
  "split": "new",
  "directions": {
    "front": [
      0.754490315914154,
      -0.6563112735748291,
      -0.0
    ],
    "above": [
      0.0,
      0.0,
      1.0
    ],
    "below": [
      -0.0,
      -0.0,
      -1.0
    ],
    "behind": [
      -0.754490315914154,
      0.6563112735748291,
      0.0
    ],
    "left": [
      -0.6563112735748291,
      -0.7544902563095093,
      0.0
    ],
    "right": [
      0.6563112735748291,
      0.7544902563095093,
      -0.0
    ]
  },
  "relationships": {
    "front": [
      [
        8,
        9,
        10,
        11
      ],
      [
        0,
        3,
        8,
        9,
        10,
        11
      ],
      [
        0,
        1,
        3,
        8,
        9,
        10,
        11
      ],
      [
        0,
        8,
        9,
        10,
        11
      ],
      [
        0,
        1,
        2,
        3,
        5,
        6,
        7,
        8,
        9,
        10,
        11,
        12,
        13,
        14,
        15
      ],
      [
        0,
        1,
        2,
        3,
        6,
        8,
        9,
        10,
        11,
        12,
        14,
        15
      ],
      [
        0,
        1,
        2,
        3,
        8,
        9,
        10,
        11
      ],
      [
        0,
        1,
        2,
        3,
        6,
        8,
        9,
        10,
        11,
        12,
        14,
        15
      ],
      [
        10
      ],
      [
        8,
        10,
        11
      ],
      [],
      [
        8,
        10
      ],
      [
        0,
        1,
        2,
        3,
        8,
        9,
        10,
        11
      ],
      [
        0,
        1,
        2,
        3,
        5,
        6,
        7,
        8,
        9,
        10,
        11,
        12,
        14,
        15
      ],
      [
        0,
        1,
        2,
        3,
        8,
        9,
        10,
        11,
        12
      ],
      [
        0,
        1,
        2,
        3,
        6,
        8,
        9,
        10,
        11,
        12,
        14
      ]
    ],
    "behind": [
      [
        1,
        2,
        3,
        4,
        5,
        6,
        7,
        12,
        13,
        14,
        15
      ],
      [
        2,
        4,
        5,
        6,
        7,
        12,
        13,
        14,
        15
      ],
      [
        4,
        5,
        6,
        7,
        12,
        13,
        14,
        15
      ],
      [
        1,
        2,
        4,
        5,
        6,
        7,
        12,
        13,
        14,
        15
      ],
      [],
      [
        4,
        13
      ],
      [
        4,
        5,
        7,
        13,
        15
      ],
      [
        4,
        13
      ],
      [
        0,
        1,
        2,
        3,
        4,
        5,
        6,
        7,
        9,
        11,
        12,
        13,
        14,
        15
      ],
      [
        0,
        1,
        2,
        3,
        4,
        5,
        6,
        7,
        12,
        13,
        14,
        15
      ],
      [
        0,
        1,
        2,
        3,
        4,
        5,
        6,
        7,
        8,
        9,
        11,
        12,
        13,
        14,
        15
      ],
      [
        0,
        1,
        2,
        3,
        4,
        5,
        6,
        7,
        9,
        12,
        13,
        14,
        15
      ],
      [
        4,
        5,
        7,
        13,
        14,
        15
      ],
      [
        4
      ],
      [
        4,
        5,
        7,
        13,
        15
      ],
      [
        4,
        5,
        7,
        13
      ]
    ],
    "right": [
      [
        1
      ],
      [],
      [
        1,
        14
      ],
      [
        0,
        1,
        2,
        14
      ],
      [
        0,
        1,
        2,
        3,
        7,
        12,
        13,
        14,
        15
      ],
      [
        0,
        1,
        2,
        3,
        4,
        6,
        7,
        8,
        12,
        13,
        14,
        15
      ],
      [
        0,
        1,
        2,
        3,
        4,
        7,
        12,
        13,
        14,
        15
      ],
      [
        0,
        1,
        2,
        3,
        12,
        13,
        14,
        15
      ],
      [
        0,
        1,
        2,
        3,
        4,
        7,
        12,
        13,
        14,
        15
      ],
      [
        0,
        1,
        2,
        3,
        4,
        6,
        7,
        8,
        12,
        13,
        14,
        15
      ],
      [
        0,
        1,
        2,
        3,
        4,
        5,
        6,
        7,
        8,
        9,
        12,
        13,
        14,
        15
      ],
      [
        0,
        1,
        2,
        3,
        4,
        5,
        6,
        7,
        8,
        9,
        10,
        12,
        13,
        14,
        15
      ],
      [
        0,
        1,
        2,
        14
      ],
      [
        0,
        1,
        2,
        14
      ],
      [
        1
      ],
      [
        0,
        1,
        2,
        3,
        12,
        13,
        14
      ]
    ],
    "left": [
      [
        3,
        4,
        5,
        6,
        7,
        8,
        9,
        10,
        11,
        12,
        13,
        15
      ],
      [
        0,
        2,
        3,
        4,
        5,
        6,
        7,
        8,
        9,
        10,
        11,
        12,
        13,
        14,
        15
      ],
      [
        3,
        4,
        5,
        6,
        7,
        8,
        9,
        10,
        11,
        12,
        13,
        15
      ],
      [
        4,
        5,
        6,
        7,
        8,
        9,
        10,
        11,
        15
      ],
      [
        5,
        6,
        8,
        9,
        10,
        11
      ],
      [
        10,
        11
      ],
      [
        5,
        9,
        10,
        11
      ],
      [
        4,
        5,
        6,
        8,
        9,
        10,
        11
      ],
      [
        5,
        9,
        10,
        11
      ],
      [
        10,
        11
      ],
      [
        11
      ],
      [],
      [
        4,
        5,
        6,
        7,
        8,
        9,
        10,
        11,
        15
      ],
      [
        4,
        5,
        6,
        7,
        8,
        9,
        10,
        11,
        15
      ],
      [
        2,
        3,
        4,
        5,
        6,
        7,
        8,
        9,
        10,
        11,
        12,
        13,
        15
      ],
      [
        4,
        5,
        6,
        7,
        8,
        9,
        10,
        11
      ]
    ]
  },
  "image_index": 49,
  "image_filename": "CLEVR_new_000049.png",
  "objects": [
    {
      "shape": "cylinder",
      "material": "rubber",
      "pixel_coords": [
        241,
        160,
        23.568723678588867
      ],
      "3d_coords": [
        5.710209846496582,
        3.2689216136932373,
        0.3499999940395355
      ],
      "group": 0,
      "color": "purple",
      "rotation": 226.05043440643794,
      "size": "small"
    },
    {
      "shape": "cone",
      "material": "metal",
      "pixel_coords": [
        262,
        154,
        23.698589324951172
      ],
      "3d_coords": [
        5.995876789093018,
        4.762535572052002,
        0.5
      ],
      "group": 0,
      "color": "purple",
      "rotation": 232.80151278673557,
      "size": "medium"
    },
    {
      "shape": "sphere",
      "material": "metal",
      "pixel_coords": [
        242,
        142,
        24.463361740112305
      ],
      "3d_coords": [
        4.526447772979736,
        4.164852619171143,
        0.3499999940395355
      ],
      "group": 0,
      "color": "purple",
      "rotation": 82.00594995322291,