{
  "split": "new",
  "directions": {
    "front": [
      0.754490315914154,
      -0.6563112735748291,
      -0.0
    ],
    "above": [
      0.0,
      0.0,
      1.0
    ],
    "below": [
      -0.0,
      -0.0,
      -1.0
    ],
    "behind": [
      -0.754490315914154,
      0.6563112735748291,
      0.0
    ],
    "left": [
      -0.6563112735748291,
      -0.7544902563095093,
      0.0
    ],
    "right": [
      0.6563112735748291,
      0.7544902563095093,
      -0.0
    ]
  },
  "relationships": {
    "front": [
      [],
      [
        0,
        2,
        3
      ],
      [
        0
      ],
      [
        0,
        2
      ],
      [
        0,
        1,
        2,
        3,
        6,
        7
      ],
      [
        0,
        1,
        2,
        3,
        4,
        6,
        7
      ],
      [
        0,
        1,
        2,
        3
      ],
      [
        0,
        1,
        2,
        3,
        6
      ]
    ],
    "behind": [
      [
        1,
        2,
        3,
        4,
        5,
        6,
        7
      ],
      [
        4,
        5,
        6,
        7
      ],
      [
        1,
        3,
        4,
        5,
        6,
        7
      ],
      [
        1,
        4,
        5,
        6,
        7
      ],
      [
        5
      ],
      [],
      [
        4,
        5,
        7
      ],
      [
        4,
        5
      ]
    ],
    "right": [
      [
        1,
        2,
        3,
        7
      ],
      [
        2,
        3
      ],
      [
        3
      ],
      [],
      [
        0,
        1,
        2,
        3,
        5,
        7
      ],
      [
        0,
        1,
        2,
        3,
        7
      ],
      [
        0,
        1,
        2,
        3,
        5,
        7
      ],
      [
        1,
        2,
        3
      ]
    ],
    "left": [
      [
        4,
        5,
        6
      ],
      [
        0,
        4,
        5,
        6,
        7
      ],
      [
        0,
        1,
        4,
        5,
        6,
        7
      ],
      [
        0,
        1,
        2,
        4,
        5,
        6,
        7
      ],
      [],
      [
        4,
        6
      ],
      [],
      [
        0,
        4,
        5,
        6
      ]
    ]
  },
  "image_index": 35,
  "image_filename": "CLEVR_new_000035.png",
  "objects": [
    {
      "shape": "cube",
      "material": "rubber",
      "pixel_coords": [
        118,
        162,
        23.509836196899414
      ],
      "3d_coords": [
        2.4609313011169434,
        -4.285849571228027,
        0.699999988079071
      ],
      "group": 0,
      "color": "yellow",
      "rotation": 118.79264766931551,
      "size": "large"
    },
    {
      "shape": "sphere",
      "material": "rubber",
      "pixel_coords": [
        232,
        131,
        25.012088775634766
      ],
      "3d_coords": [
        3.5562572479248047,
        4.001091003417969,
        0.699999988079071
      ],
      "group": 1,
      "color": "blue",
      "rotation": 312.4793685901757,
      "size": "large"
    },
    {
      "shape": "sphere",
      "material": "rubber",
      "pixel_coords": [
        278,
        158,
        24.09867286682129
      ],
      "3d_coords": [
        6.627107620239258,
        5.914467811584473,
        0.3499999940395355
      ],
      "group": 2,
      "color": "red",
      "rotation": 107.09551270171256,
      "size": "small"
    },
    {
      "shape": "cylinder",
      "material": "rubber",
      "pixel_coords": [
        308,
        159,
        23.859338760375977
      ],
      "3d_coords": [
        7.618299961090088,
        7.579065799713135,
        0.5
      ],
      "group": 2,
      "color": "blue",
      "rotation": 238.566187389939,
      "size": "medium"
    },
    {
      "shape": "sphere",
      "material": "rubber",
      "pixel_coords": [
        143,
        73,
        28.793243408203125
      ],
      "3d_coords": [
        -4.65261173248291,
        0.5942296385765076,
        0.5
      ],
      "group": 3,
      "color": "blue",
      "rotation": 175.60371528170657,
      "size": "medium"
    },
    {
      "shape": "cylinder",
      "material": "rubber",
      "pixel_coords": [
        156,
        63,
        29.464008331298828
      ],
      "3d_coords": [
        -5.223022937774658,
        2.0108389854431152,
        0.5
      ],
      "group": 3,
      "color": "red",
      "rotation": 117.18440790914602,
      "size": "medium"
    },
    {
      "shape": "cylinder",
      "material": "metal",
      "pixel_coords": [
        140,
        86,
        27.931135177612305
      ],
      "3d_coords": [
        -3.44303297996521,
        -0.1995604783296585,
        0.5
      ],
      "group": 3,
      "color": "purple",
      "rotation": 254.52608546986266,
      "size": "medium"
    },
    {
      "shape": "cylinder",
      "material": "rubber",
      "pixel_coords": [
        163,
        82,
        27.940711975097656
      ],
      "3d_coords": [
        -2.923344373703003,
        1.5881321430206299,
        0.699999988079071
      ],
      "group": 3,
      "color": "brown",
      "rotation": 96.71854697782216,
      "size": "large"
    }
  ]
}