{
  "split": "new",
  "directions": {
    "front": [
      0.754490315914154,
      -0.6563112735748291,
      -0.0
    ],
    "above": [
      0.0,
      0.0,
      1.0
    ],
    "below": [
      -0.0,
      -0.0,
      -1.0
    ],
    "behind": [
      -0.754490315914154,
      0.6563112735748291,
      0.0
    ],
    "left": [
      -0.6563112735748291,
      -0.7544902563095093,
      0.0
    ],
    "right": [
      0.6563112735748291,
      0.7544902563095093,
      -0.0
    ]
  },
  "relationships": {
    "front": [
      [
        1,
        2,
        3,
        10,
        11
      ],
      [
        10,
        11
      ],
      [
        1,
        10,
        11
      ],
      [
        1,
        10,
        11
      ],
      [
        0,
        1,
        2,
        3,
        10,
        11
      ],
      [
        0,
        1,
        2,
        3,
        4,
        6,
        7,
        8,
        9,
        10,
        11
      ],
      [
        0,
        1,
        2,
        3,
        4,
        7,
        10,
        11
      ],
      [
        0,
        1,
        2,
        3,
        4,
        10,
        11
      ],
      [
        0,
        1,
        2,
        3,
        4,
        7,
        10,
        11
      ],
      [
        0,
        1,
        2,
        3,
        4,
        6,
        7,
        8,
        10,
        11
      ],
      [
        11
      ],
      []
    ],
    "behind": [
      [
        4,
        5,
        6,
        7,
        8,
        9
      ],
      [
        0,
        2,
        3,
        4,
        5,
        6,
        7,
        8,
        9
      ],
      [
        0,
        4,
        5,
        6,
        7,
        8,
        9
      ],
      [
        0,
        4,
        5,
        6,
        7,
        8,
        9
      ],
      [
        5,
        6,
        7,
        8,
        9
      ],
      [],
      [
        5,
        9
      ],
      [
        5,
        6,
        8,
        9
      ],
      [
        5,
        9
      ],
      [
        5
      ],
      [
        0,
        1,
        2,
        3,
        4,
        5,
        6,
        7,
        8,
        9
      ],
      [
        0,
        1,
        2,
        3,
        4,
        5,
        6,
        7,
        8,
        9,
        10
      ]
    ],
    "right": [
      [
        2,
        5,
        6,
        7,
        8,
        9,
        10,
        11
      ],
      [
        2,
        5,
        6,
        7,
        8,
        9,
        10,
        11
      ],
      [
        5,
        6,
        7,
        8,
        9,
        10,
        11
      ],
      [
        0,
        1,
        2,
        4,
        5,
        6,
        7,
        8,
        9,
        10,
        11
      ],
      [
        1,
        2,
        5,
        6,
        7,
        8,
        9,
        10,
        11
      ],
      [
        6,
        7,
        8,
        9,
        10,
        11
      ],
      [
        7,
        8,
        9,
        10,
        11
      ],
      [
        9
      ],
      [
        7,
        9,
        10,
        11
      ],
      [],
      [
        7,
        9,
        11
      ],
      [
        7,
        9
      ]
    ],
    "left": [
      [
        3
      ],
      [
        3,
        4
      ],
      [
        0,
        1,
        3,
        4
      ],
      [],
      [
        3
      ],
      [
        0,
        1,
        2,
        3,
        4
      ],
      [
        0,
        1,
        2,
        3,
        4,
        5
      ],
      [
        0,
        1,
        2,
        3,
        4,
        5,
        6,
        8,
        10,
        11
      ],
      [
        0,
        1,
        2,
        3,
        4,
        5,
        6
      ],
      [
        0,
        1,
        2,
        3,
        4,
        5,
        6,
        7,
        8,
        10,
        11
      ],
      [
        0,
        1,
        2,
        3,
        4,
        5,
        6,
        8
      ],
      [
        0,
        1,
        2,
        3,
        4,
        5,
        6,
        8,
        10
      ]
    ]
  },
  "image_index": 13,
  "image_filename": "CLEVR_new_000013.png",
  "objects": [
    {
      "shape": "sphere",
      "material": "rubber",
      "pixel_coords": [
        131,
        116,
        26.34600257873535
      ],
      "3d_coords": [
        -1.0833840370178223,
        -1.9206554889678955,
        0.3499999940395355
      ],
      "group": 0,
      "color": "blue",
      "rotation": 92.79325546673748,
      "size": "small"
    },
    {
      "shape": "cone",
      "material": "metal",
      "pixel_coords": [
        127,
        132,
        25.47423553466797
      ],
      "3d_coords": [
        0.1328832358121872,
        -2.7420685291290283,
        0.3499999940395355
      ],
      "group": 0,
      "color": "green",
      "rotation": 185.9354924882178,
      "size": "small"
    },
    {
      "shape": "sphere",
      "material": "metal",
      "pixel_coords": [
        153,
        122,
        25.570852279663086
      ],
      "3d_coords": [
        0.41096997261047363,
        -0.7449787259101868,
        0.699999988079071
      ],
      "group": 0,
      "color": "purple",
      "rotation": 285.3320072520299,
      "size": "large"
    },
    {
      "shape": "cube",
      "material": "rubber",
      "pixel_coords": [
        113,
        117,
        26.268291473388672
      ],
      "3d_coords": [
        -1.5656167268753052,
        -3.200854778289795,
        0.3499999940395355
      ],
      "group": 0,
      "color": "gray",
      "rotation": 163.76891490584515,
      "size": "small"
    },
    {
      "shape": "cube",
      "material": "rubber",
      "pixel_coords": [
        133,
        104,
        27.040889739990234
      ],
      "3d_coords": [
        -2.077528476715088,
        -1.3162882328033447,
        0.3499999940395355
      ],
      "group": 0,
      "color": "cyan",
      "rotation": 131.12896858865503,
      "size": "small"
    },
    {
      "shape": "sphere",
      "material": "metal",
      "pixel_coords": [
        178,
        69,
        29.314077377319336
      ],
      "3d_coords": [
        -3.8893754482269287,
        3.603989362716675,
        0.3499999940395355
      ],
      "group": 1,
      "color": "green",
      "rotation": 145.99677249723408,
      "size": "small"
    },
    {
      "shape": "cube",
      "material": "metal",
      "pixel_coords": [
        193,
        81,
        28.00191879272461
      ],
      "3d_coords": [
        -1.8464467525482178,
        3.863664388656616,
        0.699999988079071
      ],
      "group": 1,
      "color": "gray",
      "rotation": 46.22673266558044,
      "size": "large"
    },
    {
      "shape": "cube",
      "material": "rubber",
      "pixel_coords": [
        267,
        99,
        27.129562377929688
      ],
      "3d_coords": [
        2.17862606048584,
        8.17264461517334,
        0.5
      ],
      "group": 2,
      "color": "yellow",
      "rotation": 358.9085903181898,
      "size": "medium"
    },
    {
      "shape": "cube",
      "material": "rubber",
      "pixel_coords": [
        249,
        93,
        27.490568161010742
      ],
      "3d_coords": [
        1.0681710243225098,
        7.272844314575195,
        0.5
      ],
      "group": 2,
      "color": "blue",
      "rotation": 196.97665785925602,
      "size": "medium"
    },
    {
      "shape": "sphere",
      "material": "rubber",
      "pixel_coords": [
        274,
        89,
        27.936580657958984
      ],
      "3d_coords": [
        1.4910269975662231,
        9.373473167419434,
        0.3499999940395355
      ],
      "group": 2,
      "color": "green",
      "rotation": 84.94252752484172,
      "size": "small"
    },
    {
      "shape": "cylinder",
      "material": "metal",