{
  "split": "new",
  "directions": {
    "front": [
      0.754490315914154,
      -0.6563112735748291,
      -0.0
    ],
    "above": [
      0.0,
      0.0,
      1.0
    ],
    "below": [
      -0.0,
      -0.0,
      -1.0
    ],
    "behind": [
      -0.754490315914154,
      0.6563112735748291,
      0.0
    ],
    "left": [
      -0.6563112735748291,
      -0.7544902563095093,
      0.0
    ],
    "right": [
      0.6563112735748291,
      0.7544902563095093,
      -0.0
    ]
  },
  "relationships": {
    "front": [
      [
        1,
        2,
        3
      ],
      [
        2,
        3
      ],
      [],
      [
        2
      ],
      [
        0,
        1,
        2,
        3,
        5
      ],
      [
        0,
        1,
        2,
        3
      ],
      [
        0,
        1,
        2,
        3,
        4,
        5,
        7
      ],
      [
        0,
        1,
        2,
        3,
        5
      ]
    ],
    "behind": [
      [
        4,
        5,
        6,
        7
      ],
      [
        0,
        4,
        5,
        6,
        7
      ],
      [
        0,
        1,
        3,
        4,
        5,
        6,
        7
      ],
      [
        0,
        1,
        4,
        5,
        6,
        7
      ],
      [
        6
      ],
      [
        4,
        6,
        7
      ],
      [],
      [
        6
      ]
    ],
    "right": [
      [
        1
      ],
      [],
      [
        0,
        1,
        4,
        5,
        6,
        7
      ],
      [
        0,
        1,
        2,
        4,
        5,
        6,
        7
      ],
      [
        0,
        1
      ],
      [
        0,
        1,
        4,
        6
      ],
      [
        0,
        1,
        4
      ],
      [
        0,
        1,
        4,
        5,
        6
      ]
    ],
    "left": [
      [
        2,
        3,
        4,
        5,
        6,
        7
      ],
      [
        0,
        2,
        3,
        4,
        5,
        6,
        7
      ],
      [
        3
      ],
      [],
      [
        2,
        3,
        5,
        6,
        7
      ],
      [
        2,
        3,
        7
      ],
      [
        2,
        3,
        5,
        7
      ],
      [
        2,
        3
      ]
    ]
  },
  "image_index": 15,
  "image_filename": "CLEVR_new_000015.png",
  "objects": [
    {
      "shape": "cone",
      "material": "rubber",
      "pixel_coords": [
        243,
        159,
        23.2966365814209
      ],
      "3d_coords": [
        5.956572532653809,
        3.2597742080688477,
        0.699999988079071
      ],
      "group": 0,
      "color": "blue",
      "rotation": 169.8181925176114,
      "size": "large"
    },
    {
      "shape": "cylinder",
      "material": "rubber",
      "pixel_coords": [
        270,
        180,
        22.708833694458008
      ],
      "3d_coords": [
        7.891108989715576,
        4.050022125244141,
        0.3499999940395355
      ],
      "group": 0,
      "color": "red",
      "rotation": 226.619384290559,
      "size": "small"
    },
    {
      "shape": "cone",
      "material": "metal",
      "pixel_coords": [
        130,
        185,
        22.120920181274414
      ],
      "3d_coords": [
        4.360771179199219,
        -4.251545429229736,
        0.699999988079071
      ],
      "group": 1,
      "color": "gray",
      "rotation": 247.48789260262905,
      "size": "large"
    },
    {
      "shape": "cylinder",
      "material": "rubber",
      "pixel_coords": [
        127,
        163,
        23.516876220703125
      ],
      "3d_coords": [
        2.5915400981903076,
        -3.7610971927642822,
        0.3499999940395355
      ],
      "group": 1,
      "color": "red",
      "rotation": 217.69930683785262,
      "size": "small"
    },
    {
      "shape": "cylinder",
      "material": "metal",
      "pixel_coords": [
        218,
        74,
        28.85017204284668
      ],
      "3d_coords": [
        -1.993772029876709,
        6.329146862030029,
        0.3499999940395355
      ],
      "group": 2,
      "color": "green",
      "rotation": 77.20496562139898,
      "size": "small"
    },
    {
      "shape": "cylinder",
      "material": "rubber",
      "pixel_coords": [
        195,
        76,
        28.714550018310547
      ],
      "3d_coords": [
        -2.6401751041412354,
        4.5249786376953125,
        0.3499999940395355
      ],
      "group": 2,
      "color": "yellow",
      "rotation": 214.005768314868,
      "size": "small"
    },
    {
      "shape": "cylinder",
      "material": "metal",
      "pixel_coords": [
        207,
        58,
        29.506303787231445
      ],
      "3d_coords": [
        -3.705242395401001,
        6.239762306213379,
        0.699999988079071
      ],
      "group": 2,
      "color": "gray",
      "rotation": 102.42672658311531,
      "size": "large"
    },
    {
      "shape": "cylinder",
      "material": "metal",
      "pixel_coords": [
        183,
        69,
        29.212854385375977
      ],
      "3d_coords": [
        -3.7851922512054443,
        4.014284133911133,
        0.3499999940395355
      ],
      "group": 2,
      "color": "cyan",
      "rotation": 29.3810899246024,
      "size": "small"
    }
  ]
}