{
  "split": "new",
  "directions": {
    "front": [
      0.754490315914154,
      -0.6563112735748291,
      -0.0
    ],
    "above": [
      0.0,
      0.0,
      1.0
    ],
    "below": [
      -0.0,
      -0.0,
      -1.0
    ],
    "behind": [
      -0.754490315914154,
      0.6563112735748291,
      0.0
    ],
    "left": [
      -0.6563112735748291,
      -0.7544902563095093,
      0.0
    ],
    "right": [
      0.6563112735748291,
      0.7544902563095093,
      -0.0
    ]
  },
  "relationships": {
    "front": [
      [
        4,
        5,
        6
      ],
      [
        0,
        2,
        3,
        4,
        5,
        6
      ],
      [
        0,
        4,
        5,
        6
      ],
      [
        0,
        4,
        5,
        6
      ],
      [],
      [],
      [
        4,
        5
      ],
      [
        0,
        1,
        2,
        3,
        4,
        5,
        6
      ]
    ],
    "behind": [
      [
        1,
        2,
        3,
        7
      ],
      [
        7
      ],
      [
        1,
        7
      ],
      [
        1,
        7
      ],
      [
        0,
        1,
        2,
        3,
        6,
        7
      ],
      [
        0,
        1,
        2,
        3,
        6,
        7
      ],
      [
        0,
        1,
        2,
        3,
        7
      ],
      []
    ],
    "right": [
      [
        3,
        4,
        5,
        6,
        7
      ],
      [
        0,
        3,
        4,
        5,
        6,
        7
      ],
      [
        0,
        1,
        3,
        4,
        5,
        6,
        7
      ],
      [
        4,
        5,
        6,
        7
      ],
      [
        5,
        6
      ],
      [],
      [
        5
      ],
      [
        4,
        5,
        6
      ]
    ],
    "left": [
      [
        1,
        2
      ],
      [
        2
      ],
      [],
      [
        0,
        1,
        2
      ],
      [
        0,
        1,
        2,
        3,
        7
      ],
      [
        0,
        1,
        2,
        3,
        4,
        6,
        7
      ],
      [
        0,
        1,
        2,
        3,
        4,
        7
      ],
      [
        0,
        1,
        2,
        3
      ]
    ]
  },
  "image_index": 52,
  "image_filename": "CLEVR_new_000052.png",
  "objects": [
    {
      "shape": "cone",
      "material": "rubber",
      "pixel_coords": [
        132,
        112,
        26.303003311157227
      ],
      "3d_coords": [
        -1.2524100542068481,
        -1.7267248630523682,
        0.5
      ],
      "group": 0,
      "color": "green",
      "rotation": 277.5367525548613,
      "size": "medium"
    },
    {
      "shape": "cylinder",
      "material": "metal",
      "pixel_coords": [
        132,
        87,
        27.63491439819336
      ],
      "3d_coords": [
        -3.475764036178589,
        -0.7124645113945007,
        0.699999988079071
      ],
      "group": 0,
      "color": "gray",
      "rotation": 81.58401224460327,
      "size": "large"
    },
    {
      "shape": "sphere",
      "material": "metal",
      "pixel_coords": [
        114,
        96,
        27.29372215270996
      ],
      "3d_coords": [
        -3.3676223754882812,
        -2.3145058155059814,
        0.5
      ],
      "group": 0,
      "color": "cyan",
      "rotation": 357.06555653089725,
      "size": "medium"
    },
    {
      "shape": "cone",
      "material": "rubber",
      "pixel_coords": [
        149,
        104,
        26.973691940307617
      ],
      "3d_coords": [
        -1.4840692281723022,
        -0.17938421666622162,
        0.3499999940395355
      ],
      "group": 0,
      "color": "yellow",
      "rotation": 100.07627902155753,
      "size": "small"
    },
    {
      "shape": "cone",
      "material": "rubber",
      "pixel_coords": [
        162,
        194,
        22.242204666137695
      ],
      "3d_coords": [
        5.702897548675537,
        -2.713336229324341,
        0.5
      ],
      "group": 1,
      "color": "yellow",
      "rotation": 206.4814723747322,
      "size": "medium"
    },
    {
      "shape": "sphere",
      "material": "rubber",
      "pixel_coords": [
        201,
        199,
        21.825244903564453
      ],
      "3d_coords": [
        7.155799388885498,
        -0.7756227254867554,
        0.699999988079071
      ],
      "group": 1,
      "color": "green",
      "rotation": 124.48516710648919,
      "size": "large"
    },
    {
      "shape": "cube",
      "material": "rubber",
      "pixel_coords": [
        182,
        184,
        22.679861068725586
      ],
      "3d_coords": [
        5.62565279006958,
        -1.275352120399475,
        0.5
      ],
      "group": 1,
      "color": "brown",
      "rotation": 298.93585204849086,
      "size": "medium"
    },
    {
      "shape": "cone",
      "material": "rubber",
      "pixel_coords": [
        186,
        46,
        30.878799438476562
      ],
      "3d_coords": [
        -5.961348533630371,
        5.581006050109863,
        0.5
      ],
      "group": 2,
      "color": "purple",
      "rotation": 285.4184154047807,
      "size": "medium"
    }
  ]
}