{
  "split": "new",
  "directions": {
    "front": [
      0.754490315914154,
      -0.6563112735748291,
      -0.0
    ],
    "above": [
      0.0,
      0.0,
      1.0
    ],
    "below": [
      -0.0,
      -0.0,
      -1.0
    ],
    "behind": [
      -0.754490315914154,
      0.6563112735748291,
      0.0
    ],
    "left": [
      -0.6563112735748291,
      -0.7544902563095093,
      0.0
    ],
    "right": [
      0.6563112735748291,
      0.7544902563095093,
      -0.0
    ]
  },
  "relationships": {
    "front": [
      [
        1,
        2
      ],
      [
        2
      ],
      [],
      [
        0,
        1,
        2
      ],
      [
        0,
        1,
        2,
        3,
        5,
        6,
        7,
        8,
        9,
        10,
        11
      ],
      [
        0,
        1,
        2,
        3,
        9,
        10,
        11
      ],
      [
        0,
        1,
        2,
        3,
        5,
        7,
        9,
        10,
        11
      ],
      [
        0,
        1,
        2,
        3,
        5,
        9,
        10,
        11
      ],
      [
        0,
        1,
        2,
        3,
        5,
        7,
        9,
        10,
        11
      ],
      [
        0,
        1,
        2
      ],
      [
        0,
        1,
        2,
        3,
        9
      ],
      [
        0,
        1,
        2,
        3,
        9
      ]
    ],
    "behind": [
      [
        3,
        4,
        5,
        6,
        7,
        8,
        9,
        10,
        11
      ],
      [
        0,
        3,
        4,
        5,
        6,
        7,
        8,
        9,
        10,
        11
      ],
      [
        0,
        1,
        3,
        4,
        5,
        6,
        7,
        8,
        9,
        10,
        11
      ],
      [
        4,
        5,
        6,
        7,
        8,
        10,
        11
      ],
      [],
      [
        4,
        6,
        7,
        8
      ],
      [
        4
      ],
      [
        4,
        6,
        8
      ],
      [
        4
      ],
      [
        4,
        5,
        6,
        7,
        8,
        10,
        11
      ],
      [
        4,
        5,
        6,
        7,
        8
      ],
      [
        4,
        5,
        6,
        7,
        8
      ]
    ],
    "right": [
      [
        1,
        3,
        4,
        5,
        6
      ],
      [
        4,
        5,
        6
      ],
      [
        1,
        3,
        4,
        5,
        6
      ],
      [
        1,
        4,
        5,
        6
      ],
      [],
      [],
      [
        4,
        5
      ],
      [
        0,
        1,
        2,
        3,
        4,
        5,
        6,
        8
      ],
      [
        1,
        3,
        4,
        5,
        6
      ],
      [
        0,
        1,
        2,
        3,
        4,
        5,
        6,
        7,
        8,
        11
      ],
      [
        0,
        1,
        2,
        3,
        4,
        5,
        6,
        7,
        8,
        9,
        11
      ],
      [
        0,
        1,
        2,
        3,
        4,
        5,
        6,
        7,
        8
      ]
    ],
    "left": [
      [
        7,
        9,
        10,
        11
      ],
      [
        0,
        2,
        3,
        7,
        8,
        9,
        10,
        11
      ],
      [
        7,
        9,
        10,
        11
      ],
      [
        0,
        2,
        7,
        8,
        9,
        10,
        11
      ],
      [
        0,
        1,
        2,
        3,
        6,
        7,
        8,
        9,
        10,
        11
      ],
      [
        0,
        1,
        2,
        3,
        6,
        7,
        8,
        9,
        10,
        11
      ],
      [
        0,
        1,
        2,
        3,
        7,
        8,
        9,
        10,
        11
      ],
      [
        9,
        10,
        11
      ],
      [
        7,
        9,
        10,
        11
      ],
      [
        10
      ],
      [],
      [
        9,
        10
      ]
    ]
  },
  "image_index": 51,
  "image_filename": "CLEVR_new_000051.png",
  "objects": [
    {
      "shape": "cone",
      "material": "metal",
      "pixel_coords": [
        160,
        171,
        23.734493255615234
      ],
      "3d_coords": [
        4.2181901931762695,
        -2.1880338191986084,
        0.5
      ],
      "group": 0,
      "color": "green",
      "rotation": 16.939233261497975,
      "size": "medium"
    },
    {
      "shape": "cone",
      "material": "metal",
      "pixel_coords": [
        190,
        187,
        22.783382415771484
      ],
      "3d_coords": [
        6.268798351287842,
        -1.0444679260253906,
        0.699999988079071
      ],
      "group": 0,
      "color": "purple",
      "rotation": 33.25794487690752,
      "size": "large"
    },
    {
      "shape": "cube",
      "material": "rubber",
      "pixel_coords": [
        155,
        188,
        23.105670928955078
      ],
      "3d_coords": [
        5.131811618804932,
        -3.069692611694336,
        0.3499999940395355
      ],
      "group": 0,
      "color": "gray",
      "rotation": 101.06473681352242,
      "size": "small"
    },
    {
      "shape": "cone",
      "material": "rubber",
      "pixel_coords": [
        183,
        161,
        23.976581573486328
      ],
      "3d_coords": [
        4.366624355316162,
        -0.48954546451568604,
        0.699999988079071
      ],
      "group": 0,
      "color": "red",
      "rotation": 194.9595550693289,
      "size": "large"
    },
    {
      "shape": "cone",
      "material": "rubber",
      "pixel_coords": [
        249,
        82,
        29.05195426940918
      ],
      "3d_coords": [
        0.10851002484560013,
        8.269905090332031,
        0.3499999940395355
      ],
      "group": 1,
      "color": "blue",
      "rotation": 281.43346245470445,
      "size": "small"
    },
    {
      "shape": "cylinder",
      "material": "metal",
      "pixel_coords": [
        245,
        103,
        27.20439338684082
      ],
      "3d_coords": [
        2.0060062408447266,
        6.370474815368652,
        0.699999988079071
      ],
      "group": 1,
      "color": "gray",
      "rotation": 320.4273057025708,
      "size": "large"
    },
    {
      "shape": "sphere",
      "material": "rubber",
      "pixel_coords": [
        227,
        83,
        28.493656158447266
      ],
      "3d_coords": [
        -0.35888585448265076,
        6.374409198760986,
        0.699999988079071
      ],
      "group": 1,
      "color": "cyan",
      "rotation": 155.72133006426233,
      "size": "large"
    },
    {
      "shape": "cube",
      "material": "metal",
      "pixel_coords": [
        158,
        80,
        28.696880340576172
      ],
      "3d_coords": [
        -3.2734854221343994,
        1.4842455387115479,
        0.699999988079071
      ],
      "group": 2,
      "color": "yellow",
      "rotation": 87.15161036629678,
      "size": "large"
    },
    {
      "shape": "cylinder",
      "material": "rubber",
      "pixel_coords": [
        185,
        76,
        28.996736526489258
      ],
      "3d_coords": [
        -2.6728713512420654,
        3.699129581451416,
        0.699999988079071
      ],
      "group": 2,
      "color": "gray",
      "rotation": 187.07004081045852,
      "size": "large"
    },
    {
      "shape": "cylinder",
      "material": "metal",
      "pixel_coords": [
        96,
        143,
        24.86788558959961
      ],
      "3d_coords": [
        0.26523393392562866,
        -5.2326178550720215,
        0.699999988079071
      ],
      "group": 3,
      "color": "gray",
      "rotation": 338.5780385823821,
      "size": "large"
    },
    {
      "shape": "cube",
      "material": "rubber",
      "pixel_coords": [
        87,
        125,
        26.099014282226562
      ],