{
  "split": "new",
  "directions": {
    "front": [
      0.754490315914154,
      -0.6563112735748291,
      -0.0
    ],
    "above": [
      0.0,
      0.0,
      1.0
    ],
    "below": [
      -0.0,
      -0.0,
      -1.0
    ],
    "behind": [
      -0.754490315914154,
      0.6563112735748291,
      0.0
    ],
    "left": [
      -0.6563112735748291,
      -0.7544902563095093,
      0.0
    ],
    "right": [
      0.6563112735748291,
      0.7544902563095093,
      -0.0
    ]
  },
  "relationships": {
    "front": [
      [
        1,
        2,
        3,
        5,
        11
      ],
      [
        11
      ],
      [
        1,
        11
      ],
      [
        1,
        11
      ],
      [
        0,
        1,
        2,
        3,
        5,
        11
      ],
      [
        1,
        2,
        3,
        11
      ],
      [
        0,
        1,
        2,
        3,
        4,
        5,
        11
      ],
      [
        0,
        1,
        2,
        3,
        4,
        5,
        6,
        11
      ],
      [
        0,
        1,
        2,
        3,
        4,
        5,
        6,
        7,
        11
      ],
      [
        0,
        1,
        2,
        3,
        4,
        5,
        6,
        7,
        11
      ],
      [
        0,
        1,
        2,
        3,
        4,
        5,
        6,
        7,
        8,
        9,
        11
      ],
      []
    ],
    "behind": [
      [
        4,
        6,
        7,
        8,
        9,
        10
      ],
      [
        0,
        2,
        3,
        4,
        5,
        6,
        7,
        8,
        9,
        10
      ],
      [
        0,
        4,
        5,
        6,
        7,
        8,
        9,
        10
      ],
      [
        0,
        4,
        5,
        6,
        7,
        8,
        9,
        10
      ],
      [
        6,
        7,
        8,
        9,
        10
      ],
      [
        0,
        4,
        6,
        7,
        8,
        9,
        10
      ],
      [
        7,
        8,
        9,
        10
      ],
      [
        8,
        9,
        10
      ],
      [
        10
      ],
      [
        10
      ],
      [],
      [
        0,
        1,
        2,
        3,
        4,
        5,
        6,
        7,
        8,
        9,
        10
      ]
    ],
    "right": [
      [
        1,
        2,
        3,
        4,
        5,
        6,
        7,
        8,
        9,
        10,
        11
      ],
      [
        2,
        6
      ],
      [
        6
      ],
      [
        1,
        2,
        4,
        5,
        6
      ],
      [
        2,
        5,
        6
      ],
      [
        2,
        6
      ],
      [],
      [
        1,
        2,
        3,
        4,
        5,
        6
      ],
      [
        1,
        2,
        3,
        4,
        5,
        6,
        7,
        9,
        10
      ],
      [
        1,
        2,
        3,
        4,
        5,
        6
      ],
      [
        1,
        2,
        3,
        4,
        5,
        6,
        7,
        9
      ],
      [
        1,
        2,
        3,
        4,
        5,
        6,
        7,
        8,
        9,
        10
      ]
    ],
    "left": [
      [],
      [
        0,
        3,
        7,
        8,
        9,
        10,
        11
      ],
      [
        0,
        1,
        3,
        4,
        5,
        7,
        8,
        9,
        10,
        11
      ],
      [
        0,
        7,
        8,
        9,
        10,
        11
      ],
      [
        0,
        3,
        7,
        8,
        9,
        10,
        11
      ],
      [
        0,
        3,
        4,
        7,
        8,
        9,
        10,
        11
      ],
      [
        0,
        1,
        2,
        3,
        4,
        5,
        7,
        8,
        9,
        10,
        11
      ],
      [
        0,
        8,
        10,
        11
      ],
      [
        0,
        11
      ],
      [
        0,
        8,
        10,
        11
      ],
      [
        0,
        8,
        11
      ],
      [
        0
      ]
    ]
  },
  "image_index": 6,
  "image_filename": "CLEVR_new_000006.png",
  "objects": [
    {
      "shape": "cylinder",
      "material": "rubber",
      "pixel_coords": [
        156,
        104,
        26.847904205322266
      ],
      "3d_coords": [
        -1.153600811958313,
        0.2852967381477356,
        0.5
      ],
      "group": 0,
      "color": "red",
      "rotation": 32.99863989161996,
      "size": "medium"
    },
    {
      "shape": "sphere",
      "material": "rubber",
      "pixel_coords": [
        229,
        216,
        21.270893096923828
      ],
      "3d_coords": [
        8.886838912963867,
        0.13410305976867676,
        0.5
      ],
      "group": 1,
      "color": "purple",
      "rotation": 153.6338919148488,
      "size": "medium"
    },
    {
      "shape": "cube",
      "material": "metal",
      "pixel_coords": [
        241,
        202,
        21.998212814331055
      ],
      "3d_coords": [
        8.430538177490234,
        1.4045594930648804,
        0.3499999940395355
      ],
      "group": 1,
      "color": "green",
      "rotation": 260.3320445989934,
      "size": "small"
    },
    {
      "shape": "cylinder",
      "material": "metal",
      "pixel_coords": [
        216,
        196,
        22.118818283081055
      ],
      "3d_coords": [
        7.392168045043945,
        0.21943263709545135,
        0.5
      ],
      "group": 1,
      "color": "gray",
      "rotation": 276.2420376831917,
      "size": "medium"
    },
    {
      "shape": "sphere",
      "material": "rubber",
      "pixel_coords": [
        241,
        108,
        26.807231903076172
      ],
      "3d_coords": [
        2.0367064476013184,
        5.963532447814941,
        0.3499999940395355
      ],
      "group": 2,
      "color": "gray",
      "rotation": 172.99182854003845,
      "size": "small"
    },
    {
      "shape": "sphere",
      "material": "rubber",
      "pixel_coords": [
        243,
        121,
        25.56572914123535
      ],
      "3d_coords": [
        3.3531086444854736,
        5.108216762542725,
        0.699999988079071
      ],
      "group": 2,
      "color": "red",
      "rotation": 113.67316519157374,
      "size": "large"
    },
    {
      "shape": "sphere",
      "material": "metal",
      "pixel_coords": [
        258,
        97,
        27.045324325561523
      ],
      "3d_coords": [
        1.8958491086959839,
        7.5083770751953125,
        0.699999988079071
      ],
      "group": 2,
      "color": "blue",
      "rotation": 133.3487333880513,
      "size": "large"
    },
    {
      "shape": "cube",
      "material": "metal",
      "pixel_coords": [
        227,
        64,
        29.61587142944336
      ],
      "3d_coords": [
        -2.4434380531311035,
        7.585075378417969,
        0.5
      ],
      "group": 3,
      "color": "yellow",
      "rotation": 38.59320717874263,
      "size": "medium"
    },
    {
      "shape": "cube",
      "material": "rubber",
      "pixel_coords": [
        215,
        53,
        30.75076675415039
      ],
      "3d_coords": [
        -4.273769855499268,
        7.614152431488037,
        0.3499999940395355
      ],
      "group": 3,
      "color": "gray",
      "rotation": 254.8564751062779,
      "size": "small"
    },
    {
      "shape": "cube",
      "material": "metal",
      "pixel_coords": [
        229,
        55,
        30.566516876220703
      ],
      "3d_coords": [
        -3.454972267150879,
        8.56196403503418,
        0.3499999940395355
      ],
      "group": 3,
      "color": "green",
      "rotation": 59.80502310760785,
      "size": "small"
    },
    {
      "shape": "sphere",
      "material": "metal",
      "pixel_coords": [
        222,
        43,
        31.286762237548828
      ],