{
  "split": "new",
  "directions": {
    "front": [
      0.754490315914154,
      -0.6563112735748291,
      -0.0
    ],
    "above": [
      0.0,
      0.0,
      1.0
    ],
    "below": [
      -0.0,
      -0.0,
      -1.0
    ],
    "behind": [
      -0.754490315914154,
      0.6563112735748291,
      0.0
    ],
    "left": [
      -0.6563112735748291,
      -0.7544902563095093,
      0.0
    ],
    "right": [
      0.6563112735748291,
      0.7544902563095093,
      -0.0
    ]
  },
  "relationships": {
    "front": [
      [
        1,
        2,
        3
      ],
      [],
      [
        1
      ],
      [
        1,
        2
      ],
      [
        0,
        1,
        2,
        3,
        7
      ],
      [
        0,
        1,
        2,
        3,
        4,
        7
      ],
      [
        0,
        1,
        2,
        3,
        4,
        5,
        7
      ],
      [
        0,
        1,
        2,
        3
      ]
    ],
    "behind": [
      [
        4,
        5,
        6,
        7
      ],
      [
        0,
        2,
        3,
        4,
        5,
        6,
        7
      ],
      [
        0,
        3,
        4,
        5,
        6,
        7
      ],
      [
        0,
        4,
        5,
        6,
        7
      ],
      [
        5,
        6
      ],
      [
        6
      ],
      [],
      [
        4,
        5,
        6
      ]
    ],
    "right": [
      [
        2,
        4,
        5
      ],
      [
        0,
        2,
        4,
        5
      ],
      [
        4,
        5
      ],
      [
        0,
        1,
        2,
        4,
        5
      ],
      [],
      [
        4
      ],
      [
        0,
        1,
        2,
        3,
        4,
        5
      ],
      [
        0,
        1,
        2,
        3,
        4,
        5,
        6
      ]
    ],
    "left": [
      [
        1,
        3,
        6,
        7
      ],
      [
        3,
        6,
        7
      ],
      [
        0,
        1,
        3,
        6,
        7
      ],
      [
        6,
        7
      ],
      [
        0,
        1,
        2,
        3,
        5,
        6,
        7
      ],
      [
        0,
        1,
        2,
        3,
        6,
        7
      ],
      [
        7
      ],
      []
    ]
  },
  "image_index": 18,
  "image_filename": "CLEVR_new_000018.png",
  "objects": [
    {
      "shape": "cylinder",
      "material": "metal",
      "pixel_coords": [
        166,
        137,
        24.50430679321289
      ],
      "3d_coords": [
        1.9169795513153076,
        -0.4330676198005676,
        0.5
      ],
      "group": 0,
      "color": "brown",
      "rotation": 138.3770651175538,
      "size": "medium"
    },
    {
      "shape": "cylinder",
      "material": "rubber",
      "pixel_coords": [
        154,
        158,
        23.67350959777832
      ],
      "3d_coords": [
        2.963489055633545,
        -1.8610289096832275,
        0.3499999940395355
      ],
      "group": 0,
      "color": "green",
      "rotation": 68.84499570851314,
      "size": "small"
    },
    {
      "shape": "cone",
      "material": "rubber",
      "pixel_coords": [
        185,
        154,
        23.85982322692871
      ],
      "3d_coords": [
        3.58819317817688,
        0.1277635544538498,
        0.3499999940395355
      ],
      "group": 0,
      "color": "purple",
      "rotation": 184.95645401177612,
      "size": "small"
    },
    {
      "shape": "cone",
      "material": "metal",
      "pixel_coords": [
        147,
        142,
        24.473384857177734
      ],
      "3d_coords": [
        1.556431770324707,
        -1.7415602207183838,
        0.3499999940395355
      ],
      "group": 0,
      "color": "purple",
      "rotation": 23.59281279396733,
      "size": "small"
    },
    {
      "shape": "cone",
      "material": "rubber",
      "pixel_coords": [
        255,
        114,
        25.940542221069336
      ],
      "3d_coords": [
        2.8524539470672607,
        6.459621429443359,
        0.3499999940395355
      ],
      "group": 1,
      "color": "blue",
      "rotation": 14.350695968696199,
      "size": "small"
    },
    {
      "shape": "cone",
      "material": "metal",
      "pixel_coords": [
        236,
        104,
        26.355783462524414
      ],
      "3d_coords": [
        1.4792630672454834,
        5.6478800773620605,
        0.5
      ],
      "group": 1,
      "color": "blue",
      "rotation": 83.15926881011788,
      "size": "medium"
    },
    {
      "shape": "cylinder",
      "material": "rubber",
      "pixel_coords": [
        163,
        79,
        27.66971778869629
      ],
      "3d_coords": [
        -3.1007750034332275,
        1.7725763320922852,
        0.699999988079071
      ],
      "group": 2,
      "color": "yellow",
      "rotation": 285.09282498099003,
      "size": "large"
    },
    {
      "shape": "sphere",
      "material": "rubber",
      "pixel_coords": [
        100,
        116,
        25.670856475830078
      ],
      "3d_coords": [
        -1.9261996746063232,
        -3.9464869499206543,
        0.5
      ],
      "group": 3,
      "color": "green",
      "rotation": 314.95260574910634,
      "size": "medium"
    }
  ]
}