{
  "split": "new",
  "directions": {
    "front": [
      0.754490315914154,
      -0.6563112735748291,
      -0.0
    ],
    "above": [
      0.0,
      0.0,
      1.0
    ],
    "below": [
      -0.0,
      -0.0,
      -1.0
    ],
    "behind": [
      -0.754490315914154,
      0.6563112735748291,
      0.0
    ],
    "left": [
      -0.6563112735748291,
      -0.7544902563095093,
      0.0
    ],
    "right": [
      0.6563112735748291,
      0.7544902563095093,
      -0.0
    ]
  },
  "relationships": {
    "front": [
      [
        3,
        8,
        9,
        10,
        11
      ],
      [
        0,
        3,
        8,
        9,
        10,
        11
      ],
      [
        0,
        1,
        3,
        8,
        9,
        10,
        11
      ],
      [
        8,
        9,
        10,
        11
      ],
      [
        0,
        1,
        2,
        3,
        8,
        9,
        10,
        11
      ],
      [
        0,
        1,
        2,
        3,
        4,
        8,
        9,
        10,
        11
      ],
      [
        0,
        1,
        2,
        3,
        4,
        5,
        8,
        9,
        10,
        11
      ],
      [
        0,
        1,
        2,
        3,
        4,
        5,
        6,
        8,
        9,
        10,
        11
      ],
      [
        10,
        11
      ],
      [
        8,
        10,
        11
      ],
      [
        11
      ],
      [],
      [
        0,
        1,
        2,
        3,
        4,
        5,
        6,
        7,
        8,
        9,
        10,
        11,
        13,
        14
      ],
      [
        0,
        1,
        2,
        3,
        4,
        5,
        6,
        7,
        8,
        9,
        10,
        11,
        14
      ],
      [
        0,
        1,
        2,
        3,
        4,
        5,
        6,
        7,
        8,
        9,
        10,
        11
      ]
    ],
    "behind": [
      [
        1,
        2,
        4,
        5,
        6,
        7,
        12,
        13,
        14
      ],
      [
        2,
        4,
        5,
        6,
        7,
        12,
        13,
        14
      ],
      [
        4,
        5,
        6,
        7,
        12,
        13,
        14
      ],
      [
        0,
        1,
        2,
        4,
        5,
        6,
        7,
        12,
        13,
        14
      ],
      [
        5,
        6,
        7,
        12,
        13,
        14
      ],
      [
        6,
        7,
        12,
        13,
        14
      ],
      [
        7,
        12,
        13,
        14
      ],
      [
        12,
        13,
        14
      ],
      [
        0,
        1,
        2,
        3,
        4,
        5,
        6,
        7,
        9,
        12,
        13,
        14
      ],
      [
        0,
        1,
        2,
        3,
        4,
        5,
        6,
        7,
        12,
        13,
        14
      ],
      [
        0,
        1,
        2,
        3,
        4,
        5,
        6,
        7,
        8,
        9,
        12,
        13,
        14
      ],
      [
        0,
        1,
        2,
        3,
        4,
        5,
        6,
        7,
        8,
        9,
        10,
        12,
        13,
        14
      ],
      [],
      [
        12
      ],
      [
        12,
        13
      ]
    ],
    "right": [
      [],
      [
        0,
        2,
        3
      ],
      [
        0,
        3
      ],
      [
        0
      ],
      [
        0,
        1,
        2,
        3,
        5
      ],
      [
        0,
        1,
        2,
        3
      ],
      [
        0,
        1,
        2,
        3,
        4,
        5,
        7
      ],
      [
        0,
        1,
        2,
        3,
        5
      ],
      [
        0,
        1,
        2,
        3,
        4,
        5,
        6,
        7,
        9,
        10,
        11,
        12,
        13,
        14
      ],
      [
        0,
        1,
        2,
        3,
        4,
        5,
        6,
        7,
        10,
        12,
        13,
        14
      ],
      [
        0,
        1,
        2,
        3,
        4,
        5,
        6,
        7,
        12,
        13,
        14
      ],
      [
        0,
        1,
        2,
        3,
        4,
        5,
        6,
        7,
        10,
        12,
        13,
        14
      ],
      [
        0,
        1,
        2,
        3,
        4,
        5,
        6,
        7
      ],
      [
        0,
        1,
        2,
        3,
        4,
        5,
        6,
        7,
        12,
        14
      ],
      [
        0,
        1,
        2,
        3,
        4,
        5,
        6,
        7
      ]
    ],
    "left": [
      [
        1,
        2,
        3,
        4,
        5,
        6,
        7,
        8,
        9,
        10,
        11,
        12,
        13,
        14
      ],
      [
        4,
        5,
        6,
        7,
        8,
        9,
        10,
        11,
        12,
        13,
        14
      ],
      [
        1,
        4,
        5,
        6,
        7,
        8,
        9,
        10,
        11,
        12,
        13,
        14
      ],
      [
        1,
        2,
        4,
        5,
        6,
        7,
        8,
        9,
        10,
        11,
        12,
        13,
        14
      ],
      [
        6,
        8,
        9,
        10,
        11,
        12,
        13,
        14
      ],
      [
        4,
        6,
        7,
        8,
        9,
        10,
        11,
        12,
        13,
        14
      ],
      [
        8,
        9,
        10,
        11,
        12,
        13,
        14
      ],
      [
        6,
        8,
        9,
        10,
        11,
        12,
        13,
        14
      ],
      [],
      [
        8
      ],
      [
        8,
        9,
        11
      ],
      [
        8
      ],
      [
        8,
        9,
        10,
        11,
        13
      ],
      [
        8,
        9,
        10,
        11
      ],
      [
        8,
        9,
        10,
        11,
        13
      ]
    ]
  },
  "image_index": 40,
  "image_filename": "CLEVR_new_000040.png",
  "objects": [
    {
      "shape": "cone",
      "material": "metal",
      "pixel_coords": [
        320,
        189,
        21.83115577697754
      ],
      "3d_coords": [
        10.041219711303711,
        5.857053279876709,
        0.699999988079071
      ],
      "group": 0,
      "color": "green",
      "rotation": 292.5451890523156,
      "size": "large"
    },
    {
      "shape": "sphere",
      "material": "metal",
      "pixel_coords": [
        278,
        172,
        22.7852840423584
      ],
      "3d_coords": [
        7.829593658447266,
        4.507692813873291,
        0.5
      ],
      "group": 0,
      "color": "cyan",
      "rotation": 335.04418736713944,
      "size": "medium"
    },
    {
      "shape": "cube",
      "material": "rubber",
      "pixel_coords": [
        286,
        161,
        23.513351440429688
      ],
      "3d_coords": [
        7.3272600173950195,
        5.658536434173584,
        0.3499999940395355
      ],
      "group": 0,
      "color": "purple",
      "rotation": 140.67267585516538,
      "size": "small"
    },
    {
      "shape": "cube",
      "material": "metal",
      "pixel_coords": [
        291,
        195,
        21.79612922668457
      ],
      "3d_coords": [
        9.47107219696045,
        4.156452655792236,
        0.5
      ],
      "group": 0,
      "color": "green",
      "rotation": 304.4630783707054,
      "size": "medium"
    },
    {
      "shape": "cylinder",
      "material": "rubber",
      "pixel_coords": [
        253,
        122,
        25.0836238861084
      ],
      "3d_coords": [
        3.8145554065704346,
        5.491304874420166,
        0.699999988079071
      ],
      "group": 1,