{
  "split": "new",
  "directions": {
    "front": [
      0.754490315914154,
      -0.6563112735748291,
      -0.0
    ],
    "above": [
      0.0,
      0.0,
      1.0
    ],
    "below": [
      -0.0,
      -0.0,
      -1.0
    ],
    "behind": [
      -0.754490315914154,
      0.6563112735748291,
      0.0
    ],
    "left": [
      -0.6563112735748291,
      -0.7544902563095093,
      0.0
    ],
    "right": [
      0.6563112735748291,
      0.7544902563095093,
      -0.0
    ]
  },
  "relationships": {
    "front": [
      [],
      [
        0,
        3
      ],
      [
        0,
        3
      ],
      [
        0
      ],
      [
        0,
        1,
        2,
        3,
        5,
        6,
        7,
        8,
        10,
        11,
        12,
        13
      ],
      [
        0,
        1,
        2,
        3,
        6,
        7,
        10,
        11,
        12,
        13
      ],
      [
        0,
        1,
        2,
        3,
        7,
        10,
        11,
        12,
        13
      ],
      [
        0,
        1,
        2,
        3,
        10,
        11,
        12,
        13
      ],
      [
        0,
        1,
        2,
        3,
        5,
        6,
        7,
        10,
        11,
        12,
        13
      ],
      [
        0,
        1,
        2,
        3,
        4,
        5,
        6,
        7,
        8,
        10,
        11,
        12,
        13
      ],
      [
        0,
        1,
        2,
        3
      ],
      [
        0,
        1,
        2,
        3,
        10
      ],
      [
        0,
        1,
        2,
        3,
        10,
        11
      ],
      [
        0,
        1,
        2,
        3,
        10,
        11,
        12
      ]
    ],
    "behind": [
      [
        1,
        2,
        3,
        4,
        5,
        6,
        7,
        8,
        9,
        10,
        11,
        12,
        13
      ],
      [
        4,
        5,
        6,
        7,
        8,
        9,
        10,
        11,
        12,
        13
      ],
      [
        4,
        5,
        6,
        7,
        8,
        9,
        10,
        11,
        12,
        13
      ],
      [
        1,
        2,
        4,
        5,
        6,
        7,
        8,
        9,
        10,
        11,
        12,
        13
      ],
      [
        9
      ],
      [
        4,
        8,
        9
      ],
      [
        4,
        5,
        8,
        9
      ],
      [
        4,
        5,
        6,
        8,
        9
      ],
      [
        4,
        9
      ],
      [],
      [
        4,
        5,
        6,
        7,
        8,
        9,
        11,
        12,
        13
      ],
      [
        4,
        5,
        6,
        7,
        8,
        9,
        12,
        13
      ],
      [
        4,
        5,
        6,
        7,
        8,
        9,
        13
      ],
      [
        4,
        5,
        6,
        7,
        8,
        9
      ]
    ],
    "right": [
      [
        1,
        4,
        5,
        6,
        7,
        10,
        11,
        12
      ],
      [
        4,
        5,
        6,
        7,
        10,
        11,
        12
      ],
      [
        0,
        1,
        4,
        5,
        6,
        7,
        10,
        11,
        12
      ],
      [
        0,
        1,
        4,
        5,
        6,
        7,
        10,
        11,
        12
      ],
      [
        6,
        10
      ],
      [
        4,
        6,
        7,
        10,
        11,
        12
      ],
      [
        10
      ],
      [
        4,
        6,
        10,
        12
      ],
      [
        0,
        1,
        2,
        3,
        4,
        5,
        6,
        7,
        9,
        10,
        11,
        12,
        13
      ],
      [
        0,
        1,
        2,
        3,
        4,
        5,
        6,
        7,
        10,
        11,
        12
      ],
      [],
      [
        4,
        6,
        10,
        12
      ],
      [
        6,
        10
      ],
      [
        0,
        1,
        2,
        3,
        4,
        5,
        6,
        7,
        10,
        11,
        12
      ]
    ],
    "left": [
      [
        2,
        3,
        8,
        9,
        13
      ],
      [
        0,
        2,
        3,
        8,
        9,
        13
      ],
      [
        8,
        9,
        13
      ],
      [
        8,
        9,
        13
      ],
      [
        0,
        1,
        2,
        3,
        5,
        7,
        8,
        9,
        11,
        13
      ],
      [
        0,
        1,
        2,
        3,
        8,
        9,
        13
      ],
      [
        0,
        1,
        2,
        3,
        4,
        5,
        7,
        8,
        9,
        11,
        12,
        13
      ],
      [
        0,
        1,
        2,
        3,
        5,
        8,
        9,
        13
      ],
      [],
      [
        8
      ],
      [
        0,
        1,
        2,
        3,
        4,
        5,
        6,
        7,
        8,
        9,
        11,
        12,
        13
      ],
      [
        0,
        1,
        2,
        3,
        5,
        8,
        9,
        13
      ],
      [
        0,
        1,
        2,
        3,
        5,
        7,
        8,
        9,
        11,
        13
      ],
      [
        8
      ]
    ]
  },
  "image_index": 0,
  "image_filename": "CLEVR_new_000000.png",
  "objects": [
    {
      "shape": "cube",
      "material": "rubber",
      "pixel_coords": [
        145,
        259,
        19.546546936035156
      ],
      "3d_coords": [
        8.761713981628418,
        -5.458957672119141,
        0.699999988079071
      ],
      "group": 0,
      "color": "purple",
      "rotation": 336.298946469183,
      "size": "large"
    },
    {
      "shape": "cone",
      "material": "metal",
      "pixel_coords": [
        167,
        222,
        20.83890151977539
      ],
      "3d_coords": [
        7.436402320861816,
        -3.3571739196777344,
        0.699999988079071
      ],
      "group": 0,
      "color": "blue",
      "rotation": 181.1013984214676,
      "size": "large"
    },
    {
      "shape": "cube",
      "material": "metal",
      "pixel_coords": [
        138,
        215,
        21.480541229248047
      ],
      "3d_coords": [
        6.087550640106201,
        -4.668270587921143,
        0.3499999940395355
      ],
      "group": 0,
      "color": "cyan",
      "rotation": 279.3790854533237,
      "size": "small"
    },
    {
      "shape": "cone",
      "material": "metal",
      "pixel_coords": [
        130,
        234,
        20.590030670166016
      ],
      "3d_coords": [
        7.031589508056641,
        -5.623592853546143,
        0.5
      ],
      "group": 0,
      "color": "green",
      "rotation": 8.379533115606597,
      "size": "medium"
    },
    {
      "shape": "cone",
      "material": "metal",
      "pixel_coords": [
        262,
        100,
        26.609512329101562
      ],
      "3d_coords": [
        2.295677661895752,
        7.539787769317627,
        0.699999988079071
      ],
      "group": 1,
      "color": "cyan",
      "rotation": 309.6123107667866,
      "size": "large"
    },
    {
      "shape": "cylinder",
      "material": "rubber",
      "pixel_coords": [
        237,
        111,
        26.21636390686035
      ],
      "3d_coords": [
        2.184100866317749,
        5.321432590484619,
        0.5
      ],
      "group": 1,
      "color": "red",
      "rotation": 275.27326929156936,
      "size": "medium"
    },
    {
      "shape": "cube",
      "material": "metal",
      "pixel_coords": [
        277,
        123,
        25.540729522705078
      ],
      "3d_coords": [
        4.474881649017334,
        7.332115173339844,
        0.5
      ],
      "group": 1,
      "color": "gray",