{
  "split": "new",
  "directions": {
    "front": [
      0.754490315914154,
      -0.6563112735748291,
      -0.0
    ],
    "above": [
      0.0,
      0.0,
      1.0
    ],
    "below": [
      -0.0,
      -0.0,
      -1.0
    ],
    "behind": [
      -0.754490315914154,
      0.6563112735748291,
      0.0
    ],
    "left": [
      -0.6563112735748291,
      -0.7544902563095093,
      0.0
    ],
    "right": [
      0.6563112735748291,
      0.7544902563095093,
      -0.0
    ]
  },
  "relationships": {
    "front": [
      [
        2,
        3
      ],
      [
        2,
        3
      ],
      [],
      [
        2
      ],
      [
        0,
        1,
        2,
        3,
        6,
        7
      ],
      [
        0,
        1,
        2,
        3,
        6,
        7
      ],
      [
        0,
        1,
        2,
        3,
        7
      ],
      [
        0,
        1,
        2,
        3
      ]
    ],
    "behind": [
      [
        4,
        5,
        6,
        7
      ],
      [
        4,
        5,
        6,
        7
      ],
      [
        0,
        1,
        3,
        4,
        5,
        6,
        7
      ],
      [
        0,
        1,
        4,
        5,
        6,
        7
      ],
      [],
      [],
      [
        4,
        5
      ],
      [
        4,
        5,
        6
      ]
    ],
    "right": [
      [
        1,
        2,
        3,
        4,
        5,
        6,
        7
      ],
      [
        2,
        3,
        4,
        5,
        6,
        7
      ],
      [
        6,
        7
      ],
      [
        2,
        6,
        7
      ],
      [
        2,
        3,
        6,
        7
      ],
      [
        2,
        3,
        4,
        6,
        7
      ],
      [
        7
      ],
      []
    ],
    "left": [
      [],
      [
        0
      ],
      [
        0,
        1,
        3,
        4,
        5
      ],
      [
        0,
        1,
        4,
        5
      ],
      [
        0,
        1,
        5
      ],
      [
        0,
        1
      ],
      [
        0,
        1,
        2,
        3,
        4,
        5
      ],
      [
        0,
        1,
        2,
        3,
        4,
        5,
        6
      ]
    ]
  },
  "image_index": 44,
  "image_filename": "CLEVR_new_000044.png",
  "objects": [
    {
      "shape": "sphere",
      "material": "rubber",
      "pixel_coords": [
        89,
        96,
        26.689620971679688
      ],
      "3d_coords": [
        -3.834219455718994,
        -4.1559367179870605,
        0.699999988079071
      ],
      "group": 0,
      "color": "cyan",
      "rotation": 138.62006207756366,
      "size": "large"
    },
    {
      "shape": "sphere",
      "material": "metal",
      "pixel_coords": [
        110,
        104,
        26.674650192260742
      ],
      "3d_coords": [
        -2.7452783584594727,
        -2.9309654235839844,
        0.3499999940395355
      ],
      "group": 0,
      "color": "gray",
      "rotation": 244.85437545216328,
      "size": "small"
    },
    {
      "shape": "cylinder",
      "material": "metal",
      "pixel_coords": [
        180,
        225,
        20.843902587890625
      ],
      "3d_coords": [
        7.960630893707275,
        -2.3608710765838623,
        0.3499999940395355
      ],
      "group": 1,
      "color": "gray",
      "rotation": 126.77960868855195,
      "size": "small"
    },
    {
      "shape": "cylinder",
      "material": "rubber",
      "pixel_coords": [
        166,
        210,
        21.41440773010254
      ],
      "3d_coords": [
        6.77385139465332,
        -2.7169039249420166,
        0.3499999940395355
      ],
      "group": 1,
      "color": "yellow",
      "rotation": 334.2320764170356,
      "size": "small"
    },
    {
      "shape": "cone",
      "material": "rubber",
      "pixel_coords": [
        179,
        66,
        28.76597785949707
      ],
      "3d_coords": [
        -3.984454870223999,
        3.536484718322754,
        0.699999988079071
      ],
      "group": 2,
      "color": "green",
      "rotation": 235.15915033245597,
      "size": "large"
    },
    {
      "shape": "cylinder",
      "material": "rubber",
      "pixel_coords": [
        152,
        62,
        29.554340362548828
      ],
      "3d_coords": [
        -5.664116859436035,
        1.8940123319625854,
        0.3499999940395355
      ],
      "group": 2,
      "color": "green",
      "rotation": 44.86492158879523,
      "size": "small"
    },
    {
      "shape": "cone",
      "material": "metal",
      "pixel_coords": [
        280,
        99,
        26.555681228637695
      ],
      "3d_coords": [
        2.4746041297912598,
        8.928351402282715,
        0.699999988079071
      ],
      "group": 3,
      "color": "green",
      "rotation": 125.84591218780523,
      "size": "large"
    },
    {
      "shape": "cone",
      "material": "rubber",
      "pixel_coords": [
        295,
        116,
        25.535537719726562
      ],
      "3d_coords": [
        4.281344890594482,
        8.885030746459961,
        0.699999988079071
      ],
      "group": 3,
      "color": "cyan",
      "rotation": 177.87302436685619,
      "size": "large"
    }
  ]
}