{
  "split": "new",
  "directions": {
    "front": [
      0.754490315914154,
      -0.6563112735748291,
      -0.0
    ],
    "above": [
      0.0,
      0.0,
      1.0
    ],
    "below": [
      -0.0,
      -0.0,
      -1.0
    ],
    "behind": [
      -0.754490315914154,
      0.6563112735748291,
      0.0
    ],
    "left": [
      -0.6563112735748291,
      -0.7544902563095093,
      0.0
    ],
    "right": [
      0.6563112735748291,
      0.7544902563095093,
      -0.0
    ]
  },
  "relationships": {
    "front": [
      [
        1,
        2,
        3,
        4
      ],
      [
        3
      ],
      [
        1,
        3
      ],
      [],
      [
        1,
        2,
        3
      ],
      [
        0,
        1,
        2,
        3,
        4,
        8
      ],
      [
        0,
        1,
        2,
        3,
        4,
        5,
        8
      ],
      [
        0,
        1,
        2,
        3,
        4,
        5,
        6,
        8
      ],
      [
        0,
        1,
        2,
        3,
        4
      ]
    ],
    "behind": [
      [
        5,
        6,
        7,
        8
      ],
      [
        0,
        2,
        4,
        5,
        6,
        7,
        8
      ],
      [
        0,
        4,
        5,
        6,
        7,
        8
      ],
      [
        0,
        1,
        2,
        4,
        5,
        6,
        7,
        8
      ],
      [
        0,
        5,
        6,
        7,
        8
      ],
      [
        6,
        7
      ],
      [
        7
      ],
      [],
      [
        5,
        6,
        7
      ]
    ],
    "right": [
      [
        1,
        2,
        3,
        4,
        5,
        6,
        7,
        8
      ],
      [
        4,
        8
      ],
      [
        1,
        3,
        4,
        8
      ],
      [
        1,
        4,
        8
      ],
      [],
      [
        1,
        2,
        3,
        4,
        6,
        7,
        8
      ],
      [
        1,
        2,
        3,
        4,
        7,
        8
      ],
      [
        1,
        3,
        4,
        8
      ],
      [
        4
      ]
    ],
    "left": [
      [],
      [
        0,
        2,
        3,
        5,
        6,
        7
      ],
      [
        0,
        5,
        6
      ],
      [
        0,
        2,
        5,
        6,
        7
      ],
      [
        0,
        1,
        2,
        3,
        5,
        6,
        7,
        8
      ],
      [
        0
      ],
      [
        0,
        5
      ],
      [
        0,
        5,
        6
      ],
      [
        0,
        1,
        2,
        3,
        5,
        6,
        7
      ]
    ]
  },
  "image_index": 41,
  "image_filename": "CLEVR_new_000041.png",
  "objects": [
    {
      "shape": "cone",
      "material": "rubber",
      "pixel_coords": [
        104,
        124,
        25.43267822265625
      ],
      "3d_coords": [
        -1.1009151935577393,
        -4.033401966094971,
        0.5
      ],
      "group": 0,
      "color": "cyan",
      "rotation": 302.81292554846704,
      "size": "medium"
    },
    {
      "shape": "cone",
      "material": "metal",
      "pixel_coords": [
        211,
        180,
        22.336713790893555
      ],
      "3d_coords": [
        6.356461048126221,
        0.4234376549720764,
        0.699999988079071
      ],
      "group": 1,
      "color": "brown",
      "rotation": 88.30702697606944,
      "size": "large"
    },
    {
      "shape": "sphere",
      "material": "rubber",
      "pixel_coords": [
        172,
        171,
        23.163883209228516
      ],
      "3d_coords": [
        4.468563556671143,
        -1.372472882270813,
        0.3499999940395355
      ],
      "group": 1,
      "color": "yellow",
      "rotation": 96.66663861119967,
      "size": "small"
    },
    {
      "shape": "cylinder",
      "material": "metal",
      "pixel_coords": [
        182,
        198,
        21.754440307617188
      ],
      "3d_coords": [
        6.569835186004639,
        -1.7575650215148926,
        0.5
      ],
      "group": 1,
      "color": "cyan",
      "rotation": 211.82212413850576,
      "size": "medium"
    },
    {
      "shape": "cone",
      "material": "rubber",
      "pixel_coords": [
        285,
        169,
        23.052152633666992
      ],
      "3d_coords": [
        7.810505390167236,
        5.2978081703186035,
        0.5
      ],
      "group": 2,
      "color": "cyan",
      "rotation": 186.5155266381722,
      "size": "medium"
    },
    {
      "shape": "cylinder",
      "material": "rubber",
      "pixel_coords": [
        177,
        72,
        28.895273208618164
      ],
      "3d_coords": [
        -3.5296177864074707,
        3.3655846118927,
        0.5
      ],
      "group": 3,
      "color": "cyan",
      "rotation": 257.9304254756446,
      "size": "medium"
    },
    {
      "shape": "sphere",
      "material": "rubber",
      "pixel_coords": [
        185,
        63,
        29.837926864624023
      ],
      "3d_coords": [
        -4.374566078186035,
        4.602667808532715,
        0.3499999940395355
      ],
      "group": 3,
      "color": "red",
      "rotation": 145.71491140979393,
      "size": "small"
    },
    {
      "shape": "cone",
      "material": "rubber",
      "pixel_coords": [
        203,
        58,
        29.681903839111328
      ],
      "3d_coords": [
        -3.8734328746795654,
        6.008951187133789,
        0.699999988079071
      ],
      "group": 3,
      "color": "purple",
      "rotation": 59.13091938240885,
      "size": "large"
    },
    {
      "shape": "cone",
      "material": "metal",
      "pixel_coords": [
        284,
        97,
        26.870136260986328
      ],
      "3d_coords": [
        2.7634456157684326,
        9.28789234161377,
        0.699999988079071
      ],
      "group": 4,
      "color": "purple",
      "rotation": 268.2939106459847,
      "size": "large"
    }
  ]
}