{
  "split": "new",
  "directions": {
    "front": [
      0.754490315914154,
      -0.6563112735748291,
      -0.0
    ],
    "above": [
      0.0,
      0.0,
      1.0
    ],
    "below": [
      -0.0,
      -0.0,
      -1.0
    ],
    "behind": [
      -0.754490315914154,
      0.6563112735748291,
      0.0
    ],
    "left": [
      -0.6563112735748291,
      -0.7544902563095093,
      0.0
    ],
    "right": [
      0.6563112735748291,
      0.7544902563095093,
      -0.0
    ]
  },
  "relationships": {
    "front": [
      [
        1,
        2,
        3,
        4,
        5,
        6,
        7
      ],
      [
        2,
        3,
        4,
        5,
        6,
        7
      ],
      [],
      [
        2,
        4,
        6,
        7
      ],
      [
        2
      ],
      [
        2,
        3,
        4,
        6,
        7
      ],
      [
        2,
        4
      ],
      [
        2,
        4,
        6
      ],
      [
        0,
        1,
        2,
        3,
        4,
        5,
        6,
        7
      ]
    ],
    "behind": [
      [
        8
      ],
      [
        0,
        8
      ],
      [
        0,
        1,
        3,
        4,
        5,
        6,
        7,
        8
      ],
      [
        0,
        1,
        5,
        8
      ],
      [
        0,
        1,
        3,
        5,
        6,
        7,
        8
      ],
      [
        0,
        1,
        8
      ],
      [
        0,
        1,
        3,
        5,
        7,
        8
      ],
      [
        0,
        1,
        3,
        5,
        8
      ],
      []
    ],
    "right": [
      [
        2,
        3,
        4,
        8
      ],
      [
        0,
        2,
        3,
        4,
        8
      ],
      [
        3,
        4,
        8
      ],
      [],
      [],
      [
        0,
        1,
        2,
        3,
        4,
        6,
        7,
        8
      ],
      [
        0,
        1,
        2,
        3,
        4,
        7,
        8
      ],
      [
        0,
        1,
        2,
        3,
        4,
        8
      ],
      [
        3,
        4
      ]
    ],
    "left": [
      [
        1,
        5,
        6,
        7
      ],
      [
        5,
        6,
        7
      ],
      [
        0,
        1,
        5,
        6,
        7
      ],
      [
        0,
        1,
        2,
        5,
        6,
        7,
        8
      ],
      [
        0,
        1,
        2,
        5,
        6,
        7,
        8
      ],
      [],
      [
        5
      ],
      [
        5,
        6
      ],
      [
        0,
        1,
        2,
        5,
        6,
        7
      ]
    ]
  },
  "image_index": 24,
  "image_filename": "CLEVR_new_000024.png",
  "objects": [
    {
      "shape": "cube",
      "material": "rubber",
      "pixel_coords": [
        187,
        80,
        28.126049041748047
      ],
      "3d_coords": [
        -2.4586830139160156,
        3.59885835647583,
        0.3499999940395355
      ],
      "group": 0,
      "color": "red",
      "rotation": 32.33992601090874,
      "size": "small"
    },
    {
      "shape": "sphere",
      "material": "rubber",
      "pixel_coords": [
        164,
        78,
        27.813446044921875
      ],
      "3d_coords": [
        -3.2080187797546387,
        1.8788210153579712,
        0.699999988079071
      ],
      "group": 0,
      "color": "red",
      "rotation": 68.47947995624796,
      "size": "large"
    },
    {
      "shape": "cylinder",
      "material": "rubber",
      "pixel_coords": [
        151,
        224,
        20.80193328857422
      ],
      "3d_coords": [
        7.1361846923828125,
        -3.9667396545410156,
        0.3499999940395355
      ],
      "group": 1,
      "color": "green",
      "rotation": 313.1915865408689,
      "size": "small"
    },
    {
      "shape": "sphere",
      "material": "rubber",
      "pixel_coords": [
        303,
        150,
        23.85505485534668
      ],
      "3d_coords": [
        6.882566452026367,
        7.540278434753418,
        0.5
      ],
      "group": 2,
      "color": "green",
      "rotation": 44.70542002657938,
      "size": "medium"
    },
    {
      "shape": "cylinder",
      "material": "metal",
      "pixel_coords": [
        302,
        169,
        22.712406158447266
      ],
      "3d_coords": [
        8.108860969543457,
        6.3878278732299805,
        0.699999988079071
      ],
      "group": 2,
      "color": "red",
      "rotation": 214.1908076301688,
      "size": "large"
    },
    {
      "shape": "sphere",
      "material": "metal",
      "pixel_coords": [
        81,
        100,
        26.839054107666016
      ],
      "3d_coords": [
        -4.114730358123779,
        -4.782169818878174,
        0.3499999940395355
      ],
      "group": 3,
      "color": "yellow",
      "rotation": 93.89768691906514,
      "size": "small"
    },
    {
      "shape": "cone",
      "material": "rubber",
      "pixel_coords": [
        81,
        116,
        25.873783111572266
      ],
      "3d_coords": [
        -2.601611852645874,
        -5.254780292510986,
        0.3499999940395355
      ],
      "group": 3,
      "color": "green",
      "rotation": 22.09115198137896,
      "size": "small"
    },
    {
      "shape": "sphere",
      "material": "metal",
      "pixel_coords": [
        106,
        110,
        26.00580596923828
      ],
      "3d_coords": [
        -2.1917734146118164,
        -3.4395852088928223,
        0.5
      ],
      "group": 3,
      "color": "green",
      "rotation": 213.9928747974433,
      "size": "medium"
    },
    {
      "shape": "sphere",
      "material": "rubber",
      "pixel_coords": [
        225,
        39,
        31.278919219970703
      ],
      "3d_coords": [
        -5.554691791534424,
        9.03816032409668,
        0.3499999940395355
      ],
      "group": 4,
      "color": "yellow",
      "rotation": 193.83944087806816,
      "size": "small"
    }
  ]
}