{
  "split": "new",
  "directions": {
    "front": [
      0.754490315914154,
      -0.6563112735748291,
      -0.0
    ],
    "above": [
      0.0,
      0.0,
      1.0
    ],
    "below": [
      -0.0,
      -0.0,
      -1.0
    ],
    "behind": [
      -0.754490315914154,
      0.6563112735748291,
      0.0
    ],
    "left": [
      -0.6563112735748291,
      -0.7544902563095093,
      0.0
    ],
    "right": [
      0.6563112735748291,
      0.7544902563095093,
      -0.0
    ]
  },
  "relationships": {
    "front": [
      [
        3,
        4
      ],
      [
        0,
        2,
        3,
        4
      ],
      [
        0,
        3,
        4
      ],
      [],
      [
        3
      ],
      [
        0,
        1,
        2,
        3,
        4,
        6
      ],
      [
        0,
        1,
        2,
        3,
        4
      ],
      [
        0,
        1,
        2,
        3,
        4,
        5,
        6,
        8
      ],
      [
        0,
        1,
        2,
        3,
        4,
        5,
        6
      ]
    ],
    "behind": [
      [
        1,
        2,
        5,
        6,
        7,
        8
      ],
      [
        5,
        6,
        7,
        8
      ],
      [
        1,
        5,
        6,
        7,
        8
      ],
      [
        0,
        1,
        2,
        4,
        5,
        6,
        7,
        8
      ],
      [
        0,
        1,
        2,
        5,
        6,
        7,
        8
      ],
      [
        7,
        8
      ],
      [
        5,
        7,
        8
      ],
      [],
      [
        7
      ]
    ],
    "right": [
      [
        5
      ],
      [
        0,
        3,
        4,
        5,
        6,
        7,
        8
      ],
      [
        0,
        1,
        3,
        4,
        5,
        6,
        7,
        8
      ],
      [
        0,
        4,
        5,
        6,
        7,
        8
      ],
      [
        0,
        5,
        6,
        7,
        8
      ],
      [],
      [
        0,
        5
      ],
      [
        0,
        5
      ],
      [
        0,
        5,
        6,
        7
      ]
    ],
    "left": [
      [
        1,
        2,
        3,
        4,
        6,
        7,
        8
      ],
      [
        2
      ],
      [],
      [
        1,
        2
      ],
      [
        1,
        2,
        3
      ],
      [
        0,
        1,
        2,
        3,
        4,
        6,
        7,
        8
      ],
      [
        1,
        2,
        3,
        4,
        8
      ],
      [
        1,
        2,
        3,
        4,
        8
      ],
      [
        1,
        2,
        3,
        4
      ]
    ]
  },
  "image_index": 46,
  "image_filename": "CLEVR_new_000046.png",
  "objects": [
    {
      "shape": "cube",
      "material": "metal",
      "pixel_coords": [
        211,
        163,
        23.56827163696289
      ],
      "3d_coords": [
        5.076740741729736,
        1.2646464109420776,
        0.3499999940395355
      ],
      "group": 0,
      "color": "cyan",
      "rotation": 327.78186279535663,
      "size": "small"
    },
    {
      "shape": "cylinder",
      "material": "metal",
      "pixel_coords": [
        100,
        125,
        25.56874656677246
      ],
      "3d_coords": [
        -1.3710483312606812,
        -4.254662990570068,
        0.3499999940395355
      ],
      "group": 1,
      "color": "yellow",
      "rotation": 289.9138837264977,
      "size": "small"
    },
    {
      "shape": "cone",
      "material": "rubber",
      "pixel_coords": [
        82,
        126,
        25.2813720703125
      ],
      "3d_coords": [
        -1.6789177656173706,
        -5.474322319030762,
        0.5
      ],
      "group": 1,
      "color": "purple",
      "rotation": 182.112842259048,
      "size": "medium"
    },
    {
      "shape": "cone",
      "material": "metal",
      "pixel_coords": [
        122,
        185,
        22.574546813964844
      ],
      "3d_coords": [
        3.886115312576294,
        -4.684514045715332,
        0.3499999940395355
      ],
      "group": 2,
      "color": "cyan",
      "rotation": 92.75209390057995,
      "size": "small"
    },
    {
      "shape": "sphere",
      "material": "metal",
      "pixel_coords": [
        142,
        176,
        22.95880126953125
      ],
      "3d_coords": [
        3.895782709121704,
        -3.275669574737549,
        0.3499999940395355
      ],
      "group": 2,
      "color": "brown",
      "rotation": 1.0207863045398469,
      "size": "small"
    },
    {
      "shape": "cone",
      "material": "metal",
      "pixel_coords": [
        237,
        63,
        29.573808670043945
      ],
      "3d_coords": [
        -2.2622745037078857,
        8.467424392700195,
        0.3499999940395355
      ],
      "group": 3,
      "color": "yellow",
      "rotation": 305.82109975587156,
      "size": "small"
    },
    {
      "shape": "cylinder",
      "material": "metal",
      "pixel_coords": [
        221,
        65,
        28.941621780395508
      ],
      "3d_coords": [
        -2.4024200439453125,
        6.904044151306152,
        0.699999988079071
      ],
      "group": 3,
      "color": "cyan",
      "rotation": 24.194492592976676,
      "size": "large"
    },
    {
      "shape": "cube",
      "material": "rubber",
      "pixel_coords": [
        225,
        49,
        30.65201759338379
      ],
      "3d_coords": [
        -4.226717472076416,
        8.481091499328613,
        0.3499999940395355
      ],
      "group": 3,
      "color": "brown",
      "rotation": 54.40534802345328,
      "size": "small"
    },
    {
      "shape": "sphere",
      "material": "rubber",
      "pixel_coords": [
        215,
        55,
        30.202037811279297
      ],
      "3d_coords": [
        -3.9861505031585693,
        7.329523086547852,
        0.3499999940395355
      ],
      "group": 3,
      "color": "green",
      "rotation": 190.63479877889276,
      "size": "small"
    }
  ]
}