{
  "split": "new",
  "directions": {
    "front": [
      0.754490315914154,
      -0.6563112735748291,
      -0.0
    ],
    "above": [
      0.0,
      0.0,
      1.0
    ],
    "below": [
      -0.0,
      -0.0,
      -1.0
    ],
    "behind": [
      -0.754490315914154,
      0.6563112735748291,
      0.0
    ],
    "left": [
      -0.6563112735748291,
      -0.7544902563095093,
      0.0
    ],
    "right": [
      0.6563112735748291,
      0.7544902563095093,
      -0.0
    ]
  },
  "relationships": {
    "front": [
      [
        1,
        4,
        5,
        6,
        7,
        8,
        9,
        10,
        11,
        12
      ],
      [
        5,
        6,
        7,
        8,
        9,
        10,
        11,
        12
      ],
      [
        0,
        1,
        3,
        4,
        5,
        6,
        7,
        8,
        9,
        10,
        11,
        12
      ],
      [
        1,
        4,
        5,
        6,
        7,
        8,
        9,
        10,
        11,
        12
      ],
      [
        5,
        6,
        7,
        8,
        9,
        10,
        11,
        12
      ],
      [
        6,
        10
      ],
      [],
      [
        6,
        10
      ],
      [
        5,
        6,
        7,
        10
      ],
      [
        5,
        6,
        7,
        8,
        10
      ],
      [
        6
      ],
      [
        5,
        6,
        7,
        8,
        9,
        10
      ],
      [
        5,
        6,
        7,
        8,
        9,
        10,
        11
      ]
    ],
    "behind": [
      [
        2
      ],
      [
        0,
        2,
        3
      ],
      [],
      [
        2
      ],
      [
        0,
        2,
        3
      ],
      [
        0,
        1,
        2,
        3,
        4,
        8,
        9,
        11,
        12
      ],
      [
        0,
        1,
        2,
        3,
        4,
        5,
        7,
        8,
        9,
        10,
        11,
        12
      ],
      [
        0,
        1,
        2,
        3,
        4,
        8,
        9,
        11,
        12
      ],
      [
        0,
        1,
        2,
        3,
        4,
        9,
        11,
        12
      ],
      [
        0,
        1,
        2,
        3,
        4,
        11,
        12
      ],
      [
        0,
        1,
        2,
        3,
        4,
        5,
        7,
        8,
        9,
        11,
        12
      ],
      [
        0,
        1,
        2,
        3,
        4,
        12
      ],
      [
        0,
        1,
        2,
        3,
        4
      ]
    ],
    "right": [
      [],
      [
        0,
        7,
        8,
        9,
        10
      ],
      [
        0,
        1,
        7,
        8,
        9,
        10
      ],
      [
        0,
        1,
        2,
        4,
        5,
        6,
        7,
        8,
        9,
        10
      ],
      [
        0,
        1,
        2,
        6,
        7,
        8,
        9,
        10
      ],
      [
        0,
        1,
        2,
        4,
        6,
        7,
        8,
        9,
        10
      ],
      [
        0,
        1,
        7,
        8,
        9,
        10
      ],
      [
        0
      ],
      [
        0,
        7,
        9,
        10
      ],
      [
        0,
        7
      ],
      [
        0,
        7,
        9
      ],
      [
        0,
        1,
        2,
        3,
        4,
        5,
        6,
        7,
        8,
        9,
        10,
        12
      ],
      [
        0,
        1,
        2,
        3,
        4,
        5,
        6,
        7,
        8,
        9,
        10
      ]
    ],
    "left": [
      [
        1,
        2,
        3,
        4,
        5,
        6,
        7,
        8,
        9,
        10,
        11,
        12
      ],
      [
        2,
        3,
        4,
        5,
        6,
        11,
        12
      ],
      [
        3,
        4,
        5,
        11,
        12
      ],
      [
        11,
        12
      ],
      [
        3,
        5,
        11,
        12
      ],
      [
        3,
        11,
        12
      ],
      [
        3,
        4,
        5,
        11,
        12
      ],
      [
        1,
        2,
        3,
        4,
        5,
        6,
        8,
        9,
        10,
        11,
        12
      ],
      [
        1,
        2,
        3,
        4,
        5,
        6,
        11,
        12
      ],
      [
        1,
        2,
        3,
        4,
        5,
        6,
        8,
        10,
        11,
        12
      ],
      [
        1,
        2,
        3,
        4,
        5,
        6,
        8,
        11,
        12
      ],
      [],
      [
        11
      ]
    ]
  },
  "image_index": 10,
  "image_filename": "CLEVR_new_000010.png",
  "objects": [
    {
      "shape": "cone",
      "material": "rubber",
      "pixel_coords": [
        297,
        97,
        26.70072364807129
      ],
      "3d_coords": [
        3.1698670387268066,
        10.114453315734863,
        0.699999988079071
      ],
      "group": 0,
      "color": "blue",
      "rotation": 191.26722907363015,
      "size": "large"
    },
    {
      "shape": "cone",
      "material": "metal",
      "pixel_coords": [
        189,
        92,
        27.487634658813477
      ],
      "3d_coords": [
        -1.2341547012329102,
        3.116236686706543,
        0.3499999940395355
      ],
      "group": 1,
      "color": "blue",
      "rotation": 73.00489293709659,
      "size": "small"
    },
    {
      "shape": "cylinder",
      "material": "metal",
      "pixel_coords": [
        189,
        74,
        28.460742950439453
      ],
      "3d_coords": [
        -2.8277642726898193,
        4.022884845733643,
        0.5
      ],
      "group": 1,
      "color": "brown",
      "rotation": 40.488612161221255,
      "size": "medium"
    },
    {
      "shape": "cube",
      "material": "rubber",
      "pixel_coords": [
        166,
        77,
        28.458459854125977
      ],
      "3d_coords": [
        -3.4723024368286133,
        2.2556450366973877,
        0.3499999940395355
      ],
      "group": 1,
      "color": "yellow",
      "rotation": 32.421172112693746,
      "size": "small"
    },
    {
      "shape": "cone",
      "material": "rubber",
      "pixel_coords": [
        172,
        87,
        27.610708236694336
      ],
      "3d_coords": [
        -2.1631205081939697,
        2.1561119556427,
        0.5
      ],
      "group": 1,
      "color": "red",
      "rotation": 195.40358589298907,
      "size": "medium"
    },
    {
      "shape": "cube",
      "material": "metal",
      "pixel_coords": [
        134,
        180,
        22.77159309387207
      ],
      "3d_coords": [
        3.9063923358917236,
        -3.8461835384368896,
        0.5
      ],
      "group": 2,
      "color": "purple",
      "rotation": 255.52374477009678,
      "size": "medium"
    },
    {
      "shape": "cone",
      "material": "metal",
      "pixel_coords": [
        150,
        211,
        21.496700286865234
      ],
      "3d_coords": [
        6.2955641746521,
        -3.8288393020629883,
        0.5
      ],
      "group": 2,
      "color": "green",
      "rotation": 234.37388921845917,
      "size": "medium"
    },
    {
      "shape": "cylinder",
      "material": "metal",
      "pixel_coords": [
        286,
        214,
        21.17234992980957
      ],
      "3d_coords": [
        10.208587646484375,
        3.4690606594085693,
        0.699999988079071
      ],
      "group": 3,
      "color": "red",
      "rotation": 236.17856033421896,
      "size": "large"
    },
    {
      "shape": "sphere",
      "material": "metal",
      "pixel_coords": [
        236,
        196,
        21.883216857910156
      ],