{
  "split": "new",
  "directions": {
    "front": [
      0.754490315914154,
      -0.6563112735748291,
      -0.0
    ],
    "above": [
      0.0,
      0.0,
      1.0
    ],
    "below": [
      -0.0,
      -0.0,
      -1.0
    ],
    "behind": [
      -0.754490315914154,
      0.6563112735748291,
      0.0
    ],
    "left": [
      -0.6563112735748291,
      -0.7544902563095093,
      0.0
    ],
    "right": [
      0.6563112735748291,
      0.7544902563095093,
      -0.0
    ]
  },
  "relationships": {
    "front": [
      [
        1,
        2,
        3
      ],
      [
        2
      ],
      [],
      [
        2
      ],
      [
        0,
        1,
        2,
        3
      ],
      [
        0,
        1,
        2,
        3
      ],
      [
        0,
        1,
        2,
        3,
        4,
        5,
        7,
        8
      ],
      [
        0,
        1,
        2,
        3,
        4,
        5,
        8
      ],
      [
        0,
        1,
        2,
        3,
        4,
        5
      ]
    ],
    "behind": [
      [
        4,
        5,
        6,
        7,
        8
      ],
      [
        0,
        4,
        5,
        6,
        7,
        8
      ],
      [
        0,
        1,
        3,
        4,
        5,
        6,
        7,
        8
      ],
      [
        0,
        4,
        5,
        6,
        7,
        8
      ],
      [
        6,
        7,
        8
      ],
      [
        6,
        7,
        8
      ],
      [],
      [
        6
      ],
      [
        6,
        7
      ]
    ],
    "right": [
      [
        1,
        4,
        5,
        6,
        7
      ],
      [
        4,
        5,
        6,
        7
      ],
      [
        0,
        1,
        4,
        5,
        6,
        7
      ],
      [
        0,
        1,
        2,
        4,
        5,
        6,
        7
      ],
      [
        5
      ],
      [],
      [
        4,
        5
      ],
      [
        4,
        5,
        6
      ],
      [
        0,
        1,
        2,
        3,
        4,
        5,
        6,
        7
      ]
    ],
    "left": [
      [
        2,
        3,
        8
      ],
      [
        0,
        2,
        3,
        8
      ],
      [
        3,
        8
      ],
      [
        8
      ],
      [
        0,
        1,
        2,
        3,
        6,
        7,
        8
      ],
      [
        0,
        1,
        2,
        3,
        4,
        6,
        7,
        8
      ],
      [
        0,
        1,
        2,
        3,
        7,
        8
      ],
      [
        0,
        1,
        2,
        3,
        8
      ],
      []
    ]
  },
  "image_index": 2,
  "image_filename": "CLEVR_new_000002.png",
  "objects": [
    {
      "shape": "sphere",
      "material": "metal",
      "pixel_coords": [
        178,
        164,
        23.572107315063477
      ],
      "3d_coords": [
        4.343750953674316,
        -0.8100195527076721,
        0.699999988079071
      ],
      "group": 0,
      "color": "cyan",
      "rotation": 2.855481820222119,
      "size": "large"
    },
    {
      "shape": "sphere",
      "material": "rubber",
      "pixel_coords": [
        177,
        188,
        22.776592254638672
      ],
      "3d_coords": [
        5.747865200042725,
        -1.5798499584197998,
        0.5
      ],
      "group": 0,
      "color": "cyan",
      "rotation": 301.16228527477585,
      "size": "medium"
    },
    {
      "shape": "cylinder",
      "material": "metal",
      "pixel_coords": [
        161,
        203,
        22.289064407348633
      ],
      "3d_coords": [
        6.2122483253479,
        -2.946091413497925,
        0.3499999940395355
      ],
      "group": 0,
      "color": "blue",
      "rotation": 354.71862712179495,
      "size": "small"
    },
    {
      "shape": "sphere",
      "material": "rubber",
      "pixel_coords": [
        148,
        180,
        22.895606994628906
      ],
      "3d_coords": [
        4.494243144989014,
        -3.080479621887207,
        0.699999988079071
      ],
      "group": 0,
      "color": "purple",
      "rotation": 189.47185222994642,
      "size": "large"
    },
    {
      "shape": "cylinder",
      "material": "metal",
      "pixel_coords": [
        305,
        170,
        23.304229736328125
      ],
      "3d_coords": [
        8.46768856048584,
        6.608316421508789,
        0.699999988079071
      ],
      "group": 1,
      "color": "purple",
      "rotation": 276.1862697478988,
      "size": "large"
    },
    {
      "shape": "cube",
      "material": "metal",
      "pixel_coords": [
        330,
        178,
        23.172626495361328
      ],
      "3d_coords": [
        9.609284400939941,
        7.8317155838012695,
        0.5
      ],
      "group": 1,
      "color": "red",
      "rotation": 226.33817730098627,
      "size": "medium"
    },
    {
      "shape": "sphere",
      "material": "rubber",
      "pixel_coords": [
        264,
        83,
        28.494115829467773
      ],
      "3d_coords": [
        0.5679751038551331,
        9.153382301330566,
        0.3499999940395355
      ],
      "group": 2,
      "color": "brown",
      "rotation": 238.12975734938976,
      "size": "small"
    },
    {
      "shape": "sphere",
      "material": "rubber",
      "pixel_coords": [
        241,
        83,
        28.495208740234375
      ],
      "3d_coords": [
        -0.25574222207069397,
        7.471870422363281,
        0.3499999940395355
      ],
      "group": 2,
      "color": "yellow",
      "rotation": 335.0576400605056,
      "size": "small"
    },
    {
      "shape": "cube",
      "material": "rubber",
      "pixel_coords": [
        108,
        89,
        27.637733459472656
      ],
      "3d_coords": [
        -4.080358982086182,
        -2.5535290241241455,
        0.699999988079071
      ],
      "group": 3,
      "color": "purple",
      "rotation": 51.69295115113553,
      "size": "large"
    }
  ]
}