{
  "split": "new",
  "directions": {
    "front": [
      0.754490315914154,
      -0.6563112735748291,
      -0.0
    ],
    "above": [
      0.0,
      0.0,
      1.0
    ],
    "below": [
      -0.0,
      -0.0,
      -1.0
    ],
    "behind": [
      -0.754490315914154,
      0.6563112735748291,
      0.0
    ],
    "left": [
      -0.6563112735748291,
      -0.7544902563095093,
      0.0
    ],
    "right": [
      0.6563112735748291,
      0.7544902563095093,
      -0.0
    ]
  },
  "relationships": {
    "front": [
      [
        2,
        3,
        4,
        5
      ],
      [
        0,
        2,
        3,
        4,
        5
      ],
      [
        4
      ],
      [
        2,
        4
      ],
      [],
      [
        2,
        3,
        4
      ],
      [
        0,
        1,
        2,
        3,
        4,
        5,
        7,
        8,
        9,
        10,
        11
      ],
      [
        0,
        1,
        2,
        3,
        4,
        5,
        8,
        9,
        10
      ],
      [
        0,
        1,
        2,
        3,
        4,
        5,
        9
      ],
      [
        0,
        1,
        2,
        3,
        4,
        5
      ],
      [
        0,
        1,
        2,
        3,
        4,
        5,
        8,
        9
      ],
      [
        0,
        1,
        2,
        3,
        4,
        5,
        7,
        8,
        9,
        10
      ]
    ],
    "behind": [
      [
        1,
        6,
        7,
        8,
        9,
        10,
        11
      ],
      [
        6,
        7,
        8,
        9,
        10,
        11
      ],
      [
        0,
        1,
        3,
        5,
        6,
        7,
        8,
        9,
        10,
        11
      ],
      [
        0,
        1,
        5,
        6,
        7,
        8,
        9,
        10,
        11
      ],
      [
        0,
        1,
        2,
        3,
        5,
        6,
        7,
        8,
        9,
        10,
        11
      ],
      [
        0,
        1,
        6,
        7,
        8,
        9,
        10,
        11
      ],
      [],
      [
        6,
        11
      ],
      [
        6,
        7,
        10,
        11
      ],
      [
        6,
        7,
        8,
        10,
        11
      ],
      [
        6,
        7,
        11
      ],
      [
        6
      ]
    ],
    "right": [
      [
        2,
        3,
        4,
        5,
        6,
        7,
        8,
        9,
        10
      ],
      [
        0,
        2,
        3,
        4,
        5,
        6,
        7,
        8,
        9,
        10
      ],
      [
        7,
        8,
        9,
        10
      ],
      [
        2,
        4,
        5,
        7,
        8,
        9,
        10
      ],
      [
        2,
        5,
        7,
        8,
        9,
        10
      ],
      [
        2,
        7,
        8,
        9,
        10
      ],
      [
        2,
        3,
        4,
        5,
        7,
        8,
        9,
        10
      ],
      [
        10
      ],
      [
        7,
        9,
        10
      ],
      [
        10
      ],
      [],
      [
        0,
        1,
        2,
        3,
        4,
        5,
        6,
        7,
        8,
        9,
        10
      ]
    ],
    "left": [
      [
        1,
        11
      ],
      [
        11
      ],
      [
        0,
        1,
        3,
        4,
        5,
        6,
        11
      ],
      [
        0,
        1,
        6,
        11
      ],
      [
        0,
        1,
        3,
        6,
        11
      ],
      [
        0,
        1,
        3,
        4,
        6,
        11
      ],
      [
        0,
        1,
        11
      ],
      [
        0,
        1,
        2,
        3,
        4,
        5,
        6,
        8,
        11
      ],
      [
        0,
        1,
        2,
        3,
        4,
        5,
        6,
        11
      ],
      [
        0,
        1,
        2,
        3,
        4,
        5,
        6,
        8,
        11
      ],
      [
        0,
        1,
        2,
        3,
        4,
        5,
        6,
        7,
        8,
        9,
        11
      ],
      []
    ]
  },
  "image_index": 34,
  "image_filename": "CLEVR_new_000034.png",
  "objects": [
    {
      "shape": "cube",
      "material": "metal",
      "pixel_coords": [
        169,
        137,
        24.885112762451172
      ],
      "3d_coords": [
        2.014709711074829,
        -0.21623744070529938,
        0.5
      ],
      "group": 0,
      "color": "gray",
      "rotation": 221.60218400084628,
      "size": "medium"
    },
    {
      "shape": "cube",
      "material": "rubber",
      "pixel_coords": [
        149,
        127,
        25.17802619934082
      ],
      "3d_coords": [
        0.7279395461082458,
        -1.221041202545166,
        0.699999988079071
      ],
      "group": 0,
      "color": "red",
      "rotation": 20.327495137235726,
      "size": "large"
    },
    {
      "shape": "sphere",
      "material": "metal",
      "pixel_coords": [
        260,
        205,
        21.762128829956055
      ],
      "3d_coords": [
        9.011218070983887,
        2.6436517238616943,
        0.5
      ],
      "group": 1,
      "color": "yellow",
      "rotation": 277.00576631182946,
      "size": "medium"
    },
    {
      "shape": "cone",
      "material": "rubber",
      "pixel_coords": [
        223,
        190,
        22.563613891601562
      ],
      "3d_coords": [
        7.096922874450684,
        1.1889890432357788,
        0.3499999940395355
      ],
      "group": 1,
      "color": "cyan",
      "rotation": 56.77306711538008,
      "size": "small"
    },
    {
      "shape": "cylinder",
      "material": "metal",
      "pixel_coords": [
        232,
        217,
        21.318944931030273
      ],
      "3d_coords": [
        8.897382736206055,
        0.6679230332374573,
        0.5
      ],
      "group": 1,
      "color": "gray",
      "rotation": 334.18014191398197,
      "size": "medium"
    },
    {
      "shape": "cube",
      "material": "metal",
      "pixel_coords": [
        245,
        179,
        22.8879451751709
      ],
      "3d_coords": [
        7.049403667449951,
        2.8185930252075195,
        0.5
      ],
      "group": 1,
      "color": "gray",
      "rotation": 155.8926279613531,
      "size": "medium"
    },
    {
      "shape": "cylinder",
      "material": "rubber",
      "pixel_coords": [
        223,
        52,
        30.291549682617188
      ],
      "3d_coords": [
        -4.030698299407959,
        7.888143062591553,
        0.5
      ],
      "group": 2,
      "color": "brown",
      "rotation": 33.97611024669226,
      "size": "medium"
    },
    {
      "shape": "cube",
      "material": "metal",
      "pixel_coords": [
        295,
        118,
        26.145626068115234
      ],
      "3d_coords": [
        4.300692558288574,
        9.16048526763916,
        0.3499999940395355
      ],
      "group": 3,
      "color": "yellow",
      "rotation": 116.67585242711272,
      "size": "small"
    },
    {
      "shape": "cone",
      "material": "metal",
      "pixel_coords": [
        281,
        134,
        25.236276626586914
      ],
      "3d_coords": [
        5.0600433349609375,
        7.243288040161133,
        0.3499999940395355
      ],
      "group": 3,
      "color": "blue",
      "rotation": 87.41764966073579,
      "size": "small"
    },
    {
      "shape": "cube",
      "material": "metal",
      "pixel_coords": [
        294,
        147,
        24.582372665405273
      ],
      "3d_coords": [
        6.348737716674805,
        7.4627885818481445,
        0.3499999940395355
      ],
      "group": 3,
      "color": "cyan",
      "rotation": 340.9498416090223,
      "size": "small"
    },
    {
      "shape": "cone",
      "material": "rubber",