{
  "split": "new",
  "directions": {
    "front": [
      0.754490315914154,
      -0.6563112735748291,
      -0.0
    ],
    "above": [
      0.0,
      0.0,
      1.0
    ],
    "below": [
      -0.0,
      -0.0,
      -1.0
    ],
    "behind": [
      -0.754490315914154,
      0.6563112735748291,
      0.0
    ],
    "left": [
      -0.6563112735748291,
      -0.7544902563095093,
      0.0
    ],
    "right": [
      0.6563112735748291,
      0.7544902563095093,
      -0.0
    ]
  },
  "relationships": {
    "front": [
      [
        6,
        7,
        8
      ],
      [
        0,
        2,
        3,
        5,
        6,
        7,
        8
      ],
      [
        0,
        3,
        6,
        7,
        8
      ],
      [
        0,
        6,
        7,
        8
      ],
      [
        0,
        1,
        2,
        3,
        5,
        6,
        7,
        8
      ],
      [
        0,
        2,
        3,
        6,
        7,
        8
      ],
      [
        7,
        8
      ],
      [],
      [
        7
      ],
      [
        0,
        1,
        2,
        3,
        4,
        5,
        6,
        7,
        8
      ],
      [
        0,
        1,
        2,
        3,
        4,
        5,
        6,
        7,
        8,
        9,
        11
      ],
      [
        0,
        1,
        2,
        3,
        4,
        5,
        6,
        7,
        8,
        9
      ]
    ],
    "behind": [
      [
        1,
        2,
        3,
        4,
        5,
        9,
        10,
        11
      ],
      [
        4,
        9,
        10,
        11
      ],
      [
        1,
        4,
        5,
        9,
        10,
        11
      ],
      [
        1,
        2,
        4,
        5,
        9,
        10,
        11
      ],
      [
        9,
        10,
        11
      ],
      [
        1,
        4,
        9,
        10,
        11
      ],
      [
        0,
        1,
        2,
        3,
        4,
        5,
        9,
        10,
        11
      ],
      [
        0,
        1,
        2,
        3,
        4,
        5,
        6,
        8,
        9,
        10,
        11
      ],
      [
        0,
        1,
        2,
        3,
        4,
        5,
        6,
        9,
        10,
        11
      ],
      [
        10,
        11
      ],
      [],
      [
        10
      ]
    ],
    "right": [
      [
        1,
        3,
        4,
        5,
        6,
        7,
        8,
        9,
        10,
        11
      ],
      [
        3,
        4,
        5,
        6,
        7,
        8,
        9,
        10,
        11
      ],
      [
        0,
        1,
        3,
        4,
        5,
        6,
        7,
        8,
        9,
        10,
        11
      ],
      [
        5,
        6
      ],
      [
        5,
        6
      ],
      [],
      [
        5
      ],
      [
        3,
        4,
        5,
        6,
        11
      ],
      [
        3,
        4,
        5,
        6,
        7,
        9,
        10,
        11
      ],
      [
        3,
        4,
        5,
        6,
        11
      ],
      [
        3,
        4,
        5,
        6,
        7,
        9,
        11
      ],
      [
        3,
        4,
        5,
        6
      ]
    ],
    "left": [
      [
        2
      ],
      [
        0,
        2
      ],
      [],
      [
        0,
        1,
        2,
        7,
        8,
        9,
        10,
        11
      ],
      [
        0,
        1,
        2,
        7,
        8,
        9,
        10,
        11
      ],
      [
        0,
        1,
        2,
        3,
        4,
        6,
        7,
        8,
        9,
        10,
        11
      ],
      [
        0,
        1,
        2,
        3,
        4,
        7,
        8,
        9,
        10,
        11
      ],
      [
        0,
        1,
        2,
        8,
        10
      ],
      [
        0,
        1,
        2
      ],
      [
        0,
        1,
        2,
        8,
        10
      ],
      [
        0,
        1,
        2,
        8
      ],
      [
        0,
        1,
        2,
        7,
        8,
        9,
        10
      ]
    ]
  },
  "image_index": 48,
  "image_filename": "CLEVR_new_000048.png",
  "objects": [
    {
      "shape": "cube",
      "material": "rubber",
      "pixel_coords": [
        149,
        114,
        25.831647872924805
      ],
      "3d_coords": [
        -0.5097113847732544,
        -0.6931719779968262,
        0.5
      ],
      "group": 0,
      "color": "red",
      "rotation": 227.64761374379805,
      "size": "medium"
    },
    {
      "shape": "cube",
      "material": "rubber",
      "pixel_coords": [
        163,
        96,
        26.638111114501953
      ],
      "3d_coords": [
        -1.5054852962493896,
        0.9964712262153625,
        0.699999988079071
      ],
      "group": 0,
      "color": "gray",
      "rotation": 317.86597629695916,
      "size": "large"
    },
    {
      "shape": "sphere",
      "material": "rubber",
      "pixel_coords": [
        143,
        103,
        26.680980682373047
      ],
      "3d_coords": [
        -1.8078258037567139,
        -0.5516539812088013,
        0.3499999940395355
      ],
      "group": 0,
      "color": "green",
      "rotation": 263.07575618409743,
      "size": "small"
    },
    {
      "shape": "cylinder",
      "material": "metal",
      "pixel_coords": [
        262,
        131,
        25.115713119506836
      ],
      "3d_coords": [
        4.335973262786865,
        6.060025215148926,
        0.3499999940395355
      ],
      "group": 1,
      "color": "gray",
      "rotation": 286.0192116881344,
      "size": "small"
    },
    {
      "shape": "sphere",
      "material": "rubber",
      "pixel_coords": [
        264,
        113,
        25.885509490966797
      ],
      "3d_coords": [
        3.1482479572296143,
        7.056323528289795,
        0.5
      ],
      "group": 1,
      "color": "gray",
      "rotation": 280.369052160785,
      "size": "medium"
    },
    {
      "shape": "cone",
      "material": "rubber",
      "pixel_coords": [
        296,
        128,
        24.850543975830078
      ],
      "3d_coords": [
        5.3287835121154785,
        8.17178726196289,
        0.699999988079071
      ],
      "group": 1,
      "color": "yellow",
      "rotation": 35.989254618913556,
      "size": "large"
    },
    {
      "shape": "cone",
      "material": "rubber",
      "pixel_coords": [
        278,
        144,
        24.074119567871094
      ],
      "3d_coords": [
        5.818808555603027,
        6.178913593292236,
        0.699999988079071
      ],
      "group": 1,
      "color": "blue",
      "rotation": 24.79068411945686,
      "size": "large"
    },
    {
      "shape": "sphere",
      "material": "metal",
      "pixel_coords": [
        191,
        205,
        21.641971588134766
      ],
      "3d_coords": [
        7.0671305656433105,
        -1.2779945135116577,
        0.5
      ],
      "group": 2,
      "color": "yellow",
      "rotation": 10.157503353020697,
      "size": "medium"
    },
    {
      "shape": "cone",
      "material": "metal",
      "pixel_coords": [
        183,
        176,
        22.852066040039062
      ],
      "3d_coords": [
        5.041153907775879,
        -0.7742262482643127,
        0.5
      ],
      "group": 2,
      "color": "blue",
      "rotation": 37.12102529255415,
      "size": "medium"
    },
    {
      "shape": "sphere",
      "material": "metal",
      "pixel_coords": [
        220,
        81,
        27.973976135253906
      ],
      "3d_coords": [
        -1.1006808280944824,
        5.9072980880737305,
        0.3499999940395355
      ],
      "group": 3,
      "color": "blue",
      "rotation": 231.67572560879938,
      "size": "small"
    },
    {
      "shape": "cone",
      "material": "metal",