{
  "split": "new",
  "directions": {
    "front": [
      0.754490315914154,
      -0.6563112735748291,
      -0.0
    ],
    "above": [
      0.0,
      0.0,
      1.0
    ],
    "below": [
      -0.0,
      -0.0,
      -1.0
    ],
    "behind": [
      -0.754490315914154,
      0.6563112735748291,
      0.0
    ],
    "left": [
      -0.6563112735748291,
      -0.7544902563095093,
      0.0
    ],
    "right": [
      0.6563112735748291,
      0.7544902563095093,
      -0.0
    ]
  },
  "relationships": {
    "front": [
      [
        2,
        4,
        5,
        6,
        7,
        8,
        9,
        14
      ],
      [
        0,
        2,
        4,
        5,
        6,
        7,
        8,
        9,
        14,
        15
      ],
      [
        6,
        7,
        8,
        9
      ],
      [
        0,
        1,
        2,
        4,
        5,
        6,
        7,
        8,
        9,
        13,
        14,
        15
      ],
      [
        2,
        6,
        7,
        8,
        9,
        14
      ],
      [
        2,
        4,
        6,
        7,
        8,
        9,
        14
      ],
      [],
      [
        6,
        8,
        9
      ],
      [
        6
      ],
      [
        6
      ],
      [
        0,
        1,
        2,
        3,
        4,
        5,
        6,
        7,
        8,
        9,
        11,
        13,
        14,
        15
      ],
      [
        0,
        1,
        2,
        3,
        4,
        5,
        6,
        7,
        8,
        9,
        13,
        14,
        15
      ],
      [
        0,
        1,
        2,
        3,
        4,
        5,
        6,
        7,
        8,
        9,
        10,
        11,
        13,
        14,
        15
      ],
      [
        0,
        1,
        2,
        4,
        5,
        6,
        7,
        8,
        9,
        14,
        15
      ],
      [
        2,
        6,
        7,
        8,
        9
      ],
      [
        2,
        4,
        5,
        6,
        7,
        8,
        9,
        14
      ]
    ],
    "behind": [
      [
        1,
        3,
        10,
        11,
        12,
        13
      ],
      [
        3,
        10,
        11,
        12,
        13
      ],
      [
        0,
        1,
        3,
        4,
        5,
        10,
        11,
        12,
        13,
        14,
        15
      ],
      [
        10,
        11,
        12
      ],
      [
        0,
        1,
        3,
        5,
        10,
        11,
        12,
        13,
        15
      ],
      [
        0,
        1,
        3,
        10,
        11,
        12,
        13,
        15
      ],
      [
        0,
        1,
        2,
        3,
        4,
        5,
        7,
        8,
        9,
        10,
        11,
        12,
        13,
        14,
        15
      ],
      [
        0,
        1,
        2,
        3,
        4,
        5,
        10,
        11,
        12,
        13,
        14,
        15
      ],
      [
        0,
        1,
        2,
        3,
        4,
        5,
        7,
        10,
        11,
        12,
        13,
        14,
        15
      ],
      [
        0,
        1,
        2,
        3,
        4,
        5,
        7,
        10,
        11,
        12,
        13,
        14,
        15
      ],
      [
        12
      ],
      [
        10,
        12
      ],
      [],
      [
        3,
        10,
        11,
        12
      ],
      [
        0,
        1,
        3,
        4,
        5,
        10,
        11,
        12,
        13,
        15
      ],
      [
        1,
        3,
        10,
        11,
        12,
        13
      ]
    ],
    "right": [
      [
        3,
        4,
        5,
        6,
        7,
        9,
        10,
        11,
        12
      ],
      [
        0,
        2,
        3,
        4,
        5,
        6,
        7,
        8,
        9,
        10,
        11,
        12
      ],
      [
        0,
        3,
        4,
        5,
        6,
        7,
        8,
        9,
        10,
        11,
        12
      ],
      [
        4
      ],
      [],
      [
        3,
        4
      ],
      [
        3,
        4,
        5,
        7,
        9,
        10,
        11,
        12
      ],
      [
        3,
        4,
        5,
        9,
        10,
        11,
        12
      ],
      [
        0,
        3,
        4,
        5,
        6,
        7,
        9,
        10,
        11,
        12
      ],
      [
        3,
        4,
        5,
        10,
        11,
        12
      ],
      [
        3,
        4,
        5
      ],
      [
        3,
        4,
        5,
        10
      ],
      [
        3,
        4,
        5,
        10,
        11
      ],
      [
        0,
        1,
        2,
        3,
        4,
        5,
        6,
        7,
        8,
        9,
        10,
        11,
        12
      ],
      [
        0,
        1,
        2,
        3,
        4,
        5,
        6,
        7,
        8,
        9,
        10,
        11,
        12,
        13
      ],
      [
        0,
        1,
        2,
        3,
        4,
        5,
        6,
        7,
        8,
        9,
        10,
        11,
        12,
        13,
        14
      ]
    ],
    "left": [
      [
        1,
        2,
        8,
        13,
        14,
        15
      ],
      [
        13,
        14,
        15
      ],
      [
        1,
        13,
        14,
        15
      ],
      [
        0,
        1,
        2,
        5,
        6,
        7,
        8,
        9,
        10,
        11,
        12,
        13,
        14,
        15
      ],
      [
        0,
        1,
        2,
        3,
        5,
        6,
        7,
        8,
        9,
        10,
        11,
        12,
        13,
        14,
        15
      ],
      [
        0,
        1,
        2,
        6,
        7,
        8,
        9,
        10,
        11,
        12,
        13,
        14,
        15
      ],
      [
        0,
        1,
        2,
        8,
        13,
        14,
        15
      ],
      [
        0,
        1,
        2,
        6,
        8,
        13,
        14,
        15
      ],
      [
        1,
        2,
        13,
        14,
        15
      ],
      [
        0,
        1,
        2,
        6,
        7,
        8,
        13,
        14,
        15
      ],
      [
        0,
        1,
        2,
        6,
        7,
        8,
        9,
        11,
        12,
        13,
        14,
        15
      ],
      [
        0,
        1,
        2,
        6,
        7,
        8,
        9,
        12,
        13,
        14,
        15
      ],
      [
        0,
        1,
        2,
        6,
        7,
        8,
        9,
        13,
        14,
        15
      ],
      [
        14,
        15
      ],
      [
        15
      ],
      []
    ]
  },
  "image_index": 55,
  "image_filename": "CLEVR_new_000055.png",
  "objects": [
    {
      "shape": "cone",
      "material": "metal",
      "pixel_coords": [
        170,
        107,
        26.111671447753906
      ],
      "3d_coords": [
        -0.2871074378490448,
        0.927722692489624,
        0.699999988079071
      ],
      "group": 0,
      "color": "cyan",
      "rotation": 288.5793808059669,
      "size": "large"
    },
    {
      "shape": "sphere",
      "material": "metal",
      "pixel_coords": [
        148,
        102,
        26.91470718383789
      ],
      "3d_coords": [
        -1.7462928295135498,
        -0.21178992092609406,
        0.3499999940395355
      ],
      "group": 0,
      "color": "purple",
      "rotation": 311.8542273177354,
      "size": "small"
    },
    {
      "shape": "sphere",
      "material": "metal",
      "pixel_coords": [
        150,
        124,
        25.612850189208984
      ],