{
  "split": "new",
  "directions": {
    "front": [
      0.754490315914154,
      -0.6563112735748291,
      -0.0
    ],
    "above": [
      0.0,
      0.0,
      1.0
    ],
    "below": [
      -0.0,
      -0.0,
      -1.0
    ],
    "behind": [
      -0.754490315914154,
      0.6563112735748291,
      0.0
    ],
    "left": [
      -0.6563112735748291,
      -0.7544902563095093,
      0.0
    ],
    "right": [
      0.6563112735748291,
      0.7544902563095093,
      -0.0
    ]
  },
  "relationships": {
    "front": [
      [
        1,
        2,
        3
      ],
      [
        2,
        3
      ],
      [
        3
      ],
      [],
      [
        0,
        1,
        2,
        3,
        5,
        6
      ],
      [
        0,
        1,
        2,
        3
      ],
      [
        0,
        1,
        2,
        3,
        5
      ]
    ],
    "behind": [
      [
        4,
        5,
        6
      ],
      [
        0,
        4,
        5,
        6
      ],
      [
        0,
        1,
        4,
        5,
        6
      ],
      [
        0,
        1,
        2,
        4,
        5,
        6
      ],
      [],
      [
        4,
        6
      ],
      [
        4
      ]
    ],
    "right": [
      [
        2,
        3,
        4,
        5,
        6
      ],
      [
        0,
        2,
        3,
        4,
        5,
        6
      ],
      [
        3,
        6
      ],
      [],
      [
        2,
        3,
        5,
        6
      ],
      [
        2,
        3,
        6
      ],
      [
        3
      ]
    ],
    "left": [
      [
        1
      ],
      [],
      [
        0,
        1,
        4,
        5
      ],
      [
        0,
        1,
        2,
        4,
        5,
        6
      ],
      [
        0,
        1
      ],
      [
        0,
        1,
        4
      ],
      [
        0,
        1,
        2,
        4,
        5
      ]
    ]
  },
  "image_index": 37,
  "image_filename": "CLEVR_new_000037.png",
  "objects": [
    {
      "shape": "cube",
      "material": "metal",
      "pixel_coords": [
        176,
        92,
        27.357065200805664
      ],
      "3d_coords": [
        -1.5957353115081787,
        2.1492581367492676,
        0.5
      ],
      "group": 0,
      "color": "yellow",
      "rotation": 148.97869693958444,
      "size": "medium"
    },
    {
      "shape": "cube",
      "material": "rubber",
      "pixel_coords": [
        151,
        104,
        26.812822341918945
      ],
      "3d_coords": [
        -1.472126841545105,
        -0.07054464519023895,
        0.3499999940395355
      ],
      "group": 0,
      "color": "gray",
      "rotation": 199.40609414158104,
      "size": "small"
    },
    {
      "shape": "cube",
      "material": "rubber",
      "pixel_coords": [
        202,
        154,
        23.807287216186523
      ],
      "3d_coords": [
        4.265074253082275,
        1.1679911613464355,
        0.5
      ],
      "group": 1,
      "color": "purple",
      "rotation": 186.11352864825184,
      "size": "medium"
    },
    {
      "shape": "cube",
      "material": "rubber",
      "pixel_coords": [
        221,
        182,
        22.24989128112793
      ],
      "3d_coords": [
        6.720455646514893,
        1.081007957458496,
        0.699999988079071
      ],
      "group": 1,
      "color": "brown",
      "rotation": 119.87810308521478,
      "size": "large"
    },
    {
      "shape": "cylinder",
      "material": "rubber",
      "pixel_coords": [
        208,
        58,
        30.085248947143555
      ],
      "3d_coords": [
        -4.1440205574035645,
        6.57456111907959,
        0.3499999940395355
      ],
      "group": 2,
      "color": "red",
      "rotation": 208.44629818783548,
      "size": "small"
    },
    {
      "shape": "cone",
      "material": "rubber",
      "pixel_coords": [
        212,
        68,
        29.08174705505371
      ],
      "3d_coords": [
        -2.77351713180542,
        6.1357550621032715,
        0.5
      ],
      "group": 2,
      "color": "green",
      "rotation": 104.75892898523817,
      "size": "medium"
    },
    {
      "shape": "cube",
      "material": "metal",
      "pixel_coords": [
        231,
        62,
        29.48993682861328
      ],
      "3d_coords": [
        -2.6753876209259033,
        7.871456146240234,
        0.5
      ],
      "group": 2,
      "color": "cyan",
      "rotation": 195.18725864017685,
      "size": "medium"
    }
  ]
}