{
  "split": "new",
  "directions": {
    "front": [
      0.754490315914154,
      -0.6563112735748291,
      -0.0
    ],
    "above": [
      0.0,
      0.0,
      1.0
    ],
    "below": [
      -0.0,
      -0.0,
      -1.0
    ],
    "behind": [
      -0.754490315914154,
      0.6563112735748291,
      0.0
    ],
    "left": [
      -0.6563112735748291,
      -0.7544902563095093,
      0.0
    ],
    "right": [
      0.6563112735748291,
      0.7544902563095093,
      -0.0
    ]
  },
  "relationships": {
    "front": [
      [],
      [
        0,
        2,
        10,
        11,
        12
      ],
      [
        0,
        11
      ],
      [
        0,
        1,
        2,
        5,
        6,
        7,
        8,
        9,
        10,
        11,
        12
      ],
      [
        0,
        1,
        2,
        3,
        5,
        6,
        7,
        8,
        9,
        10,
        11,
        12
      ],
      [
        0,
        1,
        2,
        6,
        7,
        8,
        9,
        10,
        11,
        12
      ],
      [
        0,
        1,
        2,
        10,
        11,
        12
      ],
      [
        0,
        1,
        2,
        6,
        8,
        10,
        11,
        12
      ],
      [
        0,
        1,
        2,
        6,
        10,
        11,
        12
      ],
      [
        0,
        1,
        2,
        6,
        7,
        8,
        10,
        11,
        12
      ],
      [
        0,
        11
      ],
      [
        0
      ],
      [
        0,
        2,
        10,
        11
      ]
    ],
    "behind": [
      [
        1,
        2,
        3,
        4,
        5,
        6,
        7,
        8,
        9,
        10,
        11,
        12
      ],
      [
        3,
        4,
        5,
        6,
        7,
        8,
        9
      ],
      [
        1,
        3,
        4,
        5,
        6,
        7,
        8,
        9,
        12
      ],
      [
        4
      ],
      [],
      [
        3,
        4
      ],
      [
        3,
        4,
        5,
        7,
        8,
        9
      ],
      [
        3,
        4,
        5,
        9
      ],
      [
        3,
        4,
        5,
        7,
        9
      ],
      [
        3,
        4,
        5
      ],
      [
        1,
        3,
        4,
        5,
        6,
        7,
        8,
        9,
        12
      ],
      [
        1,
        2,
        3,
        4,
        5,
        6,
        7,
        8,
        9,
        10,
        12
      ],
      [
        1,
        3,
        4,
        5,
        6,
        7,
        8,
        9
      ]
    ],
    "right": [
      [
        1,
        2,
        3,
        4,
        5,
        10,
        11,
        12
      ],
      [
        2
      ],
      [],
      [
        1,
        2,
        4,
        5,
        10,
        11,
        12
      ],
      [
        1,
        2,
        11,
        12
      ],
      [
        1,
        2,
        11,
        12
      ],
      [
        0,
        1,
        2,
        3,
        4,
        5,
        8,
        9,
        10,
        11,
        12
      ],
      [
        0,
        1,
        2,
        3,
        4,
        5,
        6,
        8,
        9,
        10,
        11,
        12
      ],
      [
        0,
        1,
        2,
        3,
        4,
        5,
        10,
        11,
        12
      ],
      [
        0,
        1,
        2,
        3,
        4,
        5,
        8,
        10,
        11,
        12
      ],
      [
        1,
        2,
        11,
        12
      ],
      [
        1,
        2,
        12
      ],
      [
        1,
        2
      ]
    ],
    "left": [
      [
        6,
        7,
        8,
        9
      ],
      [
        0,
        3,
        4,
        5,
        6,
        7,
        8,
        9,
        10,
        11,
        12
      ],
      [
        0,
        1,
        3,
        4,
        5,
        6,
        7,
        8,
        9,
        10,
        11,
        12
      ],
      [
        0,
        6,
        7,
        8,
        9
      ],
      [
        0,
        3,
        6,
        7,
        8,
        9
      ],
      [
        0,
        3,
        6,
        7,
        8,
        9
      ],
      [
        7
      ],
      [],
      [
        6,
        7,
        9
      ],
      [
        6,
        7
      ],
      [
        0,
        3,
        6,
        7,
        8,
        9
      ],
      [
        0,
        3,
        4,
        5,
        6,
        7,
        8,
        9,
        10
      ],
      [
        0,
        3,
        4,
        5,
        6,
        7,
        8,
        9,
        10,
        11
      ]
    ]
  },
  "image_index": 7,
  "image_filename": "CLEVR_new_000007.png",
  "objects": [
    {
      "shape": "cylinder",
      "material": "rubber",
      "pixel_coords": [
        170,
        184,
        22.406789779663086
      ],
      "3d_coords": [
        5.3993940353393555,
        -2.119046688079834,
        0.699999988079071
      ],
      "group": 0,
      "color": "yellow",
      "rotation": 137.10231960497882,
      "size": "large"
    },
    {
      "shape": "sphere",
      "material": "metal",
      "pixel_coords": [
        291,
        141,
        24.494705200195312
      ],
      "3d_coords": [
        6.338580131530762,
        6.9876227378845215,
        0.699999988079071
      ],
      "group": 1,
      "color": "blue",
      "rotation": 32.7968502354396,
      "size": "large"
    },
    {
      "shape": "cylinder",
      "material": "rubber",
      "pixel_coords": [
        331,
        159,
        23.572546005249023
      ],
      "3d_coords": [
        8.789873123168945,
        8.417705535888672,
        0.699999988079071
      ],
      "group": 1,
      "color": "blue",
      "rotation": 82.09018384600772,
      "size": "large"
    },
    {
      "shape": "cylinder",
      "material": "metal",
      "pixel_coords": [
        205,
        70,
        29.119909286499023
      ],
      "3d_coords": [
        -2.63257098197937,
        5.583377838134766,
        0.5
      ],
      "group": 2,
      "color": "cyan",
      "rotation": 346.5999801419054,
      "size": "medium"
    },
    {
      "shape": "cone",
      "material": "rubber",
      "pixel_coords": [
        217,
        60,
        30.028207778930664
      ],
      "3d_coords": [
        -3.2254180908203125,
        7.224528789520264,
        0.3499999940395355
      ],
      "group": 2,
      "color": "gray",
      "rotation": 227.20240499065432,
      "size": "small"
    },
    {
      "shape": "cylinder",
      "material": "metal",
      "pixel_coords": [
        214,
        81,
        28.29144859313965
      ],
      "3d_coords": [
        -1.1412042379379272,
        5.515888690948486,
        0.5
      ],
      "group": 2,
      "color": "gray",
      "rotation": 205.72270003878464,
      "size": "medium"
    },
    {
      "shape": "cube",
      "material": "rubber",
      "pixel_coords": [
        116,
        96,
        27.06666374206543
      ],
      "3d_coords": [
        -3.2179532051086426,
        -2.174706220626831,
        0.699999988079071
      ],
      "group": 3,
      "color": "brown",
      "rotation": 0.821253674840916,
      "size": "large"
    },
    {
      "shape": "cylinder",
      "material": "metal",
      "pixel_coords": [
        111,
        77,
        28.309438705444336
      ],
      "3d_coords": [
        -5.277190208435059,
        -1.7349305152893066,
        0.699999988079071
      ],
      "group": 3,
      "color": "green",
      "rotation": 64.11958335232863,
      "size": "large"
    },
    {
      "shape": "cube",
      "material": "rubber",
      "pixel_coords": [
        138,
        90,
        27.926193237304688
      ],