{
  "split": "new",
  "directions": {
    "front": [
      0.754490315914154,
      -0.6563112735748291,
      -0.0
    ],
    "above": [
      0.0,
      0.0,
      1.0
    ],
    "below": [
      -0.0,
      -0.0,
      -1.0
    ],
    "behind": [
      -0.754490315914154,
      0.6563112735748291,
      0.0
    ],
    "left": [
      -0.6563112735748291,
      -0.7544902563095093,
      0.0
    ],
    "right": [
      0.6563112735748291,
      0.7544902563095093,
      -0.0
    ]
  },
  "relationships": {
    "front": [
      [
        3
      ],
      [
        3
      ],
      [
        0,
        1,
        3
      ],
      [],
      [
        0,
        1,
        2,
        3,
        5,
        6,
        7,
        8,
        9,
        10,
        11,
        12,
        13,
        14,
        15
      ],
      [
        0,
        1,
        2,
        3,
        6,
        7,
        8,
        13
      ],
      [
        0,
        1,
        2,
        3
      ],
      [
        0,
        1,
        2,
        3,
        6
      ],
      [
        0,
        1,
        2,
        3,
        6
      ],
      [
        0,
        1,
        2,
        3,
        6,
        7,
        8,
        13
      ],
      [
        0,
        1,
        2,
        3,
        5,
        6,
        7,
        8,
        9,
        13,
        15
      ],
      [
        0,
        1,
        2,
        3,
        5,
        6,
        7,
        8,
        9,
        10,
        13,
        14,
        15
      ],
      [
        0,
        1,
        2,
        3,
        5,
        6,
        7,
        8,
        9,
        10,
        11,
        13,
        14,
        15
      ],
      [
        0,
        1,
        2,
        3,
        6,
        7,
        8
      ],
      [
        0,
        1,
        2,
        3,
        5,
        6,
        7,
        8,
        9,
        10,
        13,
        15
      ],
      [
        0,
        1,
        2,
        3,
        6,
        7,
        8,
        13
      ]
    ],
    "behind": [
      [
        2,
        4,
        5,
        6,
        7,
        8,
        9,
        10,
        11,
        12,
        13,
        14,
        15
      ],
      [
        2,
        4,
        5,
        6,
        7,
        8,
        9,
        10,
        11,
        12,
        13,
        14,
        15
      ],
      [
        4,
        5,
        6,
        7,
        8,
        9,
        10,
        11,
        12,
        13,
        14,
        15
      ],
      [
        0,
        1,
        2,
        4,
        5,
        6,
        7,
        8,
        9,
        10,
        11,
        12,
        13,
        14,
        15
      ],
      [],
      [
        4,
        10,
        11,
        12,
        14
      ],
      [
        4,
        5,
        7,
        8,
        9,
        10,
        11,
        12,
        13,
        14,
        15
      ],
      [
        4,
        5,
        9,
        10,
        11,
        12,
        13,
        14,
        15
      ],
      [
        4,
        5,
        9,
        10,
        11,
        12,
        13,
        14,
        15
      ],
      [
        4,
        10,
        11,
        12,
        14
      ],
      [
        4,
        11,
        12,
        14
      ],
      [
        4,
        12
      ],
      [
        4
      ],
      [
        4,
        5,
        9,
        10,
        11,
        12,
        14,
        15
      ],
      [
        4,
        11,
        12
      ],
      [
        4,
        10,
        11,
        12,
        14
      ]
    ],
    "right": [
      [
        1,
        2,
        3,
        10,
        12,
        13,
        14,
        15
      ],
      [
        13,
        14,
        15
      ],
      [
        1,
        10,
        13,
        14,
        15
      ],
      [
        1,
        10,
        13,
        14,
        15
      ],
      [
        0,
        1,
        2,
        3,
        9,
        10,
        12,
        13,
        14,
        15
      ],
      [
        0,
        1,
        2,
        3,
        4,
        6,
        8,
        9,
        10,
        11,
        12,
        13,
        14,
        15
      ],
      [
        0,
        1,
        2,
        3,
        4,
        8,
        9,
        10,
        11,
        12,
        13,
        14,
        15
      ],
      [
        0,
        1,
        2,
        3,
        4,
        5,
        6,
        8,
        9,
        10,
        11,
        12,
        13,
        14,
        15
      ],
      [
        0,
        1,
        2,
        3,
        4,
        9,
        10,
        11,
        12,
        13,
        14,
        15
      ],
      [
        0,
        1,
        2,
        3,
        10,
        12,
        13,
        14,
        15
      ],
      [
        1,
        13,
        14,
        15
      ],
      [
        0,
        1,
        2,
        3,
        9,
        10,
        12,
        13,
        14,
        15
      ],
      [
        1,
        2,
        3,
        10,
        13,
        14,
        15
      ],
      [
        15
      ],
      [
        15
      ],
      []
    ],
    "left": [
      [
        4,
        5,
        6,
        7,
        8,
        9,
        11
      ],
      [
        0,
        2,
        3,
        4,
        5,
        6,
        7,
        8,
        9,
        10,
        11,
        12
      ],
      [
        0,
        4,
        5,
        6,
        7,
        8,
        9,
        11,
        12
      ],
      [
        0,
        4,
        5,
        6,
        7,
        8,
        9,
        11,
        12
      ],
      [
        5,
        6,
        7,
        8
      ],
      [
        7
      ],
      [
        5,
        7
      ],
      [],
      [
        5,
        6,
        7
      ],
      [
        4,
        5,
        6,
        7,
        8,
        11
      ],
      [
        0,
        2,
        3,
        4,
        5,
        6,
        7,
        8,
        9,
        11,
        12
      ],
      [
        5,
        6,
        7,
        8
      ],
      [
        0,
        4,
        5,
        6,
        7,
        8,
        9,
        11
      ],
      [
        0,
        1,
        2,
        3,
        4,
        5,
        6,
        7,
        8,
        9,
        10,
        11,
        12
      ],
      [
        0,
        1,
        2,
        3,
        4,
        5,
        6,
        7,
        8,
        9,
        10,
        11,
        12
      ],
      [
        0,
        1,
        2,
        3,
        4,
        5,
        6,
        7,
        8,
        9,
        10,
        11,
        12,
        13,
        14
      ]
    ]
  },
  "image_index": 25,
  "image_filename": "CLEVR_new_000025.png",
  "objects": [
    {
      "shape": "cone",
      "material": "rubber",
      "pixel_coords": [
        204,
        180,
        22.606647491455078
      ],
      "3d_coords": [
        5.95276403427124,
        0.10680492222309113,
        0.3499999940395355
      ],
      "group": 0,
      "color": "cyan",
      "rotation": 323.01321433864086,
      "size": "small"
    },
    {
      "shape": "sphere",
      "material": "metal",
      "pixel_coords": [
        242,
        186,
        21.988243103027344
      ],
      "3d_coords": [
        7.5119709968566895,
        1.9051995277404785,
        0.699999988079071
      ],
      "group": 0,
      "color": "yellow",
      "rotation": 125.48980900348997,
      "size": "large"
    },
    {
      "shape": "cube",
      "material": "metal",
      "pixel_coords": [
        222,
        170,
        23.101966857910156
      ],
      "3d_coords": [
        5.812259197235107,
        1.58026921749115,
        0.3499999940395355
      ],
      "group": 0,
      "color": "cyan",