{
  "split": "new",
  "directions": {
    "front": [
      0.754490315914154,
      -0.6563112735748291,
      -0.0
    ],
    "above": [
      0.0,
      0.0,
      1.0
    ],
    "below": [
      -0.0,
      -0.0,
      -1.0
    ],
    "behind": [
      -0.754490315914154,
      0.6563112735748291,
      0.0
    ],
    "left": [
      -0.6563112735748291,
      -0.7544902563095093,
      0.0
    ],
    "right": [
      0.6563112735748291,
      0.7544902563095093,
      -0.0
    ]
  },
  "relationships": {
    "front": [
      [
        1,
        2,
        3,
        4,
        5,
        6
      ],
      [
        4,
        5,
        6
      ],
      [
        1,
        4,
        5,
        6
      ],
      [
        1,
        2,
        4,
        5,
        6
      ],
      [
        5
      ],
      [],
      [
        4,
        5
      ],
      [
        0,
        1,
        2,
        3,
        4,
        5,
        6
      ],
      [
        0,
        1,
        2,
        3,
        4,
        5,
        6,
        7
      ],
      [
        0,
        1,
        2,
        3,
        4,
        5,
        6,
        7,
        8
      ]
    ],
    "behind": [
      [
        7,
        8,
        9
      ],
      [
        0,
        2,
        3,
        7,
        8,
        9
      ],
      [
        0,
        3,
        7,
        8,
        9
      ],
      [
        0,
        7,
        8,
        9
      ],
      [
        0,
        1,
        2,
        3,
        6,
        7,
        8,
        9
      ],
      [
        0,
        1,
        2,
        3,
        4,
        6,
        7,
        8,
        9
      ],
      [
        0,
        1,
        2,
        3,
        7,
        8,
        9
      ],
      [
        8,
        9
      ],
      [
        9
      ],
      []
    ],
    "right": [
      [
        2
      ],
      [
        2
      ],
      [],
      [
        0,
        1,
        2
      ],
      [
        0,
        1,
        2,
        3,
        5,
        6,
        8
      ],
      [
        0,
        1,
        2,
        3
      ],
      [
        0,
        1,
        2,
        3,
        5
      ],
      [
        0,
        1,
        2,
        3,
        5,
        6,
        8
      ],
      [
        0,
        1,
        2,
        3,
        5
      ],
      [
        0,
        1,
        2,
        3,
        4,
        5,
        6,
        7,
        8
      ]
    ],
    "left": [
      [
        3,
        4,
        5,
        6,
        7,
        8,
        9
      ],
      [
        3,
        4,
        5,
        6,
        7,
        8,
        9
      ],
      [
        0,
        1,
        3,
        4,
        5,
        6,
        7,
        8,
        9
      ],
      [
        4,
        5,
        6,
        7,
        8,
        9
      ],
      [
        9
      ],
      [
        4,
        6,
        7,
        8,
        9
      ],
      [
        4,
        7,
        9
      ],
      [
        9
      ],
      [
        4,
        7,
        9
      ],
      []
    ]
  },
  "image_index": 38,
  "image_filename": "CLEVR_new_000038.png",
  "objects": [
    {
      "shape": "cube",
      "material": "metal",
      "pixel_coords": [
        289,
        98,
        26.794313430786133
      ],
      "3d_coords": [
        2.926574230194092,
        9.571513175964355,
        0.699999988079071
      ],
      "group": 0,
      "color": "red",
      "rotation": 316.0469696761775,
      "size": "large"
    },
    {
      "shape": "sphere",
      "material": "metal",
      "pixel_coords": [
        286,
        129,
        24.948232650756836
      ],
      "3d_coords": [
        5.1985182762146,
        7.4624810218811035,
        0.699999988079071
      ],
      "group": 0,
      "color": "blue",
      "rotation": 320.3385623043325,
      "size": "large"
    },
    {
      "shape": "cone",
      "material": "rubber",
      "pixel_coords": [
        306,
        119,
        25.52853775024414
      ],
      "3d_coords": [
        5.086877346038818,
        9.357587814331055,
        0.699999988079071
      ],
      "group": 0,
      "color": "brown",
      "rotation": 167.39304237936253,
      "size": "large"
    },
    {
      "shape": "cylinder",
      "material": "metal",
      "pixel_coords": [
        274,
        111,
        26.258798599243164
      ],
      "3d_coords": [
        3.3434598445892334,
        7.891533851623535,
        0.5
      ],
      "group": 0,
      "color": "purple",
      "rotation": 82.21081336165547,
      "size": "medium"
    },
    {
      "shape": "cylinder",
      "material": "metal",
      "pixel_coords": [
        189,
        165,
        23.51693344116211
      ],
      "3d_coords": [
        4.5733642578125,
        -0.0559324286878109,
        0.3499999940395355
      ],
      "group": 1,
      "color": "blue",
      "rotation": 229.72092924646492,
      "size": "small"
    },
    {
      "shape": "cylinder",
      "material": "metal",
      "pixel_coords": [
        217,
        177,
        22.54461097717285
      ],
      "3d_coords": [
        6.333059310913086,
        0.9874001145362854,
        0.699999988079071
      ],
      "group": 1,
      "color": "gray",
      "rotation": 54.123102821903366,
      "size": "large"
    },
    {
      "shape": "cube",
      "material": "rubber",
      "pixel_coords": [
        207,
        155,
        23.99909210205078
      ],
      "3d_coords": [
        4.428823947906494,
        1.4127665758132935,
        0.3499999940395355
      ],
      "group": 1,
      "color": "red",
      "rotation": 160.93612928081933,
      "size": "small"
    },
    {
      "shape": "cylinder",
      "material": "rubber",
      "pixel_coords": [
        211,
        72,
        29.095111846923828
      ],
      "3d_coords": [
        -2.4781100749969482,
        5.935428142547607,
        0.3499999940395355
      ],
      "group": 2,
      "color": "yellow",
      "rotation": 299.108045872029,
      "size": "small"
    },
    {
      "shape": "cone",
      "material": "rubber",
      "pixel_coords": [
        228,
        60,
        29.800779342651367
      ],
      "3d_coords": [
        -2.985154390335083,
        7.910406112670898,
        0.5
      ],
      "group": 2,
      "color": "yellow",
      "rotation": 330.1758622176418,
      "size": "medium"
    },
    {
      "shape": "cone",
      "material": "rubber",
      "pixel_coords": [
        213,
        54,
        30.269481658935547
      ],
      "3d_coords": [
        -4.2116265296936035,
        7.117371559143066,
        0.5
      ],
      "group": 2,
      "color": "yellow",
      "rotation": 226.7998806868375,
      "size": "medium"
    }
  ]
}