{
  "split": "new",
  "directions": {
    "front": [
      0.754490315914154,
      -0.6563112735748291,
      -0.0
    ],
    "above": [
      0.0,
      0.0,
      1.0
    ],
    "below": [
      -0.0,
      -0.0,
      -1.0
    ],
    "behind": [
      -0.754490315914154,
      0.6563112735748291,
      0.0
    ],
    "left": [
      -0.6563112735748291,
      -0.7544902563095093,
      0.0
    ],
    "right": [
      0.6563112735748291,
      0.7544902563095093,
      -0.0
    ]
  },
  "relationships": {
    "front": [
      [
        2,
        3,
        4,
        5
      ],
      [
        0,
        2,
        3,
        4,
        5
      ],
      [
        3,
        4,
        5
      ],
      [
        5
      ],
      [
        3,
        5
      ],
      [],
      [
        0,
        1,
        2,
        3,
        4,
        5,
        7,
        9
      ],
      [
        0,
        1,
        2,
        3,
        4,
        5,
        9
      ],
      [
        0,
        1,
        2,
        3,
        4,
        5,
        7,
        9
      ],
      [
        0,
        1,
        2,
        3,
        4,
        5
      ]
    ],
    "behind": [
      [
        1,
        6,
        7,
        8,
        9
      ],
      [
        6,
        7,
        8,
        9
      ],
      [
        0,
        1,
        6,
        7,
        8,
        9
      ],
      [
        0,
        1,
        2,
        4,
        6,
        7,
        8,
        9
      ],
      [
        0,
        1,
        2,
        6,
        7,
        8,
        9
      ],
      [
        0,
        1,
        2,
        3,
        4,
        6,
        7,
        8,
        9
      ],
      [],
      [
        6,
        8
      ],
      [],
      [
        6,
        7,
        8
      ]
    ],
    "right": [
      [],
      [
        0
      ],
      [
        0,
        1,
        4,
        5,
        6,
        7
      ],
      [
        0,
        1,
        2,
        4,
        5,
        6,
        7,
        8
      ],
      [
        0,
        1,
        5,
        6
      ],
      [
        0,
        1
      ],
      [
        0,
        1
      ],
      [
        0,
        1,
        4,
        5,
        6
      ],
      [
        0,
        1,
        2,
        4,
        5,
        6,
        7
      ],
      [
        0,
        1,
        2,
        3,
        4,
        5,
        6,
        7,
        8
      ]
    ],
    "left": [
      [
        1,
        2,
        3,
        4,
        5,
        6,
        7,
        8,
        9
      ],
      [
        2,
        3,
        4,
        5,
        6,
        7,
        8,
        9
      ],
      [
        3,
        8,
        9
      ],
      [
        9
      ],
      [
        2,
        3,
        7,
        8,
        9
      ],
      [
        2,
        3,
        4,
        7,
        8,
        9
      ],
      [
        2,
        3,
        4,
        7,
        8,
        9
      ],
      [
        2,
        3,
        8,
        9
      ],
      [
        3,
        9
      ],
      []
    ]
  },
  "image_index": 26,
  "image_filename": "CLEVR_new_000026.png",
  "objects": [
    {
      "shape": "cone",
      "material": "metal",
      "pixel_coords": [
        257,
        136,
        25.112018585205078
      ],
      "3d_coords": [
        4.70167350769043,
        5.446618556976318,
        0.3499999940395355
      ],
      "group": 0,
      "color": "cyan",
      "rotation": 115.4250336169528,
      "size": "small"
    },
    {
      "shape": "sphere",
      "material": "metal",
      "pixel_coords": [
        250,
        113,
        26.243160247802734
      ],
      "3d_coords": [
        2.8202404975891113,
        6.134797096252441,
        0.5
      ],
      "group": 0,
      "color": "green",
      "rotation": 67.39901944118132,
      "size": "medium"
    },
    {
      "shape": "sphere",
      "material": "rubber",
      "pixel_coords": [
        161,
        130,
        25.003864288330078
      ],
      "3d_coords": [
        1.3899304866790771,
        -0.5771439671516418,
        0.699999988079071
      ],
      "group": 1,
      "color": "brown",
      "rotation": 41.3810858672798,
      "size": "large"
    },
    {
      "shape": "sphere",
      "material": "rubber",
      "pixel_coords": [
        146,
        146,
        24.56256103515625
      ],
      "3d_coords": [
        1.9180519580841064,
        -2.064945697784424,
        0.3499999940395355
      ],
      "group": 1,
      "color": "cyan",
      "rotation": 49.73571740544821,
      "size": "small"
    },
    {
      "shape": "cone",
      "material": "metal",
      "pixel_coords": [
        182,
        140,
        24.699331283569336
      ],
      "3d_coords": [
        2.7079648971557617,
        0.4144548177719116,
        0.5
      ],
      "group": 1,
      "color": "yellow",
      "rotation": 42.26768278414706,
      "size": "medium"
    },
    {
      "shape": "cylinder",
      "material": "rubber",
      "pixel_coords": [
        165,
        245,
        20.072975158691406
      ],
      "3d_coords": [
        8.727091789245605,
        -4.043430328369141,
        0.5
      ],
      "group": 2,
      "color": "green",
      "rotation": 272.9568692067567,
      "size": "medium"
    },
    {
      "shape": "cylinder",
      "material": "metal",
      "pixel_coords": [
        206,
        80,
        28.643739700317383
      ],
      "3d_coords": [
        -1.756958246231079,
        5.130293846130371,
        0.3499999940395355
      ],
      "group": 3,
      "color": "green",
      "rotation": 339.02101491926913,
      "size": "small"
    },
    {
      "shape": "cube",
      "material": "metal",
      "pixel_coords": [
        186,
        84,
        28.198820114135742
      ],
      "3d_coords": [
        -2.0547373294830322,
        3.3680295944213867,
        0.5
      ],
      "group": 3,
      "color": "gray",
      "rotation": 89.50378089587419,
      "size": "medium"
    },
    {
      "shape": "cylinder",
      "material": "metal",
      "pixel_coords": [
        174,
        76,
        28.969707489013672
      ],
      "3d_coords": [
        -3.3969430923461914,
        3.017796039581299,
        0.3499999940395355
      ],
      "group": 3,
      "color": "green",
      "rotation": 2.687826031387628,
      "size": "small"
    },
    {
      "shape": "sphere",
      "material": "metal",
      "pixel_coords": [
        107,
        78,
        28.790605545043945
      ],
      "3d_coords": [
        -5.623266696929932,
        -2.0630104541778564,
        0.3499999940395355
      ],
      "group": 4,
      "color": "purple",
      "rotation": 220.0520774612092,
      "size": "small"
    }
  ]
}