{
  "split": "new",
  "directions": {
    "front": [
      0.754490315914154,
      -0.6563112735748291,
      -0.0
    ],
    "above": [
      0.0,
      0.0,
      1.0
    ],
    "below": [
      -0.0,
      -0.0,
      -1.0
    ],
    "behind": [
      -0.754490315914154,
      0.6563112735748291,
      0.0
    ],
    "left": [
      -0.6563112735748291,
      -0.7544902563095093,
      0.0
    ],
    "right": [
      0.6563112735748291,
      0.7544902563095093,
      -0.0
    ]
  },
  "relationships": {
    "front": [
      [
        1
      ],
      [],
      [
        0,
        1,
        3,
        6,
        7
      ],
      [
        0,
        1,
        6
      ],
      [
        0,
        1,
        2,
        3,
        5,
        6,
        7
      ],
      [
        0,
        1,
        2,
        3,
        6,
        7
      ],
      [
        0,
        1
      ],
      [
        0,
        1,
        3,
        6
      ]
    ],
    "behind": [
      [
        2,
        3,
        4,
        5,
        6,
        7
      ],
      [
        0,
        2,
        3,
        4,
        5,
        6,
        7
      ],
      [
        4,
        5
      ],
      [
        2,
        4,
        5,
        7
      ],
      [],
      [
        4
      ],
      [
        2,
        3,
        4,
        5,
        7
      ],
      [
        2,
        4,
        5
      ]
    ],
    "right": [
      [
        4,
        5,
        6,
        7
      ],
      [
        0,
        2,
        4,
        5,
        6,
        7
      ],
      [
        0,
        4,
        5,
        6,
        7
      ],
      [
        0,
        2,
        4,
        5,
        6,
        7
      ],
      [
        5,
        6
      ],
      [],
      [],
      [
        5,
        6
      ]
    ],
    "left": [
      [
        1,
        2,
        3
      ],
      [],
      [
        1,
        3
      ],
      [],
      [
        0,
        1,
        2,
        3
      ],
      [
        0,
        1,
        2,
        3,
        4,
        7
      ],
      [
        0,
        1,
        2,
        3,
        4,
        7
      ],
      [
        0,
        1,
        2,
        3
      ]
    ]
  },
  "image_index": 11,
  "image_filename": "CLEVR_new_000011.png",
  "objects": [
    {
      "shape": "sphere",
      "material": "rubber",
      "pixel_coords": [
        156,
        163,
        23.82529067993164
      ],
      "3d_coords": [
        3.420982837677002,
        -2.030991315841675,
        0.3499999940395355
      ],
      "group": 0,
      "color": "red",
      "rotation": 22.118709810333247,
      "size": "small"
    },
    {
      "shape": "cylinder",
      "material": "rubber",
      "pixel_coords": [
        136,
        166,
        23.480852127075195
      ],
      "3d_coords": [
        3.1689436435699463,
        -3.3563547134399414,
        0.5
      ],
      "group": 0,
      "color": "cyan",
      "rotation": 268.03434353057196,
      "size": "medium"
    },
    {
      "shape": "cube",
      "material": "metal",
      "pixel_coords": [
        157,
        140,
        24.78717803955078
      ],
      "3d_coords": [
        1.8723304271697998,
        -1.2099491357803345,
        0.5
      ],
      "group": 0,
      "color": "red",
      "rotation": 344.88009947929737,
      "size": "medium"
    },
    {
      "shape": "cone",
      "material": "rubber",
      "pixel_coords": [
        141,
        150,
        24.47525978088379
      ],
      "3d_coords": [
        2.007221221923828,
        -2.5005509853363037,
        0.3499999940395355
      ],
      "group": 0,
      "color": "yellow",
      "rotation": 131.96499708623455,
      "size": "small"
    },
    {
      "shape": "sphere",
      "material": "rubber",
      "pixel_coords": [
        249,
        91,
        27.421598434448242
      ],
      "3d_coords": [
        1.062903881072998,
        7.301581382751465,
        0.699999988079071
      ],
      "group": 1,
      "color": "gray",
      "rotation": 90.80503493697746,
      "size": "large"
    },
    {
      "shape": "cylinder",
      "material": "metal",
      "pixel_coords": [
        268,
        114,
        26.033245086669922
      ],
      "3d_coords": [
        3.5416407585144043,
        7.222183704376221,
        0.699999988079071
      ],
      "group": 1,
      "color": "brown",
      "rotation": 238.7636801106817,
      "size": "large"
    },
    {
      "shape": "cone",
      "material": "metal",
      "pixel_coords": [
        261,
        179,
        22.906497955322266
      ],
      "3d_coords": [
        7.68023681640625,
        3.5837228298187256,
        0.5
      ],
      "group": 2,
      "color": "red",
      "rotation": 149.96756002894446,
      "size": "medium"
    },
    {
      "shape": "cube",
      "material": "rubber",
      "pixel_coords": [
        236,
        165,
        23.70559310913086
      ],
      "3d_coords": [
        6.023275852203369,
        2.740176200866699,
        0.3499999940395355
      ],
      "group": 2,
      "color": "brown",
      "rotation": 206.16321291057082,
      "size": "small"
    }
  ]
}