{
  "split": "new",
  "directions": {
    "front": [
      0.754490315914154,
      -0.6563112735748291,
      -0.0
    ],
    "above": [
      0.0,
      0.0,
      1.0
    ],
    "below": [
      -0.0,
      -0.0,
      -1.0
    ],
    "behind": [
      -0.754490315914154,
      0.6563112735748291,
      0.0
    ],
    "left": [
      -0.6563112735748291,
      -0.7544902563095093,
      0.0
    ],
    "right": [
      0.6563112735748291,
      0.7544902563095093,
      -0.0
    ]
  },
  "relationships": {
    "front": [
      [
        1,
        2,
        3,
        4,
        5,
        6,
        7,
        8,
        9,
        10,
        11,
        12
      ],
      [
        3,
        4,
        5,
        6,
        7,
        8,
        9,
        10,
        11,
        12
      ],
      [
        1,
        3,
        4,
        5,
        6,
        7,
        8,
        9,
        10,
        11,
        12
      ],
      [
        4,
        5,
        6,
        7,
        8,
        9,
        12
      ],
      [
        5,
        6,
        7,
        8,
        9,
        12
      ],
      [
        6,
        7,
        8,
        9,
        12
      ],
      [
        9,
        12
      ],
      [
        9,
        12
      ],
      [
        6,
        7,
        9,
        12
      ],
      [
        12
      ],
      [
        3,
        4,
        5,
        6,
        7,
        8,
        9,
        12
      ],
      [
        3,
        4,
        5,
        6,
        7,
        8,
        9,
        10,
        12
      ],
      []
    ],
    "behind": [
      [],
      [
        0,
        2
      ],
      [
        0
      ],
      [
        0,
        1,
        2,
        10,
        11
      ],
      [
        0,
        1,
        2,
        3,
        10,
        11
      ],
      [
        0,
        1,
        2,
        3,
        4,
        10,
        11
      ],
      [
        0,
        1,
        2,
        3,
        4,
        5,
        8,
        10,
        11
      ],
      [
        0,
        1,
        2,
        3,
        4,
        5,
        8,
        10,
        11
      ],
      [
        0,
        1,
        2,
        3,
        4,
        5,
        10,
        11
      ],
      [
        0,
        1,
        2,
        3,
        4,
        5,
        6,
        7,
        8,
        10,
        11
      ],
      [
        0,
        1,
        2,
        11
      ],
      [
        0,
        1,
        2
      ],
      [
        0,
        1,
        2,
        3,
        4,
        5,
        6,
        7,
        8,
        9,
        10,
        11
      ]
    ],
    "right": [
      [
        1,
        7,
        8,
        10,
        11,
        12
      ],
      [
        10,
        11,
        12
      ],
      [
        0,
        1,
        7,
        8,
        9,
        10,
        11,
        12
      ],
      [
        0,
        1,
        2,
        5,
        6,
        7,
        8,
        9,
        10,
        11,
        12
      ],
      [
        0,
        1,
        2,
        3,
        5,
        6,
        7,
        8,
        9,
        10,
        11,
        12
      ],
      [
        0,
        1,
        2,
        6,
        7,
        8,
        9,
        10,
        11,
        12
      ],
      [
        0,
        1,
        7,
        8,
        9,
        10,
        11,
        12
      ],
      [
        1,
        10,
        11,
        12
      ],
      [
        1,
        7,
        10,
        11,
        12
      ],
      [
        1,
        7,
        8,
        10,
        11,
        12
      ],
      [],
      [
        10,
        12
      ],
      [
        10
      ]
    ],
    "left": [
      [
        2,
        3,
        4,
        5,
        6
      ],
      [
        0,
        2,
        3,
        4,
        5,
        6,
        7,
        8,
        9
      ],
      [
        3,
        4,
        5
      ],
      [
        4
      ],
      [],
      [
        3,
        4
      ],
      [
        3,
        4,
        5
      ],
      [
        0,
        2,
        3,
        4,
        5,
        6,
        8,
        9
      ],
      [
        0,
        2,
        3,
        4,
        5,
        6,
        9
      ],
      [
        2,
        3,
        4,
        5,
        6
      ],
      [
        0,
        1,
        2,
        3,
        4,
        5,
        6,
        7,
        8,
        9,
        11,
        12
      ],
      [
        0,
        1,
        2,
        3,
        4,
        5,
        6,
        7,
        8,
        9
      ],
      [
        0,
        1,
        2,
        3,
        4,
        5,
        6,
        7,
        8,
        9,
        11
      ]
    ]
  },
  "image_index": 8,
  "image_filename": "CLEVR_new_000008.png",
  "objects": [
    {
      "shape": "sphere",
      "material": "rubber",
      "pixel_coords": [
        228,
        38,
        32.166778564453125
      ],
      "3d_coords": [
        -5.299421310424805,
        9.830228805541992,
        0.3499999940395355
      ],
      "group": 0,
      "color": "purple",
      "rotation": 229.24702982443824,
      "size": "small"
    },
    {
      "shape": "sphere",
      "material": "rubber",
      "pixel_coords": [
        238,
        54,
        30.301021575927734
      ],
      "3d_coords": [
        -2.7686760425567627,
        9.085042953491211,
        0.699999988079071
      ],
      "group": 0,
      "color": "gray",
      "rotation": 174.8703482097508,
      "size": "large"
    },
    {
      "shape": "cylinder",
      "material": "metal",
      "pixel_coords": [
        217,
        43,
        31.77880096435547
      ],
      "3d_coords": [
        -5.241702556610107,
        8.568982124328613,
        0.3499999940395355
      ],
      "group": 0,
      "color": "blue",
      "rotation": 220.16572767436713,
      "size": "small"
    },
    {
      "shape": "cylinder",
      "material": "metal",
      "pixel_coords": [
        131,
        88,
        28.159696578979492
      ],
      "3d_coords": [
        -3.629981756210327,
        -0.7085654735565186,
        0.5
      ],
      "group": 1,
      "color": "brown",
      "rotation": 165.4783246634435,
      "size": "medium"
    },
    {
      "shape": "cube",
      "material": "rubber",
      "pixel_coords": [
        112,
        95,
        27.895475387573242
      ],
      "3d_coords": [
        -3.767986536026001,
        -2.328155279159546,
        0.3499999940395355
      ],
      "group": 1,
      "color": "yellow",
      "rotation": 128.90466143712078,
      "size": "small"
    },
    {
      "shape": "cube",
      "material": "rubber",
      "pixel_coords": [
        134,
        112,
        26.641544342041016
      ],
      "3d_coords": [
        -1.2745823860168457,
        -1.5395052433013916,
        0.5
      ],
      "group": 1,
      "color": "red",
      "rotation": 82.87211453138907,
      "size": "medium"
    },
    {
      "shape": "cone",
      "material": "rubber",
      "pixel_coords": [
        196,
        145,
        24.783096313476562
      ],
      "3d_coords": [
        3.4977123737335205,
        1.0838489532470703,
        0.5
      ],
      "group": 2,
      "color": "red",
      "rotation": 205.4020513469954,
      "size": "medium"
    },
    {
      "shape": "cone",
      "material": "metal",
      "pixel_coords": [
        218,
        149,
        24.734609603881836
      ],
      "3d_coords": [
        4.457426071166992,
        2.343078851699829,
        0.3499999940395355
      ],
      "group": 2,
      "color": "gray",
      "rotation": 80.09830589984058,
      "size": "small"
    },
    {
      "shape": "cone",
      "material": "rubber",
      "pixel_coords": [
        216,
        133,
        25.430973052978516
      ],