{
  "split": "new",
  "directions": {
    "front": [
      0.754490315914154,
      -0.6563112735748291,
      -0.0
    ],
    "above": [
      0.0,
      0.0,
      1.0
    ],
    "below": [
      -0.0,
      -0.0,
      -1.0
    ],
    "behind": [
      -0.754490315914154,
      0.6563112735748291,
      0.0
    ],
    "left": [
      -0.6563112735748291,
      -0.7544902563095093,
      0.0
    ],
    "right": [
      0.6563112735748291,
      0.7544902563095093,
      -0.0
    ]
  },
  "relationships": {
    "front": [
      [
        1,
        2,
        3,
        4,
        5,
        6,
        7,
        8
      ],
      [],
      [
        1
      ],
      [
        1,
        2
      ],
      [
        1,
        2,
        3
      ],
      [
        1,
        2,
        3,
        4,
        6,
        7,
        8
      ],
      [
        1,
        2,
        3,
        4,
        7,
        8
      ],
      [
        1,
        2,
        3
      ],
      [
        1,
        2,
        3
      ]
    ],
    "behind": [
      [],
      [
        0,
        2,
        3,
        4,
        5,
        6,
        7,
        8
      ],
      [
        0,
        3,
        4,
        5,
        6,
        7,
        8
      ],
      [
        0,
        4,
        5,
        6,
        7,
        8
      ],
      [
        0,
        5,
        6
      ],
      [
        0
      ],
      [
        0,
        5
      ],
      [
        0,
        5,
        6
      ],
      [
        0,
        5,
        6
      ]
    ],
    "right": [
      [
        1,
        2,
        3,
        4,
        5
      ],
      [
        2,
        3,
        4,
        5
      ],
      [
        4
      ],
      [
        2,
        4,
        5
      ],
      [],
      [
        2,
        4
      ],
      [
        0,
        1,
        2,
        3,
        4,
        5
      ],
      [
        0,
        1,
        2,
        3,
        4,
        5,
        6,
        8
      ],
      [
        0,
        1,
        2,
        3,
        4,
        5,
        6
      ]
    ],
    "left": [
      [
        6,
        7,
        8
      ],
      [
        0,
        6,
        7,
        8
      ],
      [
        0,
        1,
        3,
        5,
        6,
        7,
        8
      ],
      [
        0,
        1,
        6,
        7,
        8
      ],
      [
        0,
        1,
        2,
        3,
        5,
        6,
        7,
        8
      ],
      [
        0,
        1,
        3,
        6,
        7,
        8
      ],
      [
        7,
        8
      ],
      [],
      [
        7
      ]
    ]
  },
  "image_index": 14,
  "image_filename": "CLEVR_new_000014.png",
  "objects": [
    {
      "shape": "sphere",
      "material": "rubber",
      "pixel_coords": [
        206,
        62,
        30.36725616455078
      ],
      "3d_coords": [
        -3.6461496353149414,
        6.323507308959961,
        0.3499999940395355
      ],
      "group": 0,
      "color": "brown",
      "rotation": 305.4499347916812,
      "size": "small"
    },
    {
      "shape": "cylinder",
      "material": "rubber",
      "pixel_coords": [
        217,
        225,
        21.218374252319336
      ],
      "3d_coords": [
        9.15820026397705,
        -0.7291658520698547,
        0.5
      ],
      "group": 1,
      "color": "green",
      "rotation": 100.04629824043145,
      "size": "medium"
    },
    {
      "shape": "cone",
      "material": "metal",
      "pixel_coords": [
        253,
        228,
        20.91262435913086
      ],
      "3d_coords": [
        10.314484596252441,
        1.0416022539138794,
        0.699999988079071
      ],
      "group": 1,
      "color": "cyan",
      "rotation": 262.5154533451785,
      "size": "large"
    },
    {
      "shape": "cube",
      "material": "rubber",
      "pixel_coords": [
        231,
        213,
        21.862163543701172
      ],
      "3d_coords": [
        8.841341018676758,
        0.537000834941864,
        0.3499999940395355
      ],
      "group": 1,
      "color": "gray",
      "rotation": 26.87388817123143,
      "size": "small"
    },
    {
      "shape": "sphere",
      "material": "rubber",
      "pixel_coords": [
        267,
        133,
        25.26460838317871
      ],
      "3d_coords": [
        4.99530553817749,
        6.13849401473999,
        0.699999988079071
      ],
      "group": 2,
      "color": "red",
      "rotation": 141.8686090674067,
      "size": "large"
    },
    {
      "shape": "cylinder",
      "material": "rubber",
      "pixel_coords": [
        249,
        114,
        26.797853469848633
      ],
      "3d_coords": [
        2.7586822509765625,
        6.217649936676025,
        0.3499999940395355
      ],
      "group": 2,
      "color": "yellow",
      "rotation": 148.28880670655903,
      "size": "small"
    },
    {
      "shape": "cone",
      "material": "metal",
      "pixel_coords": [
        154,
        105,
        27.372848510742188
      ],
      "3d_coords": [
        -1.3259153366088867,
        0.14368471503257751,
        0.3499999940395355
      ],
      "group": 3,
      "color": "yellow",
      "rotation": 13.321973538177252,
      "size": "small"
    },
    {
      "shape": "cone",
      "material": "rubber",
      "pixel_coords": [
        122,
        105,
        27.331512451171875
      ],
      "3d_coords": [
        -2.3954951763153076,
        -2.139554738998413,
        0.3499999940395355
      ],
      "group": 3,
      "color": "purple",
      "rotation": 258.9459660055502,
      "size": "small"
    },
    {
      "shape": "sphere",
      "material": "metal",
      "pixel_coords": [
        136,
        109,
        27.124568939208984
      ],
      "3d_coords": [
        -1.6001805067062378,
        -1.29976224899292,
        0.3499999940395355
      ],
      "group": 3,
      "color": "red",
      "rotation": 34.695796604856234,
      "size": "small"
    }
  ]
}