{
  "split": "new",
  "directions": {
    "front": [
      0.754490315914154,
      -0.6563112735748291,
      -0.0
    ],
    "above": [
      0.0,
      0.0,
      1.0
    ],
    "below": [
      -0.0,
      -0.0,
      -1.0
    ],
    "behind": [
      -0.754490315914154,
      0.6563112735748291,
      0.0
    ],
    "left": [
      -0.6563112735748291,
      -0.7544902563095093,
      0.0
    ],
    "right": [
      0.6563112735748291,
      0.7544902563095093,
      -0.0
    ]
  },
  "relationships": {
    "front": [
      [
        1,
        2,
        3,
        4,
        6,
        7,
        11
      ],
      [],
      [],
      [
        1,
        2
      ],
      [
        1,
        2,
        3
      ],
      [
        0,
        1,
        2,
        3,
        4,
        6,
        7,
        11
      ],
      [
        1,
        2,
        3,
        4,
        7
      ],
      [
        1,
        2,
        3,
        4
      ],
      [
        0,
        1,
        2,
        3,
        4,
        5,
        6,
        7,
        10,
        11,
        12,
        13
      ],
      [
        0,
        1,
        2,
        3,
        4,
        5,
        6,
        7,
        10,
        11,
        12,
        13
      ],
      [
        0,
        1,
        2,
        3,
        4,
        5,
        6,
        7,
        11,
        12,
        13
      ],
      [
        1,
        2,
        3,
        4,
        6,
        7
      ],
      [
        0,
        1,
        2,
        3,
        4,
        5,
        6,
        7,
        11
      ],
      [
        0,
        1,
        2,
        3,
        4,
        5,
        6,
        7,
        11
      ]
    ],
    "behind": [
      [
        5,
        8,
        9,
        10,
        12,
        13
      ],
      [
        0,
        3,
        4,
        5,
        6,
        7,
        8,
        9,
        10,
        11,
        12,
        13
      ],
      [
        0,
        3,
        4,
        5,
        6,
        7,
        8,
        9,
        10,
        11,
        12,
        13
      ],
      [
        0,
        4,
        5,
        6,
        7,
        8,
        9,
        10,
        11,
        12,
        13
      ],
      [
        0,
        5,
        6,
        7,
        8,
        9,
        10,
        11,
        12,
        13
      ],
      [
        8,
        9,
        10,
        12,
        13
      ],
      [
        0,
        5,
        8,
        9,
        10,
        11,
        12,
        13
      ],
      [
        0,
        5,
        6,
        8,
        9,
        10,
        11,
        12,
        13
      ],
      [],
      [],
      [
        8,
        9
      ],
      [
        0,
        5,
        8,
        9,
        10,
        12,
        13
      ],
      [
        8,
        9,
        10
      ],
      [
        8,
        9,
        10
      ]
    ],
    "right": [
      [],
      [
        0,
        2,
        3,
        7,
        8,
        9
      ],
      [
        0,
        8
      ],
      [
        0,
        8
      ],
      [
        0,
        1,
        2,
        3,
        5,
        7,
        8,
        9
      ],
      [
        0,
        1,
        2,
        3,
        7,
        8,
        9
      ],
      [
        0,
        1,
        2,
        3,
        4,
        5,
        7,
        8,
        9
      ],
      [
        0,
        2,
        3,
        8
      ],
      [
        0
      ],
      [
        0,
        2,
        3,
        8
      ],
      [
        0,
        1,
        2,
        3,
        4,
        5,
        6,
        7,
        8,
        9,
        13
      ],
      [
        0,
        1,
        2,
        3,
        4,
        5,
        6,
        7,
        8,
        9,
        13
      ],
      [
        0,
        1,
        2,
        3,
        4,
        5,
        6,
        7,
        8,
        9,
        10,
        11,
        13
      ],
      [
        0,
        1,
        2,
        3,
        4,
        5,
        6,
        7,
        8,
        9
      ]
    ],
    "left": [
      [
        1,
        2,
        3,
        4,
        5,
        6,
        7,
        8,
        9,
        10,
        11,
        12,
        13
      ],
      [
        4,
        5,
        6,
        10,
        11,
        12,
        13
      ],
      [
        1,
        4,
        5,
        6,
        7,
        9,
        10,
        11,
        12,
        13
      ],
      [
        1,
        4,
        5,
        6,
        7,
        9,
        10,
        11,
        12,
        13
      ],
      [
        6,
        10,
        11,
        12,
        13
      ],
      [
        4,
        6,
        10,
        11,
        12,
        13
      ],
      [
        10,
        11,
        12,
        13
      ],
      [
        1,
        4,
        5,
        6,
        10,
        11,
        12,
        13
      ],
      [
        1,
        2,
        3,
        4,
        5,
        6,
        7,
        9,
        10,
        11,
        12,
        13
      ],
      [
        1,
        4,
        5,
        6,
        10,
        11,
        12,
        13
      ],
      [
        12
      ],
      [
        12
      ],
      [],
      [
        10,
        11,
        12
      ]
    ]
  },
  "image_index": 3,
  "image_filename": "CLEVR_new_000003.png",
  "objects": [
    {
      "shape": "cone",
      "material": "rubber",
      "pixel_coords": [
        298,
        130,
        24.754779815673828
      ],
      "3d_coords": [
        5.525080680847168,
        8.148857116699219,
        0.5
      ],
      "group": 0,
      "color": "gray",
      "rotation": 31.22023511758821,
      "size": "medium"
    },
    {
      "shape": "cube",
      "material": "rubber",
      "pixel_coords": [
        169,
        215,
        21.059616088867188
      ],
      "3d_coords": [
        6.936359882354736,
        -2.9155750274658203,
        0.3499999940395355
      ],
      "group": 1,
      "color": "cyan",
      "rotation": 332.45965780303305,
      "size": "small"
    },
    {
      "shape": "cone",
      "material": "metal",
      "pixel_coords": [
        199,
        221,
        20.82530403137207
      ],
      "3d_coords": [
        8.079222679138184,
        -1.496573805809021,
        0.3499999940395355
      ],
      "group": 1,
      "color": "gray",
      "rotation": 231.4321126066629,
      "size": "small"
    },
    {
      "shape": "sphere",
      "material": "metal",
      "pixel_coords": [
        204,
        190,
        21.70941925048828
      ],
      "3d_coords": [
        6.570911407470703,
        -0.2719660997390747,
        0.699999988079071
      ],
      "group": 1,
      "color": "gray",
      "rotation": 10.536113680405009,
      "size": "large"
    },
    {
      "shape": "sphere",
      "material": "metal",
      "pixel_coords": [
        175,
        126,
        24.967519760131836
      ],
      "3d_coords": [
        1.3050835132598877,
        0.5365865230560303,
        0.5
      ],
      "group": 2,
      "color": "purple",
      "rotation": 84.3412881449992,
      "size": "medium"
    },
    {
      "shape": "cone",
      "material": "metal",
      "pixel_coords": [
        186,
        105,
        26.159366607666016
      ],
      "3d_coords": [
        -0.051999062299728394,
        2.173947811126709,
        0.5
      ],
      "group": 2,
      "color": "red",
      "rotation": 83.0200635350252,
      "size": "medium"
    },
    {
      "shape": "sphere",
      "material": "metal",
      "pixel_coords": [
        166,
        112,
        25.93623924255371
      ],
      "3d_coords": [
        -0.23109029233455658,
        0.5751643776893616,
        0.3499999940395355
      ],
      "group": 2,
      "color": "green",
      "rotation": 161.09572156761288,