{
  "split": "new",
  "directions": {
    "front": [
      0.754490315914154,
      -0.6563112735748291,
      -0.0
    ],
    "above": [
      0.0,
      0.0,
      1.0
    ],
    "below": [
      -0.0,
      -0.0,
      -1.0
    ],
    "behind": [
      -0.754490315914154,
      0.6563112735748291,
      0.0
    ],
    "left": [
      -0.6563112735748291,
      -0.7544902563095093,
      0.0
    ],
    "right": [
      0.6563112735748291,
      0.7544902563095093,
      -0.0
    ]
  },
  "relationships": {
    "front": [
      [
        4,
        5,
        6,
        7,
        8
      ],
      [
        0,
        4,
        5,
        6,
        7,
        8
      ],
      [
        0,
        1,
        3,
        4,
        5,
        6,
        7,
        8
      ],
      [
        0,
        1,
        4,
        5,
        6,
        7,
        8
      ],
      [
        5,
        6,
        7,
        8
      ],
      [],
      [
        5,
        7
      ],
      [
        5
      ],
      [
        5,
        7
      ],
      [
        0,
        1,
        2,
        3,
        4,
        5,
        6,
        7,
        8,
        10
      ],
      [
        0,
        1,
        2,
        3,
        4,
        5,
        6,
        7,
        8
      ],
      [
        0,
        1,
        2,
        3,
        4,
        5,
        6,
        7,
        8,
        9,
        10
      ],
      [
        0,
        1,
        2,
        3,
        4,
        5,
        6,
        7,
        8,
        9,
        10
      ]
    ],
    "behind": [
      [
        1,
        2,
        3,
        9,
        10,
        11,
        12
      ],
      [
        2,
        3,
        9,
        10,
        11,
        12
      ],
      [
        9,
        10,
        11,
        12
      ],
      [
        2,
        9,
        10,
        11,
        12
      ],
      [
        0,
        1,
        2,
        3,
        9,
        10,
        11,
        12
      ],
      [
        0,
        1,
        2,
        3,
        4,
        6,
        7,
        8,
        9,
        10,
        11,
        12
      ],
      [
        0,
        1,
        2,
        3,
        4,
        9,
        10,
        11,
        12
      ],
      [
        0,
        1,
        2,
        3,
        4,
        6,
        8,
        9,
        10,
        11,
        12
      ],
      [
        0,
        1,
        2,
        3,
        4,
        9,
        10,
        11,
        12
      ],
      [
        11,
        12
      ],
      [
        9,
        11,
        12
      ],
      [],
      []
    ],
    "right": [
      [
        1,
        2,
        3,
        4,
        5,
        6,
        7,
        9,
        10,
        11,
        12
      ],
      [],
      [
        1
      ],
      [
        1,
        2,
        4
      ],
      [
        1
      ],
      [
        1,
        2,
        3,
        4
      ],
      [
        1,
        2,
        3,
        4,
        5,
        9
      ],
      [
        1,
        2,
        3,
        4,
        5,
        6,
        9,
        11
      ],
      [
        0,
        1,
        2,
        3,
        4,
        5,
        6,
        7,
        9,
        10,
        11,
        12
      ],
      [
        1,
        2,
        3,
        4
      ],
      [
        1,
        2,
        3,
        4,
        5,
        6,
        9,
        11
      ],
      [
        1,
        2,
        3,
        4,
        5,
        6,
        9
      ],
      [
        1,
        2,
        3,
        4,
        5,
        6,
        7,
        9,
        10,
        11
      ]
    ],
    "left": [
      [
        8
      ],
      [
        0,
        2,
        3,
        4,
        5,
        6,
        7,
        8,
        9,
        10,
        11,
        12
      ],
      [
        0,
        3,
        5,
        6,
        7,
        8,
        9,
        10,
        11,
        12
      ],
      [
        0,
        5,
        6,
        7,
        8,
        9,
        10,
        11,
        12
      ],
      [
        0,
        3,
        5,
        6,
        7,
        8,
        9,
        10,
        11,
        12
      ],
      [
        0,
        6,
        7,
        8,
        10,
        11,
        12
      ],
      [
        0,
        7,
        8,
        10,
        11,
        12
      ],
      [
        0,
        8,
        12
      ],
      [],
      [
        0,
        6,
        7,
        8,
        10,
        11,
        12
      ],
      [
        0,
        8,
        12
      ],
      [
        0,
        7,
        8,
        10,
        12
      ],
      [
        0,
        8
      ]
    ]
  },
  "image_index": 16,
  "image_filename": "CLEVR_new_000016.png",
  "objects": [
    {
      "shape": "sphere",
      "material": "rubber",
      "pixel_coords": [
        187,
        113,
        25.574325561523438
      ],
      "3d_coords": [
        0.6425544023513794,
        1.9159200191497803,
        0.5
      ],
      "group": 0,
      "color": "purple",
      "rotation": 128.1781352462773,
      "size": "medium"
    },
    {
      "shape": "cone",
      "material": "metal",
      "pixel_coords": [
        308,
        124,
        24.731781005859375
      ],
      "3d_coords": [
        5.296812534332275,
        9.048890113830566,
        0.699999988079071
      ],
      "group": 1,
      "color": "gray",
      "rotation": 86.5137222950675,
      "size": "large"
    },
    {
      "shape": "cone",
      "material": "metal",
      "pixel_coords": [
        292,
        104,
        25.831220626831055
      ],
      "3d_coords": [
        3.371900796890259,
        9.205674171447754,
        0.699999988079071
      ],
      "group": 1,
      "color": "purple",
      "rotation": 151.00284755541216,
      "size": "large"
    },
    {
      "shape": "sphere",
      "material": "rubber",
      "pixel_coords": [
        273,
        113,
        25.558780670166016
      ],
      "3d_coords": [
        3.358227014541626,
        7.537139892578125,
        0.5
      ],
      "group": 1,
      "color": "green",
      "rotation": 74.50715113405465,
      "size": "medium"
    },
    {
      "shape": "sphere",
      "material": "metal",
      "pixel_coords": [
        289,
        139,
        23.92380714416504
      ],
      "3d_coords": [
        5.784815788269043,
        6.9954833984375,
        0.699999988079071
      ],
      "group": 1,
      "color": "yellow",
      "rotation": 223.2460888561848,
      "size": "large"
    },
    {
      "shape": "cylinder",
      "material": "rubber",
      "pixel_coords": [
        231,
        203,
        21.102554321289062
      ],
      "3d_coords": [
        7.999266624450684,
        0.8932114243507385,
        0.699999988079071
      ],
      "group": 2,
      "color": "red",
      "rotation": 134.2455876652436,
      "size": "large"
    },
    {
      "shape": "cone",
      "material": "metal",
      "pixel_coords": [
        232,
        173,
        22.35170555114746
      ],
      "3d_coords": [
        6.28468656539917,
        2.059565544128418,
        0.699999988079071
      ],
      "group": 2,
      "color": "red",
      "rotation": 16.396098317873424,
      "size": "large"
    },
    {
      "shape": "cone",
      "material": "rubber",
      "pixel_coords": [
        203,
        180,
        22.04120445251465
      ],
      "3d_coords": [
        5.929014205932617,
        0.1342260092496872,
        0.699999988079071
      ],
      "group": 2,
      "color": "purple",
      "rotation": 209.00024373855916,
      "size": "large"
    },
    {
      "shape": "cylinder",
      "material": "metal",
      "pixel_coords": [
        132,
        149,
        23.678569793701172
      ],
      "3d_coords": [
        1.780652642250061,
        -2.9164514541625977,
        0.5
      ],