{
  "split": "new",
  "directions": {
    "front": [
      0.754490315914154,
      -0.6563112735748291,
      -0.0
    ],
    "above": [
      0.0,
      0.0,
      1.0
    ],
    "below": [
      -0.0,
      -0.0,
      -1.0
    ],
    "behind": [
      -0.754490315914154,
      0.6563112735748291,
      0.0
    ],
    "left": [
      -0.6563112735748291,
      -0.7544902563095093,
      0.0
    ],
    "right": [
      0.6563112735748291,
      0.7544902563095093,
      -0.0
    ]
  },
  "relationships": {
    "front": [
      [
        2,
        3
      ],
      [
        2,
        3
      ],
      [],
      [
        2
      ],
      [
        0,
        1,
        2,
        3,
        7,
        9,
        10,
        11
      ],
      [
        0,
        1,
        2,
        3,
        4,
        7,
        8,
        9,
        10,
        11
      ],
      [
        0,
        1,
        2,
        3,
        4,
        5,
        7,
        8,
        9,
        10,
        11
      ],
      [
        0,
        1,
        2,
        3,
        9,
        10,
        11
      ],
      [
        0,
        1,
        2,
        3,
        7,
        9,
        10,
        11
      ],
      [
        0,
        1,
        2,
        3,
        11
      ],
      [
        0,
        1,
        2,
        3,
        11
      ],
      [
        2,
        3
      ]
    ],
    "behind": [
      [
        4,
        5,
        6,
        7,
        8,
        9,
        10
      ],
      [
        4,
        5,
        6,
        7,
        8,
        9,
        10
      ],
      [
        0,
        1,
        3,
        4,
        5,
        6,
        7,
        8,
        9,
        10,
        11
      ],
      [
        0,
        1,
        4,
        5,
        6,
        7,
        8,
        9,
        10,
        11
      ],
      [
        5,
        6
      ],
      [
        6
      ],
      [],
      [
        4,
        5,
        6,
        8
      ],
      [
        5,
        6
      ],
      [
        4,
        5,
        6,
        7,
        8
      ],
      [
        4,
        5,
        6,
        7,
        8
      ],
      [
        4,
        5,
        6,
        7,
        8,
        9,
        10
      ]
    ],
    "right": [
      [
        1,
        2,
        3,
        4,
        5,
        6,
        7
      ],
      [
        3,
        4,
        5,
        6,
        7
      ],
      [
        1,
        3,
        4,
        5,
        6,
        7
      ],
      [
        4,
        5,
        6,
        7
      ],
      [],
      [
        4,
        6,
        7
      ],
      [
        4
      ],
      [
        4,
        6
      ],
      [
        0,
        1,
        2,
        3,
        4,
        5,
        6,
        7,
        9
      ],
      [
        0,
        1,
        2,
        3,
        4,
        5,
        6,
        7
      ],
      [
        0,
        1,
        2,
        3,
        4,
        5,
        6,
        7,
        8,
        9,
        11
      ],
      [
        0,
        1,
        2,
        3,
        4,
        5,
        6,
        7,
        9
      ]
    ],
    "left": [
      [
        8,
        9,
        10,
        11
      ],
      [
        0,
        2,
        8,
        9,
        10,
        11
      ],
      [
        0,
        8,
        9,
        10,
        11
      ],
      [
        0,
        1,
        2,
        8,
        9,
        10,
        11
      ],
      [
        0,
        1,
        2,
        3,
        5,
        6,
        7,
        8,
        9,
        10,
        11
      ],
      [
        0,
        1,
        2,
        3,
        8,
        9,
        10,
        11
      ],
      [
        0,
        1,
        2,
        3,
        5,
        7,
        8,
        9,
        10,
        11
      ],
      [
        0,
        1,
        2,
        3,
        5,
        8,
        9,
        10,
        11
      ],
      [
        10
      ],
      [
        8,
        10,
        11
      ],
      [],
      [
        10
      ]
    ]
  },
  "image_index": 39,
  "image_filename": "CLEVR_new_000039.png",
  "objects": [
    {
      "shape": "cylinder",
      "material": "metal",
      "pixel_coords": [
        146,
        118,
        26.08396339416504
      ],
      "3d_coords": [
        -0.3699043095111847,
        -0.9988561272621155,
        0.3499999940395355
      ],
      "group": 0,
      "color": "red",
      "rotation": 150.1303185036076,
      "size": "small"
    },
    {
      "shape": "cone",
      "material": "rubber",
      "pixel_coords": [
        161,
        121,
        25.895618438720703
      ],
      "3d_coords": [
        0.3804062604904175,
        -0.12286511063575745,
        0.3499999940395355
      ],
      "group": 0,
      "color": "blue",
      "rotation": 111.04509271843986,
      "size": "small"
    },
    {
      "shape": "sphere",
      "material": "rubber",
      "pixel_coords": [
        146,
        139,
        24.916522979736328
      ],
      "3d_coords": [
        1.3856229782104492,
        -1.7313472032546997,
        0.3499999940395355
      ],
      "group": 0,
      "color": "brown",
      "rotation": 235.62410395691177,
      "size": "small"
    },
    {
      "shape": "cylinder",
      "material": "metal",
      "pixel_coords": [
        167,
        134,
        25.015939712524414
      ],
      "3d_coords": [
        1.6826722621917725,
        -0.2654479444026947,
        0.5
      ],
      "group": 0,
      "color": "red",
      "rotation": 223.56533489061408,
      "size": "medium"
    },
    {
      "shape": "cone",
      "material": "rubber",
      "pixel_coords": [
        256,
        111,
        26.49857521057129
      ],
      "3d_coords": [
        2.5752480030059814,
        6.856842041015625,
        0.3499999940395355
      ],
      "group": 1,
      "color": "gray",
      "rotation": 35.79372362874232,
      "size": "small"
    },
    {
      "shape": "cone",
      "material": "metal",
      "pixel_coords": [
        229,
        94,
        27.121980667114258
      ],
      "3d_coords": [
        0.42392438650131226,
        5.721510410308838,
        0.699999988079071
      ],
      "group": 1,
      "color": "yellow",
      "rotation": 3.0000019315049853,
      "size": "large"
    },
    {
      "shape": "sphere",
      "material": "rubber",
      "pixel_coords": [
        254,
        96,
        27.223630905151367
      ],
      "3d_coords": [
        1.3298081159591675,
        7.434638977050781,
        0.5
      ],
      "group": 1,
      "color": "cyan",
      "rotation": 131.21214367501426,
      "size": "medium"
    },
    {
      "shape": "cone",
      "material": "rubber",
      "pixel_coords": [
        241,
        114,
        26.139158248901367
      ],
      "3d_coords": [
        2.399047613143921,
        5.55903434753418,
        0.5
      ],
      "group": 1,
      "color": "red",
      "rotation": 318.5919476786445,
      "size": "medium"
    },
    {
      "shape": "cone",
      "material": "metal",
      "pixel_coords": [
        102,
        77,
        28.216434478759766
      ],
      "3d_coords": [
        -5.438784599304199,
        -2.5672409534454346,
        0.699999988079071
      ],
      "group": 2,
      "color": "green",
      "rotation": 30.931643252780358,
      "size": "large"
    },
    {
      "shape": "cube",
      "material": "metal",
      "pixel_coords": [
        105,
        95,
        27.48088836669922
      ],
      "3d_coords": [
        -3.8267619609832764,
        -3.009050130844116,
        0.3499999940395355
      ],
      "group": 2,
      "color": "cyan",
      "rotation": 314.3302159390981,
      "size": "small"
    },
    {
      "shape": "cube",
      "material": "metal",
      "pixel_coords": [
        77,
        88,
        27.788972854614258
      ],