{
  "split": "new",
  "directions": {
    "front": [
      0.754490315914154,
      -0.6563112735748291,
      -0.0
    ],
    "above": [
      0.0,
      0.0,
      1.0
    ],
    "below": [
      -0.0,
      -0.0,
      -1.0
    ],
    "behind": [
      -0.754490315914154,
      0.6563112735748291,
      0.0
    ],
    "left": [
      -0.6563112735748291,
      -0.7544902563095093,
      0.0
    ],
    "right": [
      0.6563112735748291,
      0.7544902563095093,
      -0.0
    ]
  },
  "relationships": {
    "front": [
      [
        1,
        2,
        3,
        4,
        5,
        6,
        7,
        8
      ],
      [
        2,
        3,
        4,
        5,
        6,
        7,
        8
      ],
      [
        5
      ],
      [
        2,
        5
      ],
      [
        2,
        3,
        5,
        6,
        7
      ],
      [],
      [
        2,
        3,
        5
      ],
      [
        2,
        5
      ],
      [
        2,
        3,
        4,
        5,
        6,
        7
      ],
      [
        0,
        1,
        2,
        3,
        4,
        5,
        6,
        7,
        8
      ]
    ],
    "behind": [
      [
        9
      ],
      [
        0,
        9
      ],
      [
        0,
        1,
        3,
        4,
        6,
        7,
        8,
        9
      ],
      [
        0,
        1,
        4,
        6,
        8,
        9
      ],
      [
        0,
        1,
        8,
        9
      ],
      [
        0,
        1,
        2,
        3,
        4,
        6,
        7,
        8,
        9
      ],
      [
        0,
        1,
        4,
        8,
        9
      ],
      [
        0,
        1,
        4,
        8,
        9
      ],
      [
        0,
        1,
        9
      ],
      []
    ],
    "right": [
      [
        5,
        7,
        8
      ],
      [
        5,
        6,
        7,
        8
      ],
      [
        0,
        1,
        3,
        5,
        6,
        7,
        8,
        9
      ],
      [
        0,
        1,
        5,
        6,
        7,
        8,
        9
      ],
      [
        0,
        1,
        2,
        3,
        5,
        6,
        7,
        8,
        9
      ],
      [
        7,
        8
      ],
      [
        5,
        7,
        8
      ],
      [],
      [
        7
      ],
      [
        0,
        1,
        5,
        6,
        7,
        8
      ]
    ],
    "left": [
      [
        2,
        3,
        4,
        9
      ],
      [
        2,
        3,
        4,
        9
      ],
      [
        4
      ],
      [
        2,
        4
      ],
      [],
      [
        0,
        1,
        2,
        3,
        4,
        6,
        9
      ],
      [
        1,
        2,
        3,
        4,
        9
      ],
      [
        0,
        1,
        2,
        3,
        4,
        5,
        6,
        8,
        9
      ],
      [
        0,
        1,
        2,
        3,
        4,
        5,
        6,
        9
      ],
      [
        2,
        3,
        4
      ]
    ]
  },
  "image_index": 21,
  "image_filename": "CLEVR_new_000021.png",
  "objects": [
    {
      "shape": "cone",
      "material": "rubber",
      "pixel_coords": [
        236,
        113,
        25.772933959960938
      ],
      "3d_coords": [
        2.3274238109588623,
        5.101357460021973,
        0.5
      ],
      "group": 0,
      "color": "brown",
      "rotation": 112.82942366213764,
      "size": "medium"
    },
    {
      "shape": "cylinder",
      "material": "rubber",
      "pixel_coords": [
        231,
        133,
        24.414575576782227
      ],
      "3d_coords": [
        3.7617015838623047,
        3.6427292823791504,
        0.699999988079071
      ],
      "group": 0,
      "color": "yellow",
      "rotation": 22.488334522520205,
      "size": "large"
    },
    {
      "shape": "sphere",
      "material": "metal",
      "pixel_coords": [
        99,
        170,
        22.96282958984375
      ],
      "3d_coords": [
        2.120499610900879,
        -5.6063947677612305,
        0.3499999940395355
      ],
      "group": 1,
      "color": "yellow",
      "rotation": 155.88752624411552,
      "size": "small"
    },
    {
      "shape": "cube",
      "material": "rubber",
      "pixel_coords": [
        123,
        172,
        22.890317916870117
      ],
      "3d_coords": [
        2.9422521591186523,
        -4.274788856506348,
        0.3499999940395355
      ],
      "group": 1,
      "color": "cyan",
      "rotation": 40.11729536221231,
      "size": "small"
    },
    {
      "shape": "cylinder",
      "material": "metal",
      "pixel_coords": [
        95,
        155,
        23.696821212768555
      ],
      "3d_coords": [
        0.8828702569007874,
        -5.412387371063232,
        0.3499999940395355
      ],
      "group": 1,
      "color": "brown",
      "rotation": 315.2948866609826,
      "size": "small"
    },
    {
      "shape": "cube",
      "material": "rubber",
      "pixel_coords": [
        239,
        212,
        21.021175384521484
      ],
      "3d_coords": [
        8.770134925842285,
        0.8144381046295166,
        0.5
      ],
      "group": 2,
      "color": "green",
      "rotation": 157.9871028659329,
      "size": "medium"
    },
    {
      "shape": "cone",
      "material": "rubber",
      "pixel_coords": [
        226,
        190,
        21.914836883544922
      ],
      "3d_coords": [
        7.201226711273193,
        0.930831789970398,
        0.5
      ],
      "group": 2,
      "color": "blue",
      "rotation": 11.566080475625116,
      "size": "medium"
    },
    {
      "shape": "cube",
      "material": "rubber",
      "pixel_coords": [
        268,
        199,
        21.31123161315918
      ],
      "3d_coords": [
        8.953842163085938,
        2.744033098220825,
        0.699999988079071
      ],
      "group": 2,
      "color": "brown",
      "rotation": 245.5323670084367,
      "size": "large"
    },
    {
      "shape": "cone",
      "material": "rubber",
      "pixel_coords": [
        248,
        183,
        22.381168365478516
      ],
      "3d_coords": [
        7.37778902053833,
        2.4982259273529053,
        0.3499999940395355
      ],
      "group": 2,
      "color": "purple",
      "rotation": 75.14964270482498,
      "size": "small"
    },
    {
      "shape": "sphere",
      "material": "metal",
      "pixel_coords": [
        175,
        81,
        27.98633575439453
      ],
      "3d_coords": [
        -2.72164249420166,
        2.7280516624450684,
        0.3499999940395355
      ],
      "group": 3,
      "color": "gray",
      "rotation": 343.0387699201169,
      "size": "small"
    }
  ]
}