{
  "split": "new",
  "directions": {
    "front": [
      0.754490315914154,
      -0.6563112735748291,
      -0.0
    ],
    "above": [
      0.0,
      0.0,
      1.0
    ],
    "below": [
      -0.0,
      -0.0,
      -1.0
    ],
    "behind": [
      -0.754490315914154,
      0.6563112735748291,
      0.0
    ],
    "left": [
      -0.6563112735748291,
      -0.7544902563095093,
      0.0
    ],
    "right": [
      0.6563112735748291,
      0.7544902563095093,
      -0.0
    ]
  },
  "relationships": {
    "front": [
      [
        1,
        2,
        3,
        7,
        8,
        9
      ],
      [
        2,
        3,
        7,
        8,
        9
      ],
      [
        3,
        7,
        8,
        9
      ],
      [
        7,
        8,
        9
      ],
      [
        0,
        1,
        2,
        3,
        5,
        7,
        8,
        9
      ],
      [
        0,
        1,
        2,
        3,
        7,
        8,
        9
      ],
      [
        0,
        1,
        2,
        3,
        4,
        5,
        7,
        8,
        9
      ],
      [],
      [
        7,
        9
      ],
      []
    ],
    "behind": [
      [
        4,
        5,
        6
      ],
      [
        0,
        4,
        5,
        6
      ],
      [
        0,
        1,
        4,
        5,
        6
      ],
      [
        0,
        1,
        2,
        4,
        5,
        6
      ],
      [
        6
      ],
      [
        4,
        6
      ],
      [],
      [
        0,
        1,
        2,
        3,
        4,
        5,
        6,
        8
      ],
      [
        0,
        1,
        2,
        3,
        4,
        5,
        6
      ],
      [
        0,
        1,
        2,
        3,
        4,
        5,
        6,
        8
      ]
    ],
    "right": [
      [
        2,
        3,
        4,
        5,
        6,
        9
      ],
      [
        0,
        2,
        3,
        4,
        5,
        6,
        8,
        9
      ],
      [
        3,
        4,
        5,
        6
      ],
      [],
      [
        3,
        5,
        6
      ],
      [
        3
      ],
      [
        3,
        5
      ],
      [
        0,
        2,
        3,
        4,
        5,
        6,
        8,
        9
      ],
      [
        0,
        2,
        3,
        4,
        5,
        6,
        9
      ],
      [
        2,
        3,
        4,
        5,
        6
      ]
    ],
    "left": [
      [
        1,
        7,
        8
      ],
      [],
      [
        0,
        1,
        7,
        8,
        9
      ],
      [
        0,
        1,
        2,
        4,
        5,
        6,
        7,
        8,
        9
      ],
      [
        0,
        1,
        2,
        7,
        8,
        9
      ],
      [
        0,
        1,
        2,
        4,
        6,
        7,
        8,
        9
      ],
      [
        0,
        1,
        2,
        4,
        7,
        8,
        9
      ],
      [],
      [
        1,
        7
      ],
      [
        0,
        1,
        7,
        8
      ]
    ]
  },
  "image_index": 32,
  "image_filename": "CLEVR_new_000032.png",
  "objects": [
    {
      "shape": "cylinder",
      "material": "rubber",
      "pixel_coords": [
        143,
        72,
        28.9603271484375
      ],
      "3d_coords": [
        -4.777559280395508,
        0.9174878001213074,
        0.3499999940395355
      ],
      "group": 0,
      "color": "green",
      "rotation": 355.20995736100923,
      "size": "small"
    },
    {
      "shape": "cone",
      "material": "metal",
      "pixel_coords": [
        124,
        75,
        28.54104995727539
      ],
      "3d_coords": [
        -5.037768363952637,
        -0.6514220833778381,
        0.5
      ],
      "group": 0,
      "color": "brown",
      "rotation": 80.67529777444153,
      "size": "medium"
    },
    {
      "shape": "cone",
      "material": "metal",
      "pixel_coords": [
        149,
        83,
        27.792207717895508
      ],
      "3d_coords": [
        -3.1942577362060547,
        0.7298400402069092,
        0.699999988079071
      ],
      "group": 0,
      "color": "cyan",
      "rotation": 69.08994386382363,
      "size": "large"
    },
    {
      "shape": "sphere",
      "material": "metal",
      "pixel_coords": [
        238,
        161,
        23.542692184448242
      ],
      "3d_coords": [
        5.944310665130615,
        2.779456615447998,
        0.699999988079071
      ],
      "group": 1,
      "color": "green",
      "rotation": 353.3937503237081,
      "size": "large"
    },
    {
      "shape": "cone",
      "material": "rubber",
      "pixel_coords": [
        207,
        69,
        29.201263427734375
      ],
      "3d_coords": [
        -2.652068853378296,
        5.817145347595215,
        0.3499999940395355
      ],
      "group": 2,
      "color": "purple",
      "rotation": 346.9511286705784,
      "size": "small"
    },
    {
      "shape": "cube",
      "material": "metal",
      "pixel_coords": [
        233,
        80,
        27.96509552001953
      ],
      "3d_coords": [
        -0.34737616777420044,
        6.753390312194824,
        0.699999988079071
      ],
      "group": 2,
      "color": "cyan",
      "rotation": 240.35292839850698,
      "size": "large"
    },
    {
      "shape": "cone",
      "material": "rubber",
      "pixel_coords": [
        224,
        63,
        29.139541625976562
      ],
      "3d_coords": [
        -2.302381753921509,
        7.269625186920166,
        0.699999988079071
      ],
      "group": 2,
      "color": "brown",
      "rotation": 229.45938110148657,
      "size": "large"
    },
    {
      "shape": "cone",
      "material": "metal",
      "pixel_coords": [
        93,
        160,
        24.0076847076416
      ],
      "3d_coords": [
        1.0941756963729858,
        -5.760992050170898,
        0.3499999940395355
      ],
      "group": 3,
      "color": "red",
      "rotation": 298.8006589290129,
      "size": "small"
    },
    {
      "shape": "sphere",
      "material": "metal",
      "pixel_coords": [
        113,
        146,
        24.645854949951172
      ],
      "3d_coords": [
        0.7308226227760315,
        -4.1543169021606445,
        0.3499999940395355
      ],
      "group": 3,
      "color": "purple",
      "rotation": 236.62826902066834,
      "size": "small"
    },
    {
      "shape": "cube",
      "material": "metal",
      "pixel_coords": [
        119,
        160,
        23.575618743896484
      ],
      "3d_coords": [
        2.1801223754882812,
        -4.244039535522461,
        0.699999988079071
      ],
      "group": 3,
      "color": "red",
      "rotation": 0.3328766185261456,
      "size": "large"
    }
  ]
}