{
  "split": "new",
  "directions": {
    "front": [
      0.754490315914154,
      -0.6563112735748291,
      -0.0
    ],
    "above": [
      0.0,
      0.0,
      1.0
    ],
    "below": [
      -0.0,
      -0.0,
      -1.0
    ],
    "behind": [
      -0.754490315914154,
      0.6563112735748291,
      0.0
    ],
    "left": [
      -0.6563112735748291,
      -0.7544902563095093,
      0.0
    ],
    "right": [
      0.6563112735748291,
      0.7544902563095093,
      -0.0
    ]
  },
  "relationships": {
    "front": [
      [],
      [],
      [
        0,
        1
      ],
      [
        0,
        1,
        2,
        5
      ],
      [
        0,
        1,
        2,
        3,
        5
      ],
      [
        0,
        1,
        2
      ],
      [
        0,
        1,
        2,
        3,
        4,
        5,
        7,
        8
      ],
      [
        0,
        1,
        2,
        3,
        4,
        5
      ],
      [
        0,
        1,
        2,
        3,
        4,
        5,
        7
      ],
      [
        0,
        1,
        2,
        3,
        4,
        5,
        6,
        7,
        8,
        10
      ],
      [
        0,
        1,
        2,
        3,
        4,
        5,
        6,
        7,
        8
      ]
    ],
    "behind": [
      [
        2,
        3,
        4,
        5,
        6,
        7,
        8,
        9,
        10
      ],
      [
        2,
        3,
        4,
        5,
        6,
        7,
        8,
        9,
        10
      ],
      [
        3,
        4,
        5,
        6,
        7,
        8,
        9,
        10
      ],
      [
        4,
        6,
        7,
        8,
        9,
        10
      ],
      [
        6,
        7,
        8,
        9,
        10
      ],
      [
        3,
        4,
        6,
        7,
        8,
        9,
        10
      ],
      [
        9,
        10
      ],
      [
        6,
        8,
        9,
        10
      ],
      [
        6,
        9,
        10
      ],
      [],
      [
        9
      ]
    ],
    "right": [
      [
        2,
        3,
        4,
        5,
        9,
        10
      ],
      [
        0,
        2,
        3,
        4,
        5,
        6,
        9,
        10
      ],
      [
        3
      ],
      [],
      [
        2,
        3
      ],
      [
        2,
        3,
        4
      ],
      [
        0,
        2,
        3,
        4,
        5,
        9,
        10
      ],
      [
        0,
        1,
        2,
        3,
        4,
        5,
        6,
        9,
        10
      ],
      [
        0,
        1,
        2,
        3,
        4,
        5,
        6,
        7,
        9,
        10
      ],
      [
        2,
        3,
        4,
        5
      ],
      [
        2,
        3,
        4,
        5,
        9
      ]
    ],
    "left": [
      [
        1,
        6,
        7,
        8
      ],
      [
        7,
        8
      ],
      [
        0,
        1,
        4,
        5,
        6,
        7,
        8,
        9,
        10
      ],
      [
        0,
        1,
        2,
        4,
        5,
        6,
        7,
        8,
        9,
        10
      ],
      [
        0,
        1,
        5,
        6,
        7,
        8,
        9,
        10
      ],
      [
        0,
        1,
        6,
        7,
        8,
        9,
        10
      ],
      [
        1,
        7,
        8
      ],
      [
        8
      ],
      [],
      [
        0,
        1,
        6,
        7,
        8,
        10
      ],
      [
        0,
        1,
        6,
        7,
        8
      ]
    ]
  },
  "image_index": 20,
  "image_filename": "CLEVR_new_000020.png",
  "objects": [
    {
      "shape": "cube",
      "material": "metal",
      "pixel_coords": [
        154,
        170,
        22.754119873046875
      ],
      "3d_coords": [
        4.012160778045654,
        -2.493203639984131,
        0.699999988079071
      ],
      "group": 0,
      "color": "purple",
      "rotation": 350.62245262443366,
      "size": "large"
    },
    {
      "shape": "cube",
      "material": "metal",
      "pixel_coords": [
        128,
        167,
        23.325681686401367
      ],
      "3d_coords": [
        2.7806055545806885,
        -3.832975387573242,
        0.3499999940395355
      ],
      "group": 0,
      "color": "green",
      "rotation": 144.00644639682125,
      "size": "small"
    },
    {
      "shape": "sphere",
      "material": "rubber",
      "pixel_coords": [
        264,
        174,
        22.78925323486328
      ],
      "3d_coords": [
        7.470893859863281,
        3.770475387573242,
        0.5
      ],
      "group": 1,
      "color": "red",
      "rotation": 3.080235985086306,
      "size": "medium"
    },
    {
      "shape": "sphere",
      "material": "rubber",
      "pixel_coords": [
        278,
        154,
        23.5003719329834
      ],
      "3d_coords": [
        6.76492977142334,
        5.45092248916626,
        0.699999988079071
      ],
      "group": 1,
      "color": "yellow",
      "rotation": 174.016718866118,
      "size": "large"
    },
    {
      "shape": "cylinder",
      "material": "rubber",
      "pixel_coords": [
        259,
        144,
        24.464988708496094
      ],
      "3d_coords": [
        5.288917541503906,
        5.01768159866333,
        0.3499999940395355
      ],
      "group": 1,
      "color": "green",
      "rotation": 51.69708768367271,
      "size": "small"
    },
    {
      "shape": "sphere",
      "material": "rubber",
      "pixel_coords": [
        242,
        158,
        23.319528579711914
      ],
      "3d_coords": [
        5.870890140533447,
        3.0867536067962646,
        0.699999988079071
      ],
      "group": 1,
      "color": "green",
      "rotation": 348.20735583411886,
      "size": "large"
    },
    {
      "shape": "cube",
      "material": "rubber",
      "pixel_coords": [
        169,
        74,
        28.562564849853516
      ],
      "3d_coords": [
        -3.576988935470581,
        2.6601386070251465,
        0.5
      ],
      "group": 2,
      "color": "purple",
      "rotation": 206.4384179522388,
      "size": "medium"
    },
    {
      "shape": "cone",
      "material": "metal",
      "pixel_coords": [
        104,
        109,
        26.462139129638672
      ],
      "3d_coords": [
        -2.68111252784729,
        -3.3910961151123047,
        0.3499999940395355
      ],
      "group": 3,
      "color": "gray",
      "rotation": 316.36914473419995,
      "size": "small"
    },
    {
      "shape": "sphere",
      "material": "rubber",
      "pixel_coords": [
        99,
        99,
        27.08527946472168
      ],
      "3d_coords": [
        -3.7936184406280518,
        -3.3562920093536377,
        0.3499999940395355
      ],
      "group": 3,
      "color": "gray",
      "rotation": 40.16724598574732,
      "size": "small"
    },
    {
      "shape": "sphere",
      "material": "rubber",
      "pixel_coords": [
        233,
        38,
        31.118955612182617
      ],
      "3d_coords": [
        -4.819184303283691,
        9.779251098632812,
        0.699999988079071
      ],
      "group": 4,
      "color": "gray",
      "rotation": 190.11136747214505,
      "size": "large"
    },
    {
      "shape": "cylinder",
      "material": "metal",
      "pixel_coords": [
        219,
        53,
        30.37657928466797
      ],
      "3d_coords": [
        -4.0020928382873535,
        7.791253566741943,
        0.3499999940395355
      ],
      "group": 4,
      "color": "brown",
      "rotation": 280.19248896037516,
      "size": "small"
    }
  ]
}