{
  "split": "new",
  "directions": {
    "front": [
      0.754490315914154,
      -0.6563112735748291,
      -0.0
    ],
    "above": [
      0.0,
      0.0,
      1.0
    ],
    "below": [
      -0.0,
      -0.0,
      -1.0
    ],
    "behind": [
      -0.754490315914154,
      0.6563112735748291,
      0.0
    ],
    "left": [
      -0.6563112735748291,
      -0.7544902563095093,
      0.0
    ],
    "right": [
      0.6563112735748291,
      0.7544902563095093,
      -0.0
    ]
  },
  "relationships": {
    "front": [
      [
        4,
        5,
        6
      ],
      [
        0,
        4,
        5,
        6
      ],
      [
        0,
        4,
        5,
        6
      ],
      [
        0,
        1,
        2,
        4,
        5,
        6
      ],
      [
        5,
        6
      ],
      [
        6
      ],
      []
    ],
    "behind": [
      [
        1,
        2,
        3
      ],
      [
        3
      ],
      [
        3
      ],
      [],
      [
        0,
        1,
        2,
        3
      ],
      [
        0,
        1,
        2,
        3,
        4
      ],
      [
        0,
        1,
        2,
        3,
        4,
        5
      ]
    ],
    "right": [
      [
        2,
        3,
        4,
        5,
        6
      ],
      [
        0,
        2,
        3,
        4,
        5,
        6
      ],
      [
        3,
        4,
        5,
        6
      ],
      [],
      [
        3
      ],
      [
        3,
        4,
        6
      ],
      [
        3,
        4
      ]
    ],
    "left": [
      [
        1
      ],
      [],
      [
        0,
        1
      ],
      [
        0,
        1,
        2,
        4,
        5,
        6
      ],
      [
        0,
        1,
        2,
        5,
        6
      ],
      [
        0,
        1,
        2
      ],
      [
        0,
        1,
        2,
        5
      ]
    ]
  },
  "image_index": 33,
  "image_filename": "CLEVR_new_000033.png",
  "objects": [
    {
      "shape": "cone",
      "material": "rubber",
      "pixel_coords": [
        125,
        118,
        26.088966369628906
      ],
      "3d_coords": [
        -1.0412410497665405,
        -2.390174388885498,
        0.3499999940395355
      ],
      "group": 0,
      "color": "purple",
      "rotation": 67.54986562950452,
      "size": "small"
    },
    {
      "shape": "cube",
      "material": "metal",
      "pixel_coords": [
        121,
        105,
        26.938331604003906
      ],
      "3d_coords": [
        -2.446981906890869,
        -2.1849613189697266,
        0.3499999940395355
      ],
      "group": 0,
      "color": "green",
      "rotation": 46.65227446362618,
      "size": "small"
    },
    {
      "shape": "cone",
      "material": "rubber",
      "pixel_coords": [
        141,
        107,
        26.609451293945312
      ],
      "3d_coords": [
        -1.4499473571777344,
        -0.9047917723655701,
        0.5
      ],
      "group": 0,
      "color": "brown",
      "rotation": 25.23771666602255,
      "size": "medium"
    },
    {
      "shape": "cylinder",
      "material": "metal",
      "pixel_coords": [
        252,
        71,
        29.03956413269043
      ],
      "3d_coords": [
        -0.9652084708213806,
        8.969415664672852,
        0.5
      ],
      "group": 1,
      "color": "purple",
      "rotation": 148.81518334627626,
      "size": "medium"
    },
    {
      "shape": "cube",
      "material": "rubber",
      "pixel_coords": [
        231,
        150,
        24.30645179748535
      ],
      "3d_coords": [
        4.814411640167236,
        3.166595458984375,
        0.3499999940395355
      ],
      "group": 2,
      "color": "yellow",
      "rotation": 8.393345442349673,
      "size": "small"
    },
    {
      "shape": "sphere",
      "material": "rubber",
      "pixel_coords": [
        202,
        159,
        23.858108520507812
      ],
      "3d_coords": [
        4.533836364746094,
        0.9509558081626892,
        0.3499999940395355
      ],
      "group": 2,
      "color": "gray",
      "rotation": 292.16148655162095,
      "size": "small"
    },
    {
      "shape": "sphere",
      "material": "rubber",
      "pixel_coords": [
        219,
        167,
        23.455995559692383
      ],
      "3d_coords": [
        5.608684062957764,
        1.6973252296447754,
        0.3499999940395355
      ],
      "group": 2,
      "color": "purple",
      "rotation": 308.7569925382712,
      "size": "small"
    }
  ]
}