{
  "split": "new",
  "directions": {
    "front": [
      0.754490315914154,
      -0.6563112735748291,
      -0.0
    ],
    "above": [
      0.0,
      0.0,
      1.0
    ],
    "below": [
      -0.0,
      -0.0,
      -1.0
    ],
    "behind": [
      -0.754490315914154,
      0.6563112735748291,
      0.0
    ],
    "left": [
      -0.6563112735748291,
      -0.7544902563095093,
      0.0
    ],
    "right": [
      0.6563112735748291,
      0.7544902563095093,
      -0.0
    ]
  },
  "relationships": {
    "front": [
      [
        2,
        3,
        4,
        5,
        6
      ],
      [
        0,
        2,
        3,
        4,
        5,
        6
      ],
      [],
      [
        2
      ],
      [
        2,
        3,
        5
      ],
      [
        2,
        3
      ],
      [
        2,
        3,
        4,
        5
      ]
    ],
    "behind": [
      [
        1
      ],
      [],
      [
        0,
        1,
        3,
        4,
        5,
        6
      ],
      [
        0,
        1,
        4,
        5,
        6
      ],
      [
        0,
        1,
        6
      ],
      [
        0,
        1,
        4,
        6
      ],
      [
        0,
        1
      ]
    ],
    "right": [
      [
        1,
        2,
        3,
        4
      ],
      [
        2,
        3,
        4
      ],
      [
        3,
        4
      ],
      [
        4
      ],
      [],
      [
        0,
        1,
        2,
        3,
        4
      ],
      [
        0,
        1,
        2,
        3,
        4,
        5
      ]
    ],
    "left": [
      [
        5,
        6
      ],
      [
        0,
        5,
        6
      ],
      [
        0,
        1,
        5,
        6
      ],
      [
        0,
        1,
        2,
        5,
        6
      ],
      [
        0,
        1,
        2,
        3,
        5,
        6
      ],
      [
        6
      ],
      []
    ]
  },
  "image_index": 43,
  "image_filename": "CLEVR_new_000043.png",
  "objects": [
    {
      "shape": "cone",
      "material": "rubber",
      "pixel_coords": [
        199,
        60,
        29.990520477294922
      ],
      "3d_coords": [
        -4.098779201507568,
        5.579193592071533,
        0.5
      ],
      "group": 0,
      "color": "green",
      "rotation": 79.69441928850307,
      "size": "medium"
    },
    {
      "shape": "cone",
      "material": "rubber",
      "pixel_coords": [
        211,
        47,
        31.043434143066406
      ],
      "3d_coords": [
        -5.165067195892334,
        7.380589008331299,
        0.5
      ],
      "group": 0,
      "color": "cyan",
      "rotation": 153.21002161055762,
      "size": "medium"
    },
    {
      "shape": "cylinder",
      "material": "metal",
      "pixel_coords": [
        162,
        225,
        21.175138473510742
      ],
      "3d_coords": [
        7.648232460021973,
        -3.4436588287353516,
        0.5
      ],
      "group": 1,
      "color": "red",
      "rotation": 17.610679819530887,
      "size": "medium"
    },
    {
      "shape": "cylinder",
      "material": "metal",
      "pixel_coords": [
        232,
        175,
        23.020910263061523
      ],
      "3d_coords": [
        6.6128950119018555,
        2.122260332107544,
        0.699999988079071
      ],
      "group": 2,
      "color": "brown",
      "rotation": 146.61097877901537,
      "size": "large"
    },
    {
      "shape": "cube",
      "material": "metal",
      "pixel_coords": [
        294,
        118,
        26.369091033935547
      ],
      "3d_coords": [
        4.320581436157227,
        9.13257122039795,
        0.3499999940395355
      ],
      "group": 3,
      "color": "yellow",
      "rotation": 193.59615878470572,
      "size": "small"
    },
    {
      "shape": "cube",
      "material": "rubber",
      "pixel_coords": [
        130,
        84,
        28.268354415893555
      ],
      "3d_coords": [
        -3.970003843307495,
        -0.8381873369216919,
        0.5
      ],
      "group": 4,
      "color": "red",
      "rotation": 98.70015472419237,
      "size": "medium"
    },
    {
      "shape": "cone",
      "material": "rubber",
      "pixel_coords": [
        122,
        73,
        29.264619827270508
      ],
      "3d_coords": [
        -5.597751617431641,
        -0.9256056547164917,
        0.3499999940395355
      ],
      "group": 4,
      "color": "purple",
      "rotation": 51.29642649239844,
      "size": "small"
    }
  ]
}