{
  "split": "new",
  "directions": {
    "front": [
      0.754490315914154,
      -0.6563112735748291,
      -0.0
    ],
    "above": [
      0.0,
      0.0,
      1.0
    ],
    "below": [
      -0.0,
      -0.0,
      -1.0
    ],
    "behind": [
      -0.754490315914154,
      0.6563112735748291,
      0.0
    ],
    "left": [
      -0.6563112735748291,
      -0.7544902563095093,
      0.0
    ],
    "right": [
      0.6563112735748291,
      0.7544902563095093,
      -0.0
    ]
  },
  "relationships": {
    "front": [
      [
        1,
        2,
        3,
        4,
        5,
        9,
        10,
        11,
        12,
        13,
        14
      ],
      [
        3,
        4,
        5,
        11,
        12,
        13,
        14
      ],
      [
        1,
        3,
        4,
        5,
        10,
        11,
        12,
        13,
        14
      ],
      [
        4,
        11,
        12,
        13
      ],
      [
        13
      ],
      [
        4,
        11,
        12,
        13
      ],
      [
        0,
        1,
        2,
        3,
        4,
        5,
        9,
        10,
        11,
        12,
        13,
        14
      ],
      [
        0,
        1,
        2,
        3,
        4,
        5,
        6,
        9,
        10,
        11,
        12,
        13,
        14
      ],
      [
        0,
        1,
        2,
        3,
        4,
        5,
        6,
        7,
        9,
        10,
        11,
        12,
        13,
        14
      ],
      [
        1,
        2,
        3,
        4,
        5,
        10,
        11,
        12,
        13,
        14
      ],
      [
        1,
        3,
        4,
        5,
        11,
        12,
        13,
        14
      ],
      [
        4,
        13
      ],
      [
        4,
        13
      ],
      [],
      [
        3,
        4,
        5,
        11,
        12,
        13
      ]
    ],
    "behind": [
      [
        6,
        7,
        8
      ],
      [
        0,
        2,
        6,
        7,
        8,
        9,
        10
      ],
      [
        0,
        6,
        7,
        8,
        9
      ],
      [
        0,
        1,
        2,
        6,
        7,
        8,
        9,
        10,
        14
      ],
      [
        0,
        1,
        2,
        3,
        5,
        6,
        7,
        8,
        9,
        10,
        11,
        12,
        14
      ],
      [
        0,
        1,
        2,
        6,
        7,
        8,
        9,
        10,
        14
      ],
      [
        7,
        8
      ],
      [
        8
      ],
      [],
      [
        0,
        6,
        7,
        8
      ],
      [
        0,
        2,
        6,
        7,
        8,
        9
      ],
      [
        0,
        1,
        2,
        3,
        5,
        6,
        7,
        8,
        9,
        10,
        14
      ],
      [
        0,
        1,
        2,
        3,
        5,
        6,
        7,
        8,
        9,
        10,
        14
      ],
      [
        0,
        1,
        2,
        3,
        4,
        5,
        6,
        7,
        8,
        9,
        10,
        11,
        12,
        14
      ],
      [
        0,
        1,
        2,
        6,
        7,
        8,
        9,
        10
      ]
    ],
    "right": [
      [],
      [
        0
      ],
      [
        0,
        1
      ],
      [
        0,
        1,
        2,
        4,
        5,
        6,
        7,
        8,
        11,
        12,
        13,
        14
      ],
      [
        0,
        1,
        2,
        5,
        7,
        11,
        12,
        13,
        14
      ],
      [
        0,
        1,
        2,
        11,
        12,
        13,
        14
      ],
      [
        0,
        1,
        2,
        4,
        5,
        7,
        11,
        12,
        13,
        14
      ],
      [
        0,
        1,
        2,
        11,
        12,
        13,
        14
      ],
      [
        0,
        1,
        2,
        4,
        5,
        7,
        11,
        12,
        13,
        14
      ],
      [
        0,
        1,
        2,
        3,
        4,
        5,
        6,
        7,
        8,
        10,
        11,
        12,
        13,
        14
      ],
      [
        0,
        1,
        2,
        3,
        4,
        5,
        6,
        7,
        8,
        11,
        12,
        13,
        14
      ],
      [
        0,
        1,
        2,
        12,
        13,
        14
      ],
      [
        0,
        1
      ],
      [
        0,
        1,
        2,
        12
      ],
      [
        0,
        1,
        2,
        12,
        13
      ]
    ],
    "left": [
      [
        1,
        2,
        3,
        4,
        5,
        6,
        7,
        8,
        9,
        10,
        11,
        12,
        13,
        14
      ],
      [
        2,
        3,
        4,
        5,
        6,
        7,
        8,
        9,
        10,
        11,
        12,
        13,
        14
      ],
      [
        3,
        4,
        5,
        6,
        7,
        8,
        9,
        10,
        11,
        13,
        14
      ],
      [
        9,
        10
      ],
      [
        3,
        6,
        8,
        9,
        10
      ],
      [
        3,
        4,
        6,
        8,
        9,
        10
      ],
      [
        3,
        9,
        10
      ],
      [
        3,
        4,
        6,
        8,
        9,
        10
      ],
      [
        3,
        9,
        10
      ],
      [],
      [
        9
      ],
      [
        3,
        4,
        5,
        6,
        7,
        8,
        9,
        10
      ],
      [
        3,
        4,
        5,
        6,
        7,
        8,
        9,
        10,
        11,
        13,
        14
      ],
      [
        3,
        4,
        5,
        6,
        7,
        8,
        9,
        10,
        11,
        14
      ],
      [
        3,
        4,
        5,
        6,
        7,
        8,
        9,
        10,
        11
      ]
    ]
  },
  "image_index": 22,
  "image_filename": "CLEVR_new_000022.png",
  "objects": [
    {
      "shape": "cone",
      "material": "metal",
      "pixel_coords": [
        317,
        119,
        25.247650146484375
      ],
      "3d_coords": [
        5.77457332611084,
        9.723793983459473,
        0.699999988079071
      ],
      "group": 0,
      "color": "cyan",
      "rotation": 216.32027195691333,
      "size": "large"
    },
    {
      "shape": "sphere",
      "material": "metal",
      "pixel_coords": [
        312,
        139,
        24.146257400512695
      ],
      "3d_coords": [
        6.9750261306762695,
        8.18244457244873,
        0.699999988079071
      ],
      "group": 0,
      "color": "green",
      "rotation": 27.095148281310877,
      "size": "large"
    },
    {
      "shape": "cube",
      "material": "metal",
      "pixel_coords": [
        290,
        128,
        25.20490837097168
      ],
      "3d_coords": [
        5.2980217933654785,
        7.7550272941589355,
        0.3499999940395355
      ],
      "group": 0,
      "color": "purple",
      "rotation": 95.43182381760658,
      "size": "small"
    },
    {
      "shape": "cone",
      "material": "rubber",
      "pixel_coords": [
        153,
        166,
        23.097375869750977
      ],
      "3d_coords": [
        3.472659111022949,
        -2.412097692489624,
        0.5
      ],
      "group": 1,
      "color": "green",
      "rotation": 49.051806350658566,
      "size": "medium"
    },
    {
      "shape": "cone",
      "material": "metal",
      "pixel_coords": [
        170,
        192,
        21.925527572631836
      ],
      "3d_coords": [
        5.653695583343506,
        -2.3811676502227783,
        0.5
      ],
      "group": 1,
      "color": "yellow",