{
  "split": "new",
  "directions": {
    "front": [
      0.754490315914154,
      -0.6563112735748291,
      -0.0
    ],
    "above": [
      0.0,
      0.0,
      1.0
    ],
    "below": [
      -0.0,
      -0.0,
      -1.0
    ],
    "behind": [
      -0.754490315914154,
      0.6563112735748291,
      0.0
    ],
    "left": [
      -0.6563112735748291,
      -0.7544902563095093,
      0.0
    ],
    "right": [
      0.6563112735748291,
      0.7544902563095093,
      -0.0
    ]
  },
  "relationships": {
    "front": [
      [
        1,
        2,
        3,
        7,
        8
      ],
      [
        2,
        3,
        7,
        8
      ],
      [
        7,
        8
      ],
      [
        2,
        7,
        8
      ],
      [
        0,
        1,
        2,
        3,
        7,
        8
      ],
      [
        0,
        1,
        2,
        3,
        4,
        7,
        8
      ],
      [
        0,
        1,
        2,
        3,
        4,
        5,
        7,
        8
      ],
      [],
      [
        7
      ]
    ],
    "behind": [
      [
        4,
        5,
        6
      ],
      [
        0,
        4,
        5,
        6
      ],
      [
        0,
        1,
        3,
        4,
        5,
        6
      ],
      [
        0,
        1,
        4,
        5,
        6
      ],
      [
        5,
        6
      ],
      [
        6
      ],
      [],
      [
        0,
        1,
        2,
        3,
        4,
        5,
        6,
        8
      ],
      [
        0,
        1,
        2,
        3,
        4,
        5,
        6
      ]
    ],
    "right": [
      [],
      [
        0,
        3,
        4,
        5,
        6,
        7,
        8
      ],
      [
        0,
        3,
        4,
        5,
        6,
        7,
        8
      ],
      [
        0,
        4,
        5,
        6,
        7,
        8
      ],
      [
        0,
        5,
        6,
        7,
        8
      ],
      [
        0
      ],
      [
        0,
        5,
        7
      ],
      [
        0
      ],
      [
        0,
        5,
        7
      ]
    ],
    "left": [
      [
        1,
        2,
        3,
        4,
        5,
        6,
        7,
        8
      ],
      [],
      [],
      [
        1,
        2
      ],
      [
        1,
        2,
        3
      ],
      [
        1,
        2,
        3,
        4,
        6,
        8
      ],
      [
        1,
        2,
        3,
        4
      ],
      [
        1,
        2,
        3,
        4,
        6,
        8
      ],
      [
        1,
        2,
        3,
        4
      ]
    ]
  },
  "image_index": 29,
  "image_filename": "CLEVR_new_000029.png",
  "objects": [
    {
      "shape": "cone",
      "material": "metal",
      "pixel_coords": [
        227,
        127,
        25.42204475402832
      ],
      "3d_coords": [
        3.19284725189209,
        3.803718328475952,
        0.5
      ],
      "group": 0,
      "color": "purple",
      "rotation": 58.348607215351514,
      "size": "medium"
    },
    {
      "shape": "cube",
      "material": "rubber",
      "pixel_coords": [
        119,
        147,
        24.39468002319336
      ],
      "3d_coords": [
        1.1124898195266724,
        -3.7945687770843506,
        0.5
      ],
      "group": 1,
      "color": "brown",
      "rotation": 353.91692229354084,
      "size": "medium"
    },
    {
      "shape": "cylinder",
      "material": "metal",
      "pixel_coords": [
        111,
        164,
        23.525333404541016
      ],
      "3d_coords": [
        2.1733553409576416,
        -4.819430351257324,
        0.5
      ],
      "group": 1,
      "color": "blue",
      "rotation": 303.16062386519263,
      "size": "medium"
    },
    {
      "shape": "cylinder",
      "material": "metal",
      "pixel_coords": [
        143,
        153,
        23.836544036865234
      ],
      "3d_coords": [
        2.4818248748779297,
        -2.57919979095459,
        0.699999988079071
      ],
      "group": 1,
      "color": "gray",
      "rotation": 251.55491439749673,
      "size": "large"
    },
    {
      "shape": "cone",
      "material": "rubber",
      "pixel_coords": [
        191,
        60,
        29.492563247680664
      ],
      "3d_coords": [
        -3.9397189617156982,
        5.0091400146484375,
        0.699999988079071
      ],
      "group": 2,
      "color": "brown",
      "rotation": 2.9955800331666538,
      "size": "large"
    },
    {
      "shape": "cube",
      "material": "metal",
      "pixel_coords": [
        212,
        57,
        30.067686080932617
      ],
      "3d_coords": [
        -3.702014446258545,
        6.932167053222656,
        0.5
      ],
      "group": 2,
      "color": "purple",
      "rotation": 153.3820241270549,
      "size": "medium"
    },
    {
      "shape": "cone",
      "material": "metal",
      "pixel_coords": [
        198,
        45,
        30.687610626220703
      ],
      "3d_coords": [
        -5.330994129180908,
        6.546410083770752,
        0.699999988079071
      ],
      "group": 2,
      "color": "green",
      "rotation": 150.5373132615304,
      "size": "large"
    },
    {
      "shape": "cylinder",
      "material": "rubber",
      "pixel_coords": [
        170,
        231,
        20.531402587890625
      ],
      "3d_coords": [
        8.042838096618652,
        -3.5488550662994385,
        0.699999988079071
      ],
      "group": 3,
      "color": "brown",
      "rotation": 229.34089624823736,
      "size": "large"
    },
    {
      "shape": "cube",
      "material": "rubber",
      "pixel_coords": [
        158,
        211,
        21.63787078857422
      ],
      "3d_coords": [
        6.514188289642334,
        -3.5572798252105713,
        0.3499999940395355
      ],
      "group": 3,
      "color": "cyan",
      "rotation": 99.02914986748362,
      "size": "small"
    }
  ]
}