{
  "relationships": {
    "behind": [
      [
        4,
        6
      ],
      [
        0,
        2,
        3,
        4,
        5,
        6
      ],
      [
        0,
        3,
        4,
        5,
        6
      ],
      [
        0,
        4,
        5,
        6
      ],
      [
        6
      ],
      [
        0,
        4,
        6
      ],
      [],
      [
        0,
        1,
        2,
        3,
        4,
        5,
        6,
        8
      ],
      [
        0,
        2,
        3,
        4,
        5,
        6
      ]
    ],
    "front": [
      [
        1,
        2,
        3,
        5,
        7,
        8
      ],
      [
        7
      ],
      [
        1,
        7,
        8
      ],
      [
        1,
        2,
        7,
        8
      ],
      [
        0,
        1,
        2,
        3,
        5,
        7,
        8
      ],
      [
        1,
        2,
        3,
        7,
        8
      ],
      [
        0,
        1,
        2,
        3,
        4,
        5,
        7,
        8
      ],
      [],
      [
        7
      ]
    ],
    "right": [
      [
        4,
        5,
        6,
        7,
        8
      ],
      [
        4,
        5,
        6,
        7,
        8
      ],
      [
        0,
        1,
        3,
        4,
        5,
        6,
        7,
        8
      ],
      [
        0,
        1,
        4,
        5,
        6,
        7,
        8
      ],
      [
        6
      ],
      [
        4,
        6,
        7,
        8
      ],
      [],
      [
        4,
        6
      ],
      [
        4,
        6,
        7
      ]
    ],
    "left": [
      [
        2,
        3
      ],
      [
        2,
        3
      ],
      [],
      [
        2
      ],
      [
        0,
        1,
        2,
        3,
        5,
        7,
        8
      ],
      [
        0,
        1,
        2,
        3
      ],
      [
        0,
        1,
        2,
        3,
        4,
        5,
        7,
        8
      ],
      [
        0,
        1,
        2,
        3,
        5,
        8
      ],
      [
        0,
        1,
        2,
        3,
        5
      ]
    ]
  },
  "image_index": 129,
  "image_filename": "simi_new_000129.png",
  "objects": [
    {
      "size": "large",
      "pixel_coords": [
        123,
        62,
        29.437833786010742
      ],
      "shape": "cube",
      "3d_coords": [
        -6.363258361816406,
        -0.07134366780519485,
        0.699999988079071
      ],
      "material": "rubber",
      "group": 0,
      "rotation": 245.7693320299768,
      "color": "blue"
    },
    {
      "size": "large",
      "pixel_coords": [
        87,
        145,
        24.49077033996582
      ],
      "shape": "cone",
      "3d_coords": [
        -0.04069908708333969,
        -5.756555080413818,
        0.699999988079071
      ],
      "material": "rubber",
      "group": 1,
      "rotation": 169.37713305868405,
      "color": "blue"
    },
    {
      "size": "large",
      "pixel_coords": [
        60,
        116,
        25.9870548248291
      ],
      "shape": "cone",
      "3d_coords": [
        -3.342421054840088,
        -6.622434616088867,
        0.699999988079071
      ],
      "material": "rubber",
      "group": 1,
      "rotation": 31.501663267528155,
      "color": "blue"
    },
    {
      "size": "large",
      "pixel_coords": [
        95,
        108,
        26.43992042541504
      ],
      "shape": "sphere",
      "3d_coords": [
        -2.8211753368377686,
        -4.055050849914551,
        0.699999988079071
      ],
      "material": "rubber",
      "group": 2,
      "rotation": 46.103122610577124,
      "color": "blue"
    },
    {
      "size": "large",
      "pixel_coords": [
        171,
        50,
        30.36040496826172
      ],
      "shape": "cylinder",
      "3d_coords": [
        -5.809052467346191,
        4.214215278625488,
        0.699999988079071
      ],
      "material": "rubber",
      "group": 3,
      "rotation": 57.06463775169855,
      "color": "blue"
    },
    {
      "size": "large",
      "pixel_coords": [
        114,
        104,
        26.679393768310547
      ],
      "shape": "sphere",
      "3d_coords": [
        -2.513641595840454,
        -2.638066530227661,
        0.699999988079071
      ],
      "material": "rubber",
      "group": 2,
      "rotation": 116.26020523393633,
      "color": "blue"
    },
    {
      "size": "large",
      "pixel_coords": [
        191,
        40,
        31.113075256347656
      ],
      "shape": "cube",
      "3d_coords": [
        -6.083276271820068,
        6.358914375305176,
        0.699999988079071
      ],
      "material": "rubber",
      "group": 0,
      "rotation": 159.77620885529993,
      "color": "blue"
    },
    {
      "size": "large",
      "pixel_coords": [
        107,
        223,
        21.11781120300293
      ],
      "shape": "sphere",
      "3d_coords": [
        5.811728000640869,
        -6.764090538024902,
        0.699999988079071
      ],
      "material": "rubber",
      "group": 2,
      "rotation": 179.87898586421375,
      "color": "blue"
    },
    {
      "size": "large",
      "pixel_coords": [
        103,
        148,
        24.323974609375
      ],
      "shape": "cone",
      "3d_coords": [
        0.7533628940582275,
        -4.867311954498291,
        0.699999988079071
      ],
      "material": "rubber",
      "group": 1,
      "rotation": 297.69107125814406,
      "color": "blue"
    }
  ],
  "directions": {
    "behind": [
      -0.754490315914154,
      0.6563112735748291,
      0.0
    ],
    "front": [
      0.754490315914154,
      -0.6563112735748291,
      -0.0
    ],
    "below": [
      -0.0,
      -0.0,
      -1.0
    ],
    "right": [
      0.6563112735748291,
      0.7544902563095093,
      -0.0
    ],
    "above": [
      0.0,
      0.0,
      1.0
    ],
    "left": [
      -0.6563112735748291,
      -0.7544902563095093,
      0.0
    ]
  },
  "split": "new"
}