{
  "relationships": {
    "behind": [
      [],
      [
        0,
        8
      ],
      [
        0,
        1,
        3,
        4,
        5,
        6,
        8
      ],
      [
        0,
        1,
        5,
        6,
        8
      ],
      [
        0,
        1,
        3,
        5,
        6,
        8
      ],
      [
        0,
        1,
        6,
        8
      ],
      [
        0,
        1,
        8
      ],
      [
        0,
        1,
        2,
        3,
        4,
        5,
        6,
        8
      ],
      [
        0
      ]
    ],
    "front": [
      [
        1,
        2,
        3,
        4,
        5,
        6,
        7,
        8
      ],
      [
        2,
        3,
        4,
        5,
        6,
        7
      ],
      [
        7
      ],
      [
        2,
        4,
        7
      ],
      [
        2,
        7
      ],
      [
        2,
        3,
        4,
        7
      ],
      [
        2,
        3,
        4,
        5,
        7
      ],
      [],
      [
        1,
        2,
        3,
        4,
        5,
        6,
        7
      ]
    ],
    "right": [
      [
        6
      ],
      [
        0,
        2,
        3,
        4,
        5,
        6,
        7,
        8
      ],
      [
        0,
        3,
        6,
        7,
        8
      ],
      [
        0,
        6,
        7
      ],
      [
        0,
        2,
        3,
        5,
        6,
        7,
        8
      ],
      [
        0,
        2,
        3,
        6,
        7,
        8
      ],
      [],
      [
        6
      ],
      [
        0,
        3,
        6,
        7
      ]
    ],
    "left": [
      [
        1,
        2,
        3,
        4,
        5,
        8
      ],
      [],
      [
        1,
        4,
        5
      ],
      [
        1,
        2,
        4,
        5,
        8
      ],
      [
        1
      ],
      [
        1,
        4
      ],
      [
        0,
        1,
        2,
        3,
        4,
        5,
        7,
        8
      ],
      [
        1,
        2,
        3,
        4,
        5,
        8
      ],
      [
        1,
        2,
        4,
        5
      ]
    ]
  },
  "image_index": 117,
  "image_filename": "simi_new_000117.png",
  "objects": [
    {
      "size": "large",
      "pixel_coords": [
        168,
        55,
        29.592525482177734
      ],
      "shape": "cylinder",
      "3d_coords": [
        -5.427007675170898,
        3.4297356605529785,
        0.699999988079071
      ],
      "material": "metal",
      "group": 0,
      "rotation": 267.85877761908375,
      "color": "green"
    },
    {
      "size": "large",
      "pixel_coords": [
        65,
        75,
        28.14752960205078
      ],
      "shape": "cylinder",
      "3d_coords": [
        -6.989284992218018,
        -5.058255672454834,
        0.699999988079071
      ],
      "material": "metal",
      "group": 1,
      "rotation": 174.39157140854394,
      "color": "red"
    },
    {
      "size": "large",
      "pixel_coords": [
        105,
        114,
        25.671222686767578
      ],
      "shape": "cylinder",
      "3d_coords": [
        -1.7689367532730103,
        -3.587512969970703,
        0.699999988079071
      ],
      "material": "metal",
      "group": 2,
      "rotation": 30.877090960585146,
      "color": "brown"
    },
    {
      "size": "large",
      "pixel_coords": [
        143,
        113,
        25.722490310668945
      ],
      "shape": "cylinder",
      "3d_coords": [
        -0.6394001841545105,
        -1.1080286502838135,
        0.699999988079071
      ],
      "material": "metal",
      "group": 3,
      "rotation": 344.6034469545005,
      "color": "cyan"
    },
    {
      "size": "large",
      "pixel_coords": [
        71,
        101,
        26.42730140686035
      ],
      "shape": "cylinder",
      "3d_coords": [
        -4.091760158538818,
        -5.514843463897705,
        0.699999988079071
      ],
      "material": "metal",
      "group": 4,
      "rotation": 246.02804541958133,
      "color": "purple"
    },
    {
      "size": "large",
      "pixel_coords": [
        105,
        96,
        26.760669708251953
      ],
      "shape": "cylinder",
      "3d_coords": [
        -3.4437038898468018,
        -2.973289728164673,
        0.699999988079071
      ],
      "material": "metal",
      "group": 1,
      "rotation": 11.764920490783886,
      "color": "red"
    },
    {
      "size": "large",
      "pixel_coords": [
        271,
        120,
        25.359865188598633
      ],
      "shape": "cylinder",
      "3d_coords": [
        4.013627052307129,
        6.993509292602539,
        0.699999988079071
      ],
      "material": "metal",
      "group": 5,
      "rotation": 177.34755766613276,
      "color": "blue"
    },
    {
      "size": "large",
      "pixel_coords": [
        140,
        133,
        24.62819480895996
      ],
      "shape": "cylinder",
      "3d_coords": [
        0.9046743512153625,
        -2.0051445960998535,
        0.699999988079071
      ],
      "material": "metal",
      "group": 2,
      "rotation": 86.99781712523415,
      "color": "brown"
    },
    {
      "size": "large",
      "pixel_coords": [
        149,
        58,
        29.391366958618164
      ],
      "shape": "cylinder",
      "3d_coords": [
        -5.834128379821777,
        1.8635317087173462,
        0.699999988079071
      ],
      "material": "metal",
      "group": 4,
      "rotation": 1.2157247349126887,
      "color": "purple"
    }
  ],
  "directions": {
    "behind": [
      -0.754490315914154,
      0.6563112735748291,
      0.0
    ],
    "front": [
      0.754490315914154,
      -0.6563112735748291,
      -0.0
    ],
    "below": [
      -0.0,
      -0.0,
      -1.0
    ],
    "right": [
      0.6563112735748291,
      0.7544902563095093,
      -0.0
    ],
    "above": [
      0.0,
      0.0,
      1.0
    ],
    "left": [
      -0.6563112735748291,
      -0.7544902563095093,
      0.0
    ]
  },
  "split": "new"
}