{
  "relationships": {
    "behind": [
      [
        1,
        3,
        4,
        5,
        6,
        7,
        8
      ],
      [
        7,
        8
      ],
      [
        0,
        1,
        3,
        4,
        5,
        6,
        7,
        8
      ],
      [
        7,
        8
      ],
      [
        1,
        3,
        5,
        7,
        8
      ],
      [
        1,
        3,
        7,
        8
      ],
      [
        1,
        3,
        5,
        7,
        8
      ],
      [
        8
      ],
      []
    ],
    "front": [
      [
        2
      ],
      [
        0,
        2,
        4,
        5,
        6
      ],
      [],
      [
        0,
        2,
        4,
        5,
        6
      ],
      [
        0,
        2
      ],
      [
        0,
        2,
        4,
        6
      ],
      [
        0,
        2
      ],
      [
        0,
        1,
        2,
        3,
        4,
        5,
        6
      ],
      [
        0,
        1,
        2,
        3,
        4,
        5,
        6,
        7
      ]
    ],
    "right": [
      [
        3,
        7
      ],
      [
        0,
        2,
        3,
        7
      ],
      [
        0,
        3,
        7
      ],
      [],
      [
        0,
        2,
        3,
        7
      ],
      [
        0,
        1,
        2,
        3,
        4,
        6,
        7
      ],
      [
        0,
        1,
        2,
        3,
        4,
        7
      ],
      [
        3
      ],
      [
        0,
        1,
        2,
        3,
        4,
        5,
        6,
        7
      ]
    ],
    "left": [
      [
        1,
        2,
        4,
        5,
        6,
        8
      ],
      [
        5,
        6,
        8
      ],
      [
        1,
        4,
        5,
        6,
        8
      ],
      [
        0,
        1,
        2,
        4,
        5,
        6,
        7,
        8
      ],
      [
        5,
        6,
        8
      ],
      [
        8
      ],
      [
        5,
        8
      ],
      [
        0,
        1,
        2,
        4,
        5,
        6,
        8
      ],
      []
    ]
  },
  "image_index": 23,
  "image_filename": "simi_new_000023.png",
  "objects": [
    {
      "size": "large",
      "pixel_coords": [
        189,
        187,
        22.517127990722656
      ],
      "shape": "cube",
      "3d_coords": [
        6.22739315032959,
        -0.8210380673408508,
        0.699999988079071
      ],
      "material": "metal",
      "group": 0,
      "rotation": 172.37498718598144,
      "color": "brown"
    },
    {
      "size": "large",
      "pixel_coords": [
        144,
        124,
        25.655193328857422
      ],
      "shape": "cube",
      "3d_coords": [
        0.3079398572444916,
        -1.4026762247085571,
        0.699999988079071
      ],
      "material": "metal",
      "group": 0,
      "rotation": 134.18834732895726,
      "color": "brown"
    },
    {
      "size": "large",
      "pixel_coords": [
        149,
        202,
        21.872983932495117
      ],
      "shape": "cube",
      "3d_coords": [
        6.0982465744018555,
        -3.6059322357177734,
        0.699999988079071
      ],
      "material": "rubber",
      "group": 1,
      "rotation": 74.92088744079734,
      "color": "brown"
    },
    {
      "size": "large",
      "pixel_coords": [
        247,
        148,
        24.35047721862793
      ],
      "shape": "cube",
      "3d_coords": [
        5.262101173400879,
        4.2255048751831055,
        0.699999988079071
      ],
      "material": "rubber",
      "group": 1,
      "rotation": 47.75666916605899,
      "color": "brown"
    },
    {
      "size": "large",
      "pixel_coords": [
        129,
        160,
        23.744047164916992
      ],
      "shape": "cube",
      "3d_coords": [
        2.7280049324035645,
        -3.608729124069214,
        0.699999988079071
      ],
      "material": "rubber",
      "group": 1,
      "rotation": 71.1275735805064,
      "color": "brown"
    },
    {
      "size": "large",
      "pixel_coords": [
        109,
        141,
        24.697486877441406
      ],
      "shape": "cube",
      "3d_coords": [
        0.7102040648460388,
        -4.25924015045166,
        0.699999988079071
      ],
      "material": "rubber",
      "group": 1,
      "rotation": 288.00124603531384,
      "color": "brown"
    },
    {
      "size": "large",
      "pixel_coords": [
        114,
        158,
        23.830223083496094
      ],
      "shape": "cube",
      "3d_coords": [
        2.1712806224823,
        -4.476327419281006,
        0.699999988079071
      ],
      "material": "rubber",
      "group": 1,
      "rotation": 336.84663435140357,
      "color": "brown"
    },
    {
      "size": "large",
      "pixel_coords": [
        229,
        126,
        25.535432815551758
      ],
      "shape": "cube",
      "3d_coords": [
        3.083329677581787,
        4.1278486251831055,
        0.699999988079071
      ],
      "material": "metal",
      "group": 0,
      "rotation": 104.2180028475796,
      "color": "brown"
    },
    {
      "size": "large",
      "pixel_coords": [
        81,
        71,
        29.023990631103516
      ],
      "shape": "cube",
      "3d_coords": [
        -6.962714672088623,
        -4.006086826324463,
        0.699999988079071
      ],
      "material": "rubber",
      "group": 1,
      "rotation": 139.76800098938352,
      "color": "brown"
    }
  ],
  "directions": {
    "behind": [
      -0.754490315914154,
      0.6563112735748291,
      0.0
    ],
    "front": [
      0.754490315914154,
      -0.6563112735748291,
      -0.0
    ],
    "below": [
      -0.0,
      -0.0,
      -1.0
    ],
    "right": [
      0.6563112735748291,
      0.7544902563095093,
      -0.0
    ],
    "above": [
      0.0,
      0.0,
      1.0
    ],
    "left": [
      -0.6563112735748291,
      -0.7544902563095093,
      0.0
    ]
  },
  "split": "new"
}