{
  "relationships": {
    "behind": [
      [
        1,
        2,
        4,
        5,
        6,
        8
      ],
      [
        5,
        6,
        8
      ],
      [
        1,
        5,
        6,
        8
      ],
      [
        0,
        1,
        2,
        4,
        5,
        6,
        8
      ],
      [
        1,
        5,
        6,
        8
      ],
      [
        8
      ],
      [
        5,
        8
      ],
      [
        0,
        1,
        2,
        3,
        4,
        5,
        6,
        8
      ],
      []
    ],
    "front": [
      [
        3,
        7
      ],
      [
        0,
        2,
        3,
        4,
        7
      ],
      [
        0,
        3,
        7
      ],
      [
        7
      ],
      [
        0,
        3,
        7
      ],
      [
        0,
        1,
        2,
        3,
        4,
        6,
        7
      ],
      [
        0,
        1,
        2,
        3,
        4,
        7
      ],
      [],
      [
        0,
        1,
        2,
        3,
        4,
        5,
        6,
        7
      ]
    ],
    "right": [
      [
        2,
        6,
        7
      ],
      [
        0,
        2,
        3,
        4,
        5,
        6,
        7,
        8
      ],
      [
        6
      ],
      [
        0,
        2,
        4,
        5,
        6,
        7,
        8
      ],
      [
        0,
        2,
        6,
        7,
        8
      ],
      [
        0,
        2,
        4,
        6,
        7,
        8
      ],
      [],
      [
        6
      ],
      [
        0,
        2,
        6,
        7
      ]
    ],
    "left": [
      [
        1,
        3,
        4,
        5,
        8
      ],
      [],
      [
        0,
        1,
        3,
        4,
        5,
        8
      ],
      [
        1
      ],
      [
        1,
        3,
        5
      ],
      [
        1,
        3
      ],
      [
        0,
        1,
        2,
        3,
        4,
        5,
        7,
        8
      ],
      [
        0,
        1,
        3,
        4,
        5,
        8
      ],
      [
        1,
        3,
        4,
        5
      ]
    ]
  },
  "image_index": 55,
  "image_filename": "simi_new_000055.png",
  "objects": [
    {
      "size": "medium",
      "pixel_coords": [
        160,
        130,
        24.988740921020508
      ],
      "shape": "cube",
      "3d_coords": [
        1.1267942190170288,
        -0.6039162278175354,
        0.5
      ],
      "material": "rubber",
      "group": 0,
      "rotation": 62.2234075770109,
      "color": "green"
    },
    {
      "size": "medium",
      "pixel_coords": [
        77,
        87,
        27.492998123168945
      ],
      "shape": "cube",
      "3d_coords": [
        -5.573624134063721,
        -4.476034641265869,
        0.5
      ],
      "material": "rubber",
      "group": 1,
      "rotation": 249.42244744964043,
      "color": "blue"
    },
    {
      "size": "medium",
      "pixel_coords": [
        185,
        119,
        25.584529876708984
      ],
      "shape": "cube",
      "3d_coords": [
        1.1053649187088013,
        1.463097095489502,
        0.5
      ],
      "material": "rubber",
      "group": 2,
      "rotation": 191.08066753078893,
      "color": "gray"
    },
    {
      "size": "medium",
      "pixel_coords": [
        81,
        119,
        25.596946716308594
      ],
      "shape": "cube",
      "3d_coords": [
        -2.441638469696045,
        -5.232638835906982,
        0.5
      ],
      "material": "rubber",
      "group": 3,
      "rotation": 147.08550229044772,
      "color": "cyan"
    },
    {
      "size": "medium",
      "pixel_coords": [
        124,
        110,
        26.1262149810791
      ],
      "shape": "cube",
      "3d_coords": [
        -1.7843488454818726,
        -2.111320972442627,
        0.5
      ],
      "material": "rubber",
      "group": 4,
      "rotation": 297.9448823774159,
      "color": "yellow"
    },
    {
      "size": "medium",
      "pixel_coords": [
        128,
        59,
        29.470151901245117
      ],
      "shape": "cube",
      "3d_coords": [
        -6.639471530914307,
        0.49336346983909607,
        0.5
      ],
      "material": "rubber",
      "group": 5,
      "rotation": 267.9698728390297,
      "color": "brown"
    },
    {
      "size": "medium",
      "pixel_coords": [
        212,
        95,
        26.986988067626953
      ],
      "shape": "cube",
      "3d_coords": [
        0.0884082019329071,
        4.492279529571533,
        0.5
      ],
      "material": "rubber",
      "group": 1,
      "rotation": 49.97666042753137,
      "color": "blue"
    },
    {
      "size": "medium",
      "pixel_coords": [
        171,
        182,
        22.495407104492188
      ],
      "shape": "cube",
      "3d_coords": [
        5.087034702301025,
        -1.8997710943222046,
        0.5
      ],
      "material": "rubber",
      "group": 6,
      "rotation": 110.77226360866273,
      "color": "red"
    },
    {
      "size": "medium",
      "pixel_coords": [
        147,
        60,
        29.40630531311035
      ],
      "shape": "cube",
      "3d_coords": [
        -5.800612926483154,
        1.8614088296890259,
        0.5
      ],
      "material": "rubber",
      "group": 1,
      "rotation": 163.7294650474559,
      "color": "blue"
    }
  ],
  "directions": {
    "behind": [
      -0.754490315914154,
      0.6563112735748291,
      0.0
    ],
    "front": [
      0.754490315914154,
      -0.6563112735748291,
      -0.0
    ],
    "below": [
      -0.0,
      -0.0,
      -1.0
    ],
    "right": [
      0.6563112735748291,
      0.7544902563095093,
      -0.0
    ],
    "above": [
      0.0,
      0.0,
      1.0
    ],
    "left": [
      -0.6563112735748291,
      -0.7544902563095093,
      0.0
    ]
  },
  "split": "new"
}