{
  "relationships": {
    "behind": [
      [],
      [
        0,
        4
      ],
      [
        0,
        1,
        4
      ],
      [
        0,
        1,
        2,
        4,
        6,
        8
      ],
      [],
      [
        0,
        1,
        2,
        3,
        4,
        6,
        7,
        8
      ],
      [
        0,
        1,
        2,
        4
      ],
      [
        0,
        1,
        2,
        3,
        4,
        6,
        8
      ],
      [
        0,
        1,
        2,
        4,
        6
      ]
    ],
    "front": [
      [
        1,
        2,
        3,
        5,
        6,
        7,
        8
      ],
      [
        2,
        3,
        5,
        6,
        7,
        8
      ],
      [
        3,
        5,
        6,
        7,
        8
      ],
      [
        5,
        7
      ],
      [
        1,
        2,
        3,
        5,
        6,
        7,
        8
      ],
      [],
      [
        3,
        5,
        7,
        8
      ],
      [
        5
      ],
      [
        3,
        5,
        7
      ]
    ],
    "right": [
      [
        1,
        4
      ],
      [
        4
      ],
      [
        0,
        1,
        3,
        4,
        5,
        6,
        7,
        8
      ],
      [
        0,
        1,
        4,
        6,
        7,
        8
      ],
      [],
      [
        0,
        1,
        3,
        4,
        6,
        7,
        8
      ],
      [
        1,
        4
      ],
      [
        0,
        1,
        4,
        6,
        8
      ],
      [
        0,
        1,
        4,
        6
      ]
    ],
    "left": [
      [
        2,
        3,
        5,
        7,
        8
      ],
      [
        0,
        2,
        3,
        5,
        6,
        7,
        8
      ],
      [],
      [
        2,
        5
      ],
      [
        0,
        1,
        2,
        3,
        5,
        6,
        7,
        8
      ],
      [
        2
      ],
      [
        2,
        3,
        5,
        7,
        8
      ],
      [
        2,
        3,
        5
      ],
      [
        2,
        3,
        5,
        7
      ]
    ]
  },
  "image_index": 32,
  "image_filename": "simi_new_000032.png",
  "objects": [
    {
      "size": "large",
      "pixel_coords": [
        213,
        96,
        26.915443420410156
      ],
      "shape": "sphere",
      "3d_coords": [
        0.09967250376939774,
        4.444072246551514,
        0.699999988079071
      ],
      "material": "rubber",
      "group": 0,
      "rotation": 284.9682684160225,
      "color": "gray"
    },
    {
      "size": "large",
      "pixel_coords": [
        231,
        121,
        25.417190551757812
      ],
      "shape": "cone",
      "3d_coords": [
        2.7679922580718994,
        4.403255462646484,
        0.699999988079071
      ],
      "material": "rubber",
      "group": 1,
      "rotation": 318.881459661019,
      "color": "gray"
    },
    {
      "size": "large",
      "pixel_coords": [
        66,
        109,
        26.111356735229492
      ],
      "shape": "cube",
      "3d_coords": [
        -3.4219090938568115,
        -6.119479656219482,
        0.699999988079071
      ],
      "material": "rubber",
      "group": 2,
      "rotation": 178.83086913778268,
      "color": "gray"
    },
    {
      "size": "large",
      "pixel_coords": [
        108,
        140,
        24.397157669067383
      ],
      "shape": "sphere",
      "3d_coords": [
        0.525266170501709,
        -4.263126373291016,
        0.699999988079071
      ],
      "material": "rubber",
      "group": 0,
      "rotation": 248.69194431465115,
      "color": "gray"
    },
    {
      "size": "large",
      "pixel_coords": [
        254,
        106,
        26.31256103515625
      ],
      "shape": "cone",
      "3d_coords": [
        2.2619128227233887,
        6.744123935699463,
        0.699999988079071
      ],
      "material": "rubber",
      "group": 1,
      "rotation": 339.66911389572925,
      "color": "gray"
    },
    {
      "size": "large",
      "pixel_coords": [
        84,
        175,
        22.688804626464844
      ],
      "shape": "cone",
      "3d_coords": [
        2.4905402660369873,
        -6.602075576782227,
        0.699999988079071
      ],
      "material": "rubber",
      "group": 1,
      "rotation": 290.1450777199492,
      "color": "gray"
    },
    {
      "size": "large",
      "pixel_coords": [
        201,
        150,
        23.867111206054688
      ],
      "shape": "cylinder",
      "3d_coords": [
        4.029212474822998,
        1.170196533203125,
        0.699999988079071
      ],
      "material": "rubber",
      "group": 3,
      "rotation": 180.054643005682,
      "color": "gray"
    },
    {
      "size": "large",
      "pixel_coords": [
        108,
        163,
        23.24519157409668
      ],
      "shape": "cone",
      "3d_coords": [
        2.2859225273132324,
        -4.913654804229736,
        0.699999988079071
      ],
      "material": "rubber",
      "group": 1,
      "rotation": 315.0993402869495,
      "color": "gray"
    },
    {
      "size": "large",
      "pixel_coords": [
        180,
        150,
        23.86537742614746
      ],
      "shape": "cube",
      "3d_coords": [
        3.420886278152466,
        -0.13098077476024628,
        0.699999988079071
      ],
      "material": "rubber",
      "group": 2,
      "rotation": 258.07160473873597,
      "color": "gray"
    }
  ],
  "directions": {
    "behind": [
      -0.754490315914154,
      0.6563112735748291,
      0.0
    ],
    "front": [
      0.754490315914154,
      -0.6563112735748291,
      -0.0
    ],
    "below": [
      -0.0,
      -0.0,
      -1.0
    ],
    "right": [
      0.6563112735748291,
      0.7544902563095093,
      -0.0
    ],
    "above": [
      0.0,
      0.0,
      1.0
    ],
    "left": [
      -0.6563112735748291,
      -0.7544902563095093,
      0.0
    ]
  },
  "split": "new"
}