{
  "relationships": {
    "behind": [
      [
        2,
        3,
        7,
        8
      ],
      [
        0,
        2,
        3,
        5,
        6,
        7,
        8
      ],
      [
        3,
        7,
        8
      ],
      [
        7,
        8
      ],
      [
        0,
        2,
        3,
        5,
        6,
        7,
        8
      ],
      [
        0,
        2,
        3,
        7,
        8
      ],
      [
        0,
        2,
        3,
        5,
        7,
        8
      ],
      [
        8
      ],
      []
    ],
    "front": [
      [
        1,
        4,
        5,
        6
      ],
      [],
      [
        0,
        1,
        4,
        5,
        6
      ],
      [
        0,
        1,
        2,
        4,
        5,
        6
      ],
      [],
      [
        1,
        4,
        6
      ],
      [
        1,
        4
      ],
      [
        0,
        1,
        2,
        3,
        4,
        5,
        6
      ],
      [
        0,
        1,
        2,
        3,
        4,
        5,
        6,
        7
      ]
    ],
    "right": [
      [
        3
      ],
      [
        0,
        2,
        3,
        4,
        5,
        6,
        7,
        8
      ],
      [
        0,
        3,
        5
      ],
      [],
      [
        0,
        2,
        3,
        5,
        6,
        7
      ],
      [
        0,
        3
      ],
      [
        0,
        3,
        5
      ],
      [
        0,
        2,
        3,
        5
      ],
      [
        0,
        2,
        3,
        4,
        5,
        6,
        7
      ]
    ],
    "left": [
      [
        1,
        2,
        4,
        5,
        6,
        7,
        8
      ],
      [],
      [
        1,
        4,
        7,
        8
      ],
      [
        0,
        1,
        2,
        4,
        5,
        6,
        7,
        8
      ],
      [
        1,
        8
      ],
      [
        1,
        2,
        4,
        6,
        7,
        8
      ],
      [
        1,
        4,
        8
      ],
      [
        1,
        4,
        8
      ],
      [
        1
      ]
    ]
  },
  "image_index": 111,
  "image_filename": "simi_new_000111.png",
  "objects": [
    {
      "size": "large",
      "pixel_coords": [
        184,
        161,
        23.373388290405273
      ],
      "shape": "cylinder",
      "3d_coords": [
        4.3125319480896,
        -0.4778716564178467,
        0.699999988079071
      ],
      "material": "metal",
      "group": 0,
      "rotation": 292.31577796735394,
      "color": "green"
    },
    {
      "size": "large",
      "pixel_coords": [
        105,
        230,
        20.505084991455078
      ],
      "shape": "sphere",
      "3d_coords": [
        6.20003080368042,
        -6.927094459533691,
        0.699999988079071
      ],
      "material": "metal",
      "group": 1,
      "rotation": 129.50855187189399,
      "color": "green"
    },
    {
      "size": "large",
      "pixel_coords": [
        173,
        121,
        25.446557998657227
      ],
      "shape": "cone",
      "3d_coords": [
        1.0146838426589966,
        0.5095696449279785,
        0.699999988079071
      ],
      "material": "metal",
      "group": 2,
      "rotation": 79.01649297266859,
      "color": "green"
    },
    {
      "size": "large",
      "pixel_coords": [
        240,
        105,
        26.372846603393555
      ],
      "shape": "sphere",
      "3d_coords": [
        2.064666271209717,
        5.745511054992676,
        0.699999988079071
      ],
      "material": "metal",
      "group": 1,
      "rotation": 8.16265604464592,
      "color": "green"
    },
    {
      "size": "large",
      "pixel_coords": [
        124,
        232,
        20.433706283569336
      ],
      "shape": "sphere",
      "3d_coords": [
        6.827380657196045,
        -5.984827041625977,
        0.699999988079071
      ],
      "material": "metal",
      "group": 1,
      "rotation": 201.06137925065616,
      "color": "green"
    },
    {
      "size": "large",
      "pixel_coords": [
        164,
        201,
        21.63882064819336
      ],
      "shape": "sphere",
      "3d_coords": [
        6.187877178192139,
        -2.9834768772125244,
        0.699999988079071
      ],
      "material": "metal",
      "group": 1,
      "rotation": 109.13694250955263,
      "color": "green"
    },
    {
      "size": "large",
      "pixel_coords": [
        142,
        225,
        20.69520378112793
      ],
      "shape": "cone",
      "3d_coords": [
        6.942214488983154,
        -4.851701736450195,
        0.699999988079071
      ],
      "material": "metal",
      "group": 2,
      "rotation": 136.65059795106828,
      "color": "green"
    },
    {
      "size": "large",
      "pixel_coords": [
        183,
        71,
        28.659629821777344
      ],
      "shape": "sphere",
      "3d_coords": [
        -3.1877455711364746,
        3.766528606414795,
        0.699999988079071
      ],
      "material": "metal",
      "group": 1,
      "rotation": 98.50755846042556,
      "color": "green"
    },
    {
      "size": "large",
      "pixel_coords": [
        177,
        43,
        30.75873374938965
      ],
      "shape": "sphere",
      "3d_coords": [
        -6.3924641609191895,
        5.021658897399902,
        0.699999988079071
      ],
      "material": "metal",
      "group": 1,
      "rotation": 277.1485252127291,
      "color": "green"
    }
  ],
  "directions": {
    "behind": [
      -0.754490315914154,
      0.6563112735748291,
      0.0
    ],
    "front": [
      0.754490315914154,
      -0.6563112735748291,
      -0.0
    ],
    "below": [
      -0.0,
      -0.0,
      -1.0
    ],
    "right": [
      0.6563112735748291,
      0.7544902563095093,
      -0.0
    ],
    "above": [
      0.0,
      0.0,
      1.0
    ],
    "left": [
      -0.6563112735748291,
      -0.7544902563095093,
      0.0
    ]
  },
  "split": "new"
}