{
  "relationships": {
    "behind": [
      [
        4,
        6,
        8
      ],
      [
        0,
        2,
        4,
        6,
        8
      ],
      [
        6,
        8
      ],
      [
        0,
        1,
        2,
        4,
        6,
        7,
        8
      ],
      [
        6,
        8
      ],
      [
        0,
        1,
        2,
        3,
        4,
        6,
        7,
        8
      ],
      [],
      [
        0,
        2,
        4,
        6,
        8
      ],
      [
        6
      ]
    ],
    "front": [
      [
        1,
        3,
        5,
        7
      ],
      [
        3,
        5
      ],
      [
        1,
        3,
        5,
        7
      ],
      [
        5
      ],
      [
        0,
        1,
        3,
        5,
        7
      ],
      [],
      [
        0,
        1,
        2,
        3,
        4,
        5,
        7,
        8
      ],
      [
        3,
        5
      ],
      [
        0,
        1,
        2,
        3,
        4,
        5,
        7
      ]
    ],
    "right": [
      [
        1,
        2,
        3,
        5,
        6,
        7,
        8
      ],
      [
        3,
        5,
        6
      ],
      [
        1,
        3,
        5,
        6,
        8
      ],
      [
        6
      ],
      [
        0,
        1,
        2,
        3,
        5,
        6,
        7,
        8
      ],
      [
        3,
        6
      ],
      [],
      [
        1,
        2,
        3,
        5,
        6,
        8
      ],
      [
        1,
        3,
        5,
        6
      ]
    ],
    "left": [
      [
        4
      ],
      [
        0,
        2,
        4,
        7,
        8
      ],
      [
        0,
        4,
        7
      ],
      [
        0,
        1,
        2,
        4,
        5,
        7,
        8
      ],
      [],
      [
        0,
        1,
        2,
        4,
        7,
        8
      ],
      [
        0,
        1,
        2,
        3,
        4,
        5,
        7,
        8
      ],
      [
        0,
        4
      ],
      [
        0,
        2,
        4,
        7
      ]
    ]
  },
  "image_index": 128,
  "image_filename": "simi_new_000128.png",
  "objects": [
    {
      "size": "large",
      "pixel_coords": [
        91,
        95,
        27.17530632019043
      ],
      "shape": "sphere",
      "3d_coords": [
        -4.180820465087891,
        -3.8831067085266113,
        0.699999988079071
      ],
      "material": "rubber",
      "group": 0,
      "rotation": 73.50125035327302,
      "color": "blue"
    },
    {
      "size": "large",
      "pixel_coords": [
        155,
        153,
        23.967649459838867
      ],
      "shape": "sphere",
      "3d_coords": [
        2.87103009223938,
        -1.8668464422225952,
        0.699999988079071
      ],
      "material": "rubber",
      "group": 1,
      "rotation": 219.38880210515418,
      "color": "gray"
    },
    {
      "size": "large",
      "pixel_coords": [
        124,
        100,
        26.89472770690918
      ],
      "shape": "sphere",
      "3d_coords": [
        -2.559847831726074,
        -1.793409824371338,
        0.699999988079071
      ],
      "material": "rubber",
      "group": 2,
      "rotation": 84.2857697679276,
      "color": "red"
    },
    {
      "size": "large",
      "pixel_coords": [
        171,
        180,
        22.728050231933594
      ],
      "shape": "sphere",
      "3d_coords": [
        5.181056022644043,
        -1.87873375415802,
        0.699999988079071
      ],
      "material": "rubber",
      "group": 3,
      "rotation": 148.1278794581124,
      "color": "purple"
    },
    {
      "size": "large",
      "pixel_coords": [
        79,
        90,
        27.480154037475586
      ],
      "shape": "sphere",
      "3d_coords": [
        -5.064546585083008,
        -4.481610298156738,
        0.699999988079071
      ],
      "material": "rubber",
      "group": 1,
      "rotation": 208.61272957513282,
      "color": "gray"
    },
    {
      "size": "large",
      "pixel_coords": [
        147,
        198,
        22.00448989868164
      ],
      "shape": "sphere",
      "3d_coords": [
        5.524174213409424,
        -3.8011322021484375,
        0.699999988079071
      ],
      "material": "rubber",
      "group": 4,
      "rotation": 40.64277965773688,
      "color": "brown"
    },
    {
      "size": "large",
      "pixel_coords": [
        218,
        74,
        28.567203521728516
      ],
      "shape": "sphere",
      "3d_coords": [
        -1.5319147109985352,
        6.12001895904541,
        0.699999988079071
      ],
      "material": "rubber",
      "group": 1,
      "rotation": 175.803901230884,
      "color": "gray"
    },
    {
      "size": "large",
      "pixel_coords": [
        91,
        141,
        24.58918571472168
      ],
      "shape": "sphere",
      "3d_coords": [
        -0.14150840044021606,
        -5.394138813018799,
        0.699999988079071
      ],
      "material": "rubber",
      "group": 2,
      "rotation": 180.60830256615935,
      "color": "red"
    },
    {
      "size": "large",
      "pixel_coords": [
        160,
        75,
        28.517553329467773
      ],
      "shape": "sphere",
      "3d_coords": [
        -3.6361308097839355,
        1.9337633848190308,
        0.699999988079071
      ],
      "material": "rubber",
      "group": 5,
      "rotation": 123.37645712539893,
      "color": "yellow"
    }
  ],
  "directions": {
    "behind": [
      -0.754490315914154,
      0.6563112735748291,
      0.0
    ],
    "front": [
      0.754490315914154,
      -0.6563112735748291,
      -0.0
    ],
    "below": [
      -0.0,
      -0.0,
      -1.0
    ],
    "right": [
      0.6563112735748291,
      0.7544902563095093,
      -0.0
    ],
    "above": [
      0.0,
      0.0,
      1.0
    ],
    "left": [
      -0.6563112735748291,
      -0.7544902563095093,
      0.0
    ]
  },
  "split": "new"
}