{
  "relationships": {
    "behind": [
      [
        1,
        3,
        4,
        7,
        8
      ],
      [
        3
      ],
      [
        0,
        1,
        3,
        4,
        5,
        7,
        8
      ],
      [],
      [
        1,
        3,
        7,
        8
      ],
      [
        0,
        1,
        3,
        4,
        7,
        8
      ],
      [
        0,
        1,
        2,
        3,
        4,
        5,
        7,
        8
      ],
      [
        1,
        3
      ],
      [
        1,
        3,
        7
      ]
    ],
    "front": [
      [
        2,
        5,
        6
      ],
      [
        0,
        2,
        4,
        5,
        6,
        7,
        8
      ],
      [
        6
      ],
      [
        0,
        1,
        2,
        4,
        5,
        6,
        7,
        8
      ],
      [
        0,
        2,
        5,
        6
      ],
      [
        2,
        6
      ],
      [],
      [
        0,
        2,
        4,
        5,
        6,
        8
      ],
      [
        0,
        2,
        4,
        5,
        6
      ]
    ],
    "right": [
      [
        1,
        5,
        6
      ],
      [
        5
      ],
      [
        0,
        1,
        3,
        5,
        6,
        7,
        8
      ],
      [
        1,
        5,
        6
      ],
      [
        0,
        1,
        2,
        3,
        5,
        6,
        7,
        8
      ],
      [],
      [
        1,
        5
      ],
      [
        0,
        1,
        3,
        5,
        6,
        8
      ],
      [
        0,
        1,
        3,
        5,
        6
      ]
    ],
    "left": [
      [
        2,
        4,
        7,
        8
      ],
      [
        0,
        2,
        3,
        4,
        6,
        7,
        8
      ],
      [
        4
      ],
      [
        2,
        4,
        7,
        8
      ],
      [],
      [
        0,
        1,
        2,
        3,
        4,
        6,
        7,
        8
      ],
      [
        0,
        2,
        3,
        4,
        7,
        8
      ],
      [
        2,
        4
      ],
      [
        2,
        4,
        7
      ]
    ]
  },
  "image_index": 149,
  "image_filename": "simi_new_000149.png",
  "objects": [
    {
      "size": "large",
      "pixel_coords": [
        131,
        117,
        25.33509635925293
      ],
      "shape": "sphere",
      "3d_coords": [
        -0.6656122803688049,
        -1.9934806823730469,
        0.699999988079071
      ],
      "material": "metal",
      "group": 0,
      "rotation": 85.43696996819268,
      "color": "cyan"
    },
    {
      "size": "large",
      "pixel_coords": [
        206,
        65,
        28.530717849731445
      ],
      "shape": "sphere",
      "3d_coords": [
        -2.9168028831481934,
        5.588926315307617,
        0.699999988079071
      ],
      "material": "metal",
      "group": 1,
      "rotation": 341.98139475008753,
      "color": "red"
    },
    {
      "size": "large",
      "pixel_coords": [
        69,
        151,
        23.65744972229004
      ],
      "shape": "sphere",
      "3d_coords": [
        0.08034718036651611,
        -6.861298561096191,
        0.699999988079071
      ],
      "material": "metal",
      "group": 2,
      "rotation": 308.8744987523985,
      "color": "brown"
    },
    {
      "size": "large",
      "pixel_coords": [
        159,
        47,
        29.773027420043945
      ],
      "shape": "sphere",
      "3d_coords": [
        -6.458670139312744,
        3.1088271141052246,
        0.699999988079071
      ],
      "material": "metal",
      "group": 3,
      "rotation": 318.8999482243639,
      "color": "gray"
    },
    {
      "size": "large",
      "pixel_coords": [
        63,
        79,
        27.597312927246094
      ],
      "shape": "sphere",
      "3d_coords": [
        -6.540260314941406,
        -5.3393096923828125,
        0.699999988079071
      ],
      "material": "metal",
      "group": 4,
      "rotation": 39.78899018176373,
      "color": "yellow"
    },
    {
      "size": "large",
      "pixel_coords": [
        210,
        144,
        23.96338653564453
      ],
      "shape": "sphere",
      "3d_coords": [
        3.8167667388916016,
        1.9083391427993774,
        0.699999988079071
      ],
      "material": "metal",
      "group": 0,
      "rotation": 124.38412778384446,
      "color": "cyan"
    },
    {
      "size": "large",
      "pixel_coords": [
        143,
        226,
        20.564844131469727
      ],
      "shape": "sphere",
      "3d_coords": [
        6.990926265716553,
        -4.567905902862549,
        0.699999988079071
      ],
      "material": "metal",
      "group": 3,
      "rotation": 100.59809853000831,
      "color": "gray"
    },
    {
      "size": "large",
      "pixel_coords": [
        136,
        54,
        29.262489318847656
      ],
      "shape": "sphere",
      "3d_coords": [
        -6.560647010803223,
        0.9578520059585571,
        0.699999988079071
      ],
      "material": "metal",
      "group": 0,
      "rotation": 85.87605789334779,
      "color": "cyan"
    },
    {
      "size": "large",
      "pixel_coords": [
        128,
        87,
        27.085023880004883
      ],
      "shape": "sphere",
      "3d_coords": [
        -3.4628398418426514,
        -1.0256513357162476,
        0.699999988079071
      ],
      "material": "metal",
      "group": 5,
      "rotation": 199.86366232223753,
      "color": "green"
    }
  ],
  "directions": {
    "behind": [
      -0.754490315914154,
      0.6563112735748291,
      0.0
    ],
    "front": [
      0.754490315914154,
      -0.6563112735748291,
      -0.0
    ],
    "below": [
      -0.0,
      -0.0,
      -1.0
    ],
    "right": [
      0.6563112735748291,
      0.7544902563095093,
      -0.0
    ],
    "above": [
      0.0,
      0.0,
      1.0
    ],
    "left": [
      -0.6563112735748291,
      -0.7544902563095093,
      0.0
    ]
  },
  "split": "new"
}