{
  "relationships": {
    "behind": [
      [
        1,
        2,
        3,
        4,
        5,
        6,
        7,
        8
      ],
      [
        5,
        6,
        7
      ],
      [
        1,
        3,
        4,
        5,
        6,
        7,
        8
      ],
      [
        1,
        4,
        5,
        6,
        7
      ],
      [
        1,
        5,
        6,
        7
      ],
      [
        6,
        7
      ],
      [
        7
      ],
      [],
      [
        1,
        4,
        5,
        6,
        7
      ]
    ],
    "front": [
      [],
      [
        0,
        2,
        3,
        4,
        8
      ],
      [
        0
      ],
      [
        0,
        2
      ],
      [
        0,
        2,
        3,
        8
      ],
      [
        0,
        1,
        2,
        3,
        4,
        8
      ],
      [
        0,
        1,
        2,
        3,
        4,
        5,
        8
      ],
      [
        0,
        1,
        2,
        3,
        4,
        5,
        6,
        8
      ],
      [
        0,
        2
      ]
    ],
    "right": [
      [
        2,
        3,
        6,
        7,
        8
      ],
      [
        0,
        2,
        3,
        4,
        5,
        6,
        7,
        8
      ],
      [
        3,
        8
      ],
      [
        8
      ],
      [
        0,
        2,
        3,
        6,
        7,
        8
      ],
      [
        0,
        2,
        3,
        4,
        6,
        7,
        8
      ],
      [
        2,
        3,
        8
      ],
      [
        2,
        3,
        6,
        8
      ],
      []
    ],
    "left": [
      [
        1,
        4,
        5
      ],
      [],
      [
        0,
        1,
        4,
        5,
        6,
        7
      ],
      [
        0,
        1,
        2,
        4,
        5,
        6,
        7
      ],
      [
        1,
        5
      ],
      [
        1
      ],
      [
        0,
        1,
        4,
        5,
        7
      ],
      [
        0,
        1,
        4,
        5
      ],
      [
        0,
        1,
        2,
        3,
        4,
        5,
        6,
        7
      ]
    ]
  },
  "image_index": 47,
  "image_filename": "simi_new_000047.png",
  "objects": [
    {
      "size": "large",
      "pixel_coords": [
        122,
        215,
        21.308364868164062
      ],
      "shape": "cube",
      "3d_coords": [
        5.698720455169678,
        -5.690282821655273,
        0.699999988079071
      ],
      "material": "rubber",
      "group": 0,
      "rotation": 181.94476477680806,
      "color": "purple"
    },
    {
      "size": "large",
      "pixel_coords": [
        61,
        79,
        28.06984519958496
      ],
      "shape": "cube",
      "3d_coords": [
        -6.904602527618408,
        -5.308112621307373,
        0.699999988079071
      ],
      "material": "rubber",
      "group": 1,
      "rotation": 62.282151596541866,
      "color": "cyan"
    },
    {
      "size": "large",
      "pixel_coords": [
        203,
        179,
        22.76165771484375
      ],
      "shape": "cube",
      "3d_coords": [
        5.972041130065918,
        -0.03273905813694,
        0.699999988079071
      ],
      "material": "rubber",
      "group": 2,
      "rotation": 208.1498082761078,
      "color": "brown"
    },
    {
      "size": "large",
      "pixel_coords": [
        232,
        129,
        25.10615348815918
      ],
      "shape": "cube",
      "3d_coords": [
        3.6526756286621094,
        3.9337198734283447,
        0.699999988079071
      ],
      "material": "rubber",
      "group": 3,
      "rotation": 85.26463431353689,
      "color": "gray"
    },
    {
      "size": "large",
      "pixel_coords": [
        77,
        89,
        27.442291259765625
      ],
      "shape": "cube",
      "3d_coords": [
        -5.31387996673584,
        -4.5565690994262695,
        0.699999988079071
      ],
      "material": "rubber",
      "group": 4,
      "rotation": 12.615902718043586,
      "color": "blue"
    },
    {
      "size": "large",
      "pixel_coords": [
        76,
        77,
        28.179410934448242
      ],
      "shape": "cube",
      "3d_coords": [
        -6.4947190284729,
        -4.1538190841674805,
        0.699999988079071
      ],
      "material": "rubber",
      "group": 4,
      "rotation": 134.42545249992236,
      "color": "blue"
    },
    {
      "size": "large",
      "pixel_coords": [
        179,
        54,
        29.84096336364746
      ],
      "shape": "cube",
      "3d_coords": [
        -5.021040439605713,
        4.485349178314209,
        0.699999988079071
      ],
      "material": "rubber",
      "group": 1,
      "rotation": 276.91129381872344,
      "color": "cyan"
    },
    {
      "size": "large",
      "pixel_coords": [
        179,
        38,
        31.0865421295166
      ],
      "shape": "cube",
      "3d_coords": [
        -6.794013977050781,
        5.581699848175049,
        0.699999988079071
      ],
      "material": "rubber",
      "group": 5,
      "rotation": 289.3820273823854,
      "color": "yellow"
    },
    {
      "size": "large",
      "pixel_coords": [
        274,
        138,
        24.668323516845703
      ],
      "shape": "cube",
      "3d_coords": [
        5.623572826385498,
        6.067888259887695,
        0.699999988079071
      ],
      "material": "rubber",
      "group": 6,
      "rotation": 31.112878152721002,
      "color": "green"
    }
  ],
  "directions": {
    "behind": [
      -0.754490315914154,
      0.6563112735748291,
      0.0
    ],
    "front": [
      0.754490315914154,
      -0.6563112735748291,
      -0.0
    ],
    "below": [
      -0.0,
      -0.0,
      -1.0
    ],
    "right": [
      0.6563112735748291,
      0.7544902563095093,
      -0.0
    ],
    "above": [
      0.0,
      0.0,
      1.0
    ],
    "left": [
      -0.6563112735748291,
      -0.7544902563095093,
      0.0
    ]
  },
  "split": "new"
}