{
  "relationships": {
    "behind": [
      [
        1,
        2,
        3
      ],
      [],
      [
        1
      ],
      [
        1,
        2
      ],
      [
        0,
        1,
        2,
        3,
        5,
        6,
        8
      ],
      [
        0,
        1,
        2,
        3
      ],
      [
        0,
        1,
        2,
        3,
        5,
        8
      ],
      [
        0,
        1,
        2,
        3,
        4,
        5,
        6,
        8
      ],
      [
        0,
        1,
        2,
        3
      ]
    ],
    "front": [
      [
        4,
        5,
        6,
        7,
        8
      ],
      [
        0,
        2,
        3,
        4,
        5,
        6,
        7,
        8
      ],
      [
        0,
        3,
        4,
        5,
        6,
        7,
        8
      ],
      [
        0,
        4,
        5,
        6,
        7,
        8
      ],
      [
        7
      ],
      [
        4,
        6,
        7
      ],
      [
        4,
        7
      ],
      [],
      [
        4,
        6,
        7
      ]
    ],
    "right": [
      [],
      [
        0,
        2,
        4,
        7,
        8
      ],
      [
        0
      ],
      [
        0,
        1,
        2,
        4,
        5,
        6,
        7,
        8
      ],
      [
        0,
        2,
        7,
        8
      ],
      [
        0,
        1,
        2,
        4,
        6,
        7,
        8
      ],
      [
        0,
        1,
        2,
        4,
        7,
        8
      ],
      [
        0,
        2
      ],
      [
        0,
        2,
        7
      ]
    ],
    "left": [
      [
        1,
        2,
        3,
        4,
        5,
        6,
        7,
        8
      ],
      [
        3,
        5,
        6
      ],
      [
        1,
        3,
        4,
        5,
        6,
        7,
        8
      ],
      [],
      [
        1,
        3,
        5,
        6
      ],
      [
        3
      ],
      [
        3,
        5
      ],
      [
        1,
        3,
        4,
        5,
        6,
        8
      ],
      [
        1,
        3,
        4,
        5,
        6
      ]
    ]
  },
  "image_index": 122,
  "image_filename": "simi_new_000122.png",
  "objects": [
    {
      "size": "medium",
      "pixel_coords": [
        248,
        112,
        26.636768341064453
      ],
      "shape": "cube",
      "3d_coords": [
        2.4564876556396484,
        6.216765880584717,
        0.5
      ],
      "material": "metal",
      "group": 0,
      "rotation": 344.8808400119331,
      "color": "blue"
    },
    {
      "size": "medium",
      "pixel_coords": [
        146,
        60,
        30.11788558959961
      ],
      "shape": "cube",
      "3d_coords": [
        -6.0770063400268555,
        1.5566574335098267,
        0.5
      ],
      "material": "metal",
      "group": 0,
      "rotation": 82.54150504502374,
      "color": "blue"
    },
    {
      "size": "medium",
      "pixel_coords": [
        228,
        89,
        28.0207576751709
      ],
      "shape": "cube",
      "3d_coords": [
        -0.138255774974823,
        6.062251567840576,
        0.5
      ],
      "material": "rubber",
      "group": 1,
      "rotation": 294.56540617748084,
      "color": "blue"
    },
    {
      "size": "medium",
      "pixel_coords": [
        101,
        71,
        29.28341293334961
      ],
      "shape": "cube",
      "3d_coords": [
        -6.439851760864258,
        -2.4521234035491943,
        0.5
      ],
      "material": "rubber",
      "group": 1,
      "rotation": 333.8054078390412,
      "color": "blue"
    },
    {
      "size": "medium",
      "pixel_coords": [
        149,
        132,
        25.492298126220703
      ],
      "shape": "cube",
      "3d_coords": [
        0.9894124865531921,
        -1.3444782495498657,
        0.5
      ],
      "material": "metal",
      "group": 0,
      "rotation": 163.606880418192,
      "color": "blue"
    },
    {
      "size": "medium",
      "pixel_coords": [
        97,
        90,
        27.983125686645508
      ],
      "shape": "cube",
      "3d_coords": [
        -4.543571472167969,
        -3.459505558013916,
        0.5
      ],
      "material": "rubber",
      "group": 1,
      "rotation": 124.8921348439556,
      "color": "blue"
    },
    {
      "size": "medium",
      "pixel_coords": [
        107,
        99,
        27.38868522644043
      ],
      "shape": "cube",
      "3d_coords": [
        -3.26932692527771,
        -3.053105592727661,
        0.5
      ],
      "material": "metal",
      "group": 0,
      "rotation": 255.584289559676,
      "color": "blue"
    },
    {
      "size": "medium",
      "pixel_coords": [
        193,
        153,
        24.413402557373047
      ],
      "shape": "cube",
      "3d_coords": [
        3.923696517944336,
        0.7159911394119263,
        0.5
      ],
      "material": "rubber",
      "group": 1,
      "rotation": 182.16154005736664,
      "color": "blue"
    },
    {
      "size": "medium",
      "pixel_coords": [
        191,
        110,
        26.710960388183594
      ],
      "shape": "cube",
      "3d_coords": [
        0.4990765154361725,
        2.3385767936706543,
        0.5
      ],
      "material": "metal",
      "group": 0,
      "rotation": 143.67571185305837,
      "color": "blue"
    }
  ],
  "directions": {
    "behind": [
      -0.754490315914154,
      0.6563112735748291,
      0.0
    ],
    "front": [
      0.754490315914154,
      -0.6563112735748291,
      -0.0
    ],
    "below": [
      -0.0,
      -0.0,
      -1.0
    ],
    "right": [
      0.6563112735748291,
      0.7544902563095093,
      -0.0
    ],
    "above": [
      0.0,
      0.0,
      1.0
    ],
    "left": [
      -0.6563112735748291,
      -0.7544902563095093,
      0.0
    ]
  },
  "split": "new"
}