{
  "relationships": {
    "behind": [
      [
        1,
        2,
        3,
        4,
        5,
        7
      ],
      [
        5,
        7
      ],
      [
        1,
        5,
        7
      ],
      [
        1,
        2,
        4,
        5,
        7
      ],
      [
        1,
        2,
        5,
        7
      ],
      [],
      [
        0,
        1,
        2,
        3,
        4,
        5,
        7,
        8
      ],
      [
        5
      ],
      [
        0,
        1,
        2,
        3,
        4,
        5,
        7
      ]
    ],
    "front": [
      [
        6,
        8
      ],
      [
        0,
        2,
        3,
        4,
        6,
        8
      ],
      [
        0,
        3,
        4,
        6,
        8
      ],
      [
        0,
        6,
        8
      ],
      [
        0,
        3,
        6,
        8
      ],
      [
        0,
        1,
        2,
        3,
        4,
        6,
        7,
        8
      ],
      [],
      [
        0,
        1,
        2,
        3,
        4,
        6,
        8
      ],
      [
        6
      ]
    ],
    "right": [
      [
        1,
        2,
        3,
        4,
        6,
        7,
        8
      ],
      [
        2,
        3,
        4,
        6,
        7,
        8
      ],
      [
        3,
        8
      ],
      [],
      [
        2,
        3,
        7,
        8
      ],
      [
        0,
        1,
        2,
        3,
        4,
        6,
        7,
        8
      ],
      [
        2,
        3,
        4,
        7,
        8
      ],
      [
        3,
        8
      ],
      [
        3
      ]
    ],
    "left": [
      [
        5
      ],
      [
        0,
        5
      ],
      [
        0,
        1,
        4,
        5,
        6
      ],
      [
        0,
        1,
        2,
        4,
        5,
        6,
        7,
        8
      ],
      [
        0,
        1,
        5,
        6
      ],
      [],
      [
        0,
        1,
        5
      ],
      [
        0,
        1,
        4,
        5,
        6
      ],
      [
        0,
        1,
        2,
        4,
        5,
        6,
        7
      ]
    ]
  },
  "image_index": 34,
  "image_filename": "simi_new_000034.png",
  "objects": [
    {
      "size": "large",
      "pixel_coords": [
        97,
        118,
        25.721723556518555
      ],
      "shape": "cube",
      "3d_coords": [
        -1.7131859064102173,
        -4.30088472366333,
        0.699999988079071
      ],
      "material": "rubber",
      "group": 0,
      "rotation": 235.09294247391992,
      "color": "yellow"
    },
    {
      "size": "large",
      "pixel_coords": [
        136,
        84,
        27.842742919921875
      ],
      "shape": "cube",
      "3d_coords": [
        -3.5961034297943115,
        -0.39498916268348694,
        0.699999988079071
      ],
      "material": "rubber",
      "group": 1,
      "rotation": 319.8329696896558,
      "color": "green"
    },
    {
      "size": "large",
      "pixel_coords": [
        189,
        100,
        26.8138370513916
      ],
      "shape": "cube",
      "3d_coords": [
        -0.25978684425354004,
        2.6323201656341553,
        0.699999988079071
      ],
      "material": "rubber",
      "group": 2,
      "rotation": 296.5867309497981,
      "color": "blue"
    },
    {
      "size": "large",
      "pixel_coords": [
        281,
        143,
        24.309249877929688
      ],
      "shape": "cube",
      "3d_coords": [
        6.062209606170654,
        6.34616756439209,
        0.699999988079071
      ],
      "material": "rubber",
      "group": 3,
      "rotation": 344.83729183033694,
      "color": "purple"
    },
    {
      "size": "large",
      "pixel_coords": [
        152,
        97,
        27.008625030517578
      ],
      "shape": "cube",
      "3d_coords": [
        -1.8073821067810059,
        0.19842441380023956,
        0.699999988079071
      ],
      "material": "rubber",
      "group": 1,
      "rotation": 271.45220452428816,
      "color": "green"
    },
    {
      "size": "large",
      "pixel_coords": [
        118,
        66,
        29.176782608032227
      ],
      "shape": "cube",
      "3d_coords": [
        -6.222038269042969,
        -0.8669943809509277,
        0.699999988079071
      ],
      "material": "rubber",
      "group": 2,
      "rotation": 292.5400750999723,
      "color": "blue"
    },
    {
      "size": "large",
      "pixel_coords": [
        107,
        165,
        23.240394592285156
      ],
      "shape": "cube",
      "3d_coords": [
        2.3512978553771973,
        -5.088309288024902,
        0.699999988079071
      ],
      "material": "rubber",
      "group": 1,
      "rotation": 350.63151952246557,
      "color": "green"
    },
    {
      "size": "large",
      "pixel_coords": [
        196,
        85,
        27.80881690979004
      ],
      "shape": "cube",
      "3d_coords": [
        -1.4314663410186768,
        3.878727436065674,
        0.699999988079071
      ],
      "material": "rubber",
      "group": 2,
      "rotation": 15.487668078067248,
      "color": "blue"
    },
    {
      "size": "large",
      "pixel_coords": [
        245,
        162,
        23.384843826293945
      ],
      "shape": "cube",
      "3d_coords": [
        6.220338344573975,
        3.298006296157837,
        0.699999988079071
      ],
      "material": "rubber",
      "group": 4,
      "rotation": 309.92151254376415,
      "color": "cyan"
    }
  ],
  "directions": {
    "behind": [
      -0.754490315914154,
      0.6563112735748291,
      0.0
    ],
    "front": [
      0.754490315914154,
      -0.6563112735748291,
      -0.0
    ],
    "below": [
      -0.0,
      -0.0,
      -1.0
    ],
    "right": [
      0.6563112735748291,
      0.7544902563095093,
      -0.0
    ],
    "above": [
      0.0,
      0.0,
      1.0
    ],
    "left": [
      -0.6563112735748291,
      -0.7544902563095093,
      0.0
    ]
  },
  "split": "new"
}