{
  "relationships": {
    "behind": [
      [
        4
      ],
      [
        0,
        4,
        8
      ],
      [
        0,
        1,
        4,
        8
      ],
      [
        0,
        1,
        2,
        4,
        5,
        6,
        8
      ],
      [],
      [
        0,
        1,
        2,
        4,
        6,
        8
      ],
      [
        0,
        1,
        4,
        8
      ],
      [
        0,
        1,
        2,
        3,
        4,
        5,
        6,
        8
      ],
      [
        0,
        4
      ]
    ],
    "front": [
      [
        1,
        2,
        3,
        5,
        6,
        7,
        8
      ],
      [
        2,
        3,
        5,
        6,
        7
      ],
      [
        3,
        5,
        7
      ],
      [
        7
      ],
      [
        0,
        1,
        2,
        3,
        5,
        6,
        7,
        8
      ],
      [
        3,
        7
      ],
      [
        3,
        5,
        7
      ],
      [],
      [
        1,
        2,
        3,
        5,
        6,
        7
      ]
    ],
    "right": [
      [
        1,
        3,
        6,
        8
      ],
      [
        3,
        6
      ],
      [
        0,
        1,
        3,
        4,
        5,
        6,
        7,
        8
      ],
      [
        6
      ],
      [
        0,
        1,
        3,
        6,
        8
      ],
      [
        0,
        1,
        3,
        6,
        8
      ],
      [],
      [
        0,
        1,
        3,
        4,
        5,
        6,
        8
      ],
      [
        1,
        3,
        6
      ]
    ],
    "left": [
      [
        2,
        4,
        5,
        7
      ],
      [
        0,
        2,
        4,
        5,
        7,
        8
      ],
      [],
      [
        0,
        1,
        2,
        4,
        5,
        7,
        8
      ],
      [
        2,
        7
      ],
      [
        2,
        7
      ],
      [
        0,
        1,
        2,
        3,
        4,
        5,
        7,
        8
      ],
      [
        2
      ],
      [
        0,
        2,
        4,
        5,
        7
      ]
    ]
  },
  "image_index": 31,
  "image_filename": "simi_new_000031.png",
  "objects": [
    {
      "size": "medium",
      "pixel_coords": [
        178,
        90,
        27.933435440063477
      ],
      "shape": "cube",
      "3d_coords": [
        -1.7969499826431274,
        2.4497456550598145,
        0.5
      ],
      "material": "metal",
      "group": 0,
      "rotation": 56.703249907360295,
      "color": "green"
    },
    {
      "size": "medium",
      "pixel_coords": [
        196,
        110,
        26.633962631225586
      ],
      "shape": "cube",
      "3d_coords": [
        0.640997588634491,
        2.6976048946380615,
        0.5
      ],
      "material": "metal",
      "group": 1,
      "rotation": 224.9671835172977,
      "color": "cyan"
    },
    {
      "size": "medium",
      "pixel_coords": [
        101,
        94,
        27.644271850585938
      ],
      "shape": "cube",
      "3d_coords": [
        -3.9481217861175537,
        -3.3446319103240967,
        0.5
      ],
      "material": "metal",
      "group": 2,
      "rotation": 266.67664867459615,
      "color": "brown"
    },
    {
      "size": "medium",
      "pixel_coords": [
        194,
        138,
        25.041162490844727
      ],
      "shape": "cube",
      "3d_coords": [
        2.860522508621216,
        1.3320486545562744,
        0.5
      ],
      "material": "metal",
      "group": 3,
      "rotation": 146.38769606433834,
      "color": "blue"
    },
    {
      "size": "medium",
      "pixel_coords": [
        157,
        60,
        30.10898780822754
      ],
      "shape": "cube",
      "3d_coords": [
        -5.7421956062316895,
        2.330806255340576,
        0.5
      ],
      "material": "metal",
      "group": 0,
      "rotation": 326.9354041175534,
      "color": "green"
    },
    {
      "size": "medium",
      "pixel_coords": [
        131,
        119,
        26.12948226928711
      ],
      "shape": "cube",
      "3d_coords": [
        -0.6690429449081421,
        -2.1063411235809326,
        0.5
      ],
      "material": "metal",
      "group": 2,
      "rotation": 17.844667832226353,
      "color": "brown"
    },
    {
      "size": "medium",
      "pixel_coords": [
        232,
        124,
        25.81924057006836
      ],
      "shape": "cube",
      "3d_coords": [
        2.9170892238616943,
        4.4764509201049805,
        0.5
      ],
      "material": "metal",
      "group": 3,
      "rotation": 306.38987037535367,
      "color": "blue"
    },
    {
      "size": "medium",
      "pixel_coords": [
        104,
        155,
        24.166610717773438
      ],
      "shape": "cube",
      "3d_coords": [
        1.5299333333969116,
        -4.953651428222656,
        0.5
      ],
      "material": "metal",
      "group": 3,
      "rotation": 292.8856618826295,
      "color": "blue"
    },
    {
      "size": "medium",
      "pixel_coords": [
        183,
        105,
        26.955425262451172
      ],
      "shape": "cube",
      "3d_coords": [
        -0.22255967557430267,
        2.0706775188446045,
        0.5
      ],
      "material": "metal",
      "group": 4,
      "rotation": 124.31451702482426,
      "color": "gray"
    }
  ],
  "directions": {
    "behind": [
      -0.754490315914154,
      0.6563112735748291,
      0.0
    ],
    "front": [
      0.754490315914154,
      -0.6563112735748291,
      -0.0
    ],
    "below": [
      -0.0,
      -0.0,
      -1.0
    ],
    "right": [
      0.6563112735748291,
      0.7544902563095093,
      -0.0
    ],
    "above": [
      0.0,
      0.0,
      1.0
    ],
    "left": [
      -0.6563112735748291,
      -0.7544902563095093,
      0.0
    ]
  },
  "split": "new"
}