{
  "relationships": {
    "behind": [
      [
        2,
        5,
        7
      ],
      [
        0,
        2,
        4,
        5,
        7,
        8
      ],
      [],
      [
        0,
        1,
        2,
        4,
        5,
        6,
        7,
        8
      ],
      [
        0,
        2,
        5,
        7,
        8
      ],
      [
        2,
        7
      ],
      [
        0,
        1,
        2,
        4,
        5,
        7,
        8
      ],
      [],
      [
        0,
        2,
        5,
        7
      ]
    ],
    "front": [
      [
        1,
        3,
        4,
        6,
        8
      ],
      [
        3,
        6
      ],
      [
        0,
        1,
        3,
        4,
        5,
        6,
        8
      ],
      [],
      [
        1,
        3,
        6
      ],
      [
        0,
        1,
        3,
        4,
        6,
        8
      ],
      [
        3
      ],
      [
        0,
        1,
        3,
        4,
        5,
        6,
        8
      ],
      [
        1,
        3,
        4,
        6
      ]
    ],
    "right": [
      [],
      [
        0,
        2,
        5,
        6
      ],
      [
        0
      ],
      [
        0,
        2,
        5,
        6
      ],
      [
        0,
        1,
        2,
        3,
        5,
        6,
        7
      ],
      [
        0,
        2,
        6
      ],
      [
        0,
        2
      ],
      [
        0,
        1,
        2,
        3,
        5,
        6
      ],
      [
        0,
        1,
        2,
        3,
        4,
        5,
        6,
        7
      ]
    ],
    "left": [
      [
        1,
        2,
        3,
        4,
        5,
        6,
        7,
        8
      ],
      [
        4,
        7,
        8
      ],
      [
        1,
        3,
        4,
        5,
        6,
        7,
        8
      ],
      [
        4,
        7,
        8
      ],
      [
        8
      ],
      [
        1,
        3,
        4,
        7,
        8
      ],
      [
        1,
        3,
        4,
        5,
        7,
        8
      ],
      [
        4,
        8
      ],
      []
    ]
  },
  "image_index": 147,
  "image_filename": "simi_new_000147.png",
  "objects": [
    {
      "size": "large",
      "pixel_coords": [
        236,
        112,
        25.932477951049805
      ],
      "shape": "cylinder",
      "3d_coords": [
        2.326444149017334,
        5.124503135681152,
        0.699999988079071
      ],
      "material": "metal",
      "group": 0,
      "rotation": 109.26832595964109,
      "color": "yellow"
    },
    {
      "size": "large",
      "pixel_coords": [
        163,
        150,
        23.839841842651367
      ],
      "shape": "cylinder",
      "3d_coords": [
        2.9122653007507324,
        -1.2159905433654785,
        0.699999988079071
      ],
      "material": "rubber",
      "group": 1,
      "rotation": 243.0286516893823,
      "color": "yellow"
    },
    {
      "size": "large",
      "pixel_coords": [
        235,
        94,
        27.030580520629883
      ],
      "shape": "cylinder",
      "3d_coords": [
        0.8126794695854187,
        6.057991981506348,
        0.699999988079071
      ],
      "material": "metal",
      "group": 0,
      "rotation": 290.396922183828,
      "color": "yellow"
    },
    {
      "size": "large",
      "pixel_coords": [
        149,
        192,
        21.883087158203125
      ],
      "shape": "cylinder",
      "3d_coords": [
        5.324120998382568,
        -3.4460716247558594,
        0.699999988079071
      ],
      "material": "rubber",
      "group": 1,
      "rotation": 155.38023073312164,
      "color": "yellow"
    },
    {
      "size": "large",
      "pixel_coords": [
        117,
        118,
        25.54703712463379
      ],
      "shape": "cylinder",
      "3d_coords": [
        -1.0527907609939575,
        -2.962545871734619,
        0.699999988079071
      ],
      "material": "rubber",
      "group": 1,
      "rotation": 273.060175639933,
      "color": "yellow"
    },
    {
      "size": "large",
      "pixel_coords": [
        205,
        100,
        26.666364669799805
      ],
      "shape": "cylinder",
      "3d_coords": [
        0.2751404345035553,
        3.6855576038360596,
        0.699999988079071
      ],
      "material": "rubber",
      "group": 1,
      "rotation": 60.583386590076444,
      "color": "yellow"
    },
    {
      "size": "large",
      "pixel_coords": [
        201,
        178,
        22.51715850830078
      ],
      "shape": "cylinder",
      "3d_coords": [
        5.892761707305908,
        -0.044389382004737854,
        0.699999988079071
      ],
      "material": "metal",
      "group": 0,
      "rotation": 102.90097955704026,
      "color": "yellow"
    },
    {
      "size": "large",
      "pixel_coords": [
        138,
        78,
        28.114255905151367
      ],
      "shape": "cylinder",
      "3d_coords": [
        -4.159947872161865,
        0.0766611099243164,
        0.699999988079071
      ],
      "material": "rubber",
      "group": 1,
      "rotation": 81.98631964753785,
      "color": "yellow"
    },
    {
      "size": "large",
      "pixel_coords": [
        101,
        100,
        26.62120246887207
      ],
      "shape": "cylinder",
      "3d_coords": [
        -3.232056140899658,
        -3.4353675842285156,
        0.699999988079071
      ],
      "material": "metal",
      "group": 0,
      "rotation": 233.64078749096097,
      "color": "yellow"
    }
  ],
  "directions": {
    "behind": [
      -0.754490315914154,
      0.6563112735748291,
      0.0
    ],
    "front": [
      0.754490315914154,
      -0.6563112735748291,
      -0.0
    ],
    "below": [
      -0.0,
      -0.0,
      -1.0
    ],
    "right": [
      0.6563112735748291,
      0.7544902563095093,
      -0.0
    ],
    "above": [
      0.0,
      0.0,
      1.0
    ],
    "left": [
      -0.6563112735748291,
      -0.7544902563095093,
      0.0
    ]
  },
  "split": "new"
}