{
  "relationships": {
    "right": [
      [
        5,
        8
      ],
      [
        0,
        5,
        8
      ],
      [
        0,
        1,
        3,
        5,
        6,
        8
      ],
      [
        0,
        1,
        5,
        6,
        8
      ],
      [
        0,
        1,
        2,
        3,
        5,
        6,
        8
      ],
      [],
      [
        0,
        1,
        5,
        8
      ],
      [
        0,
        1,
        2,
        3,
        4,
        5,
        6,
        8
      ],
      [
        5
      ]
    ],
    "behind": [
      [
        2,
        3,
        4,
        7,
        8
      ],
      [
        0,
        2,
        3,
        4,
        5,
        7,
        8
      ],
      [
        3,
        4,
        7,
        8
      ],
      [],
      [
        3
      ],
      [
        0,
        2,
        3,
        4,
        7,
        8
      ],
      [
        0,
        1,
        2,
        3,
        4,
        5,
        7,
        8
      ],
      [
        3
      ],
      [
        3,
        4,
        7
      ]
    ],
    "front": [
      [
        1,
        5,
        6
      ],
      [
        6
      ],
      [
        0,
        1,
        5,
        6
      ],
      [
        0,
        1,
        2,
        4,
        5,
        6,
        7,
        8
      ],
      [
        0,
        1,
        2,
        5,
        6,
        8
      ],
      [
        1,
        6
      ],
      [],
      [
        0,
        1,
        2,
        5,
        6,
        8
      ],
      [
        0,
        1,
        2,
        5,
        6
      ]
    ],
    "left": [
      [
        1,
        2,
        3,
        4,
        6,
        7
      ],
      [
        2,
        3,
        4,
        6,
        7
      ],
      [
        4,
        7
      ],
      [
        2,
        4,
        7
      ],
      [
        7
      ],
      [
        0,
        1,
        2,
        3,
        4,
        6,
        7,
        8
      ],
      [
        2,
        3,
        4,
        7
      ],
      [],
      [
        0,
        1,
        2,
        3,
        4,
        6,
        7
      ]
    ]
  },
  "split": "new",
  "directions": {
    "right": [
      0.6563112735748291,
      0.7544902563095093,
      -0.0
    ],
    "above": [
      0.0,
      0.0,
      1.0
    ],
    "behind": [
      -0.754490315914154,
      0.6563112735748291,
      0.0
    ],
    "left": [
      -0.6563112735748291,
      -0.7544902563095093,
      0.0
    ],
    "front": [
      0.754490315914154,
      -0.6563112735748291,
      -0.0
    ],
    "below": [
      -0.0,
      -0.0,
      -1.0
    ]
  },
  "image_index": 14,
  "objects": [
    {
      "rotation": 162.97361074161267,
      "group": 0,
      "size": "large",
      "material": "rubber",
      "color": "gray",
      "pixel_coords": [
        200,
        138,
        24.334232330322266
      ],
      "3d_coords": [
        3.173027753829956,
        1.5157471895217896,
        0.699999988079071
      ],
      "shape": "cylinder"
    },
    {
      "rotation": 48.323029217478386,
      "group": 1,
      "size": "large",
      "material": "rubber",
      "color": "red",
      "pixel_coords": [
        188,
        156,
        23.46295928955078
      ],
      "3d_coords": [
        4.0335845947265625,
        0.04485439509153366,
        0.699999988079071
      ],
      "shape": "cylinder"
    },
    {
      "rotation": 315.45763560446164,
      "group": 2,
      "size": "large",
      "material": "rubber",
      "color": "green",
      "pixel_coords": [
        107,
        112,
        25.762758255004883
      ],
      "3d_coords": [
        -1.9719921350479126,
        -3.4088094234466553,
        0.699999988079071
      ],
      "shape": "cylinder"
    },
    {
      "rotation": 40.22954381611957,
      "group": 3,
      "size": "large",
      "material": "rubber",
      "color": "yellow",
      "pixel_coords": [
        162,
        74,
        28.123769760131836
      ],
      "3d_coords": [
        -3.5776991844177246,
        2.0039336681365967,
        0.699999988079071
      ],
      "shape": "cylinder"
    },
    {
      "rotation": 325.86630580165956,
      "group": 1,
      "size": "large",
      "material": "rubber",
      "color": "red",
      "pixel_coords": [
        92,
        94,
        26.846879959106445
      ],
      "3d_coords": [
        -4.137126922607422,
        -3.7286205291748047,
        0.699999988079071
      ],
      "shape": "cylinder"
    },
    {
      "rotation": 356.0935088509195,
      "group": 3,
      "size": "large",
      "material": "rubber",
      "color": "yellow",
      "pixel_coords": [
        266,
        155,
        23.522565841674805
      ],
      "3d_coords": [
        6.334293365478516,
        4.781287670135498,
        0.699999988079071
      ],
      "shape": "cylinder"
    },
    {
      "rotation": 243.44386838889,
      "group": 2,
      "size": "large",
      "material": "rubber",
      "color": "green",
      "pixel_coords": [
        180,
        175,
        22.611644744873047
      ],
      "3d_coords": [
        5.008866786956787,
        -1.128210186958313,
        0.699999988079071
      ],
      "shape": "cylinder"
    },
    {
      "rotation": 28.82973803967499,
      "group": 1,
      "size": "large",
      "material": "rubber",
      "color": "red",
      "pixel_coords": [
        62,
        89,
        27.1732120513916
      ],
      "3d_coords": [
        -5.707462787628174,
        -5.629647731781006,
        0.699999988079071
      ],
      "shape": "cylinder"
    },
    {
      "rotation": 149.1637713501119,
      "group": 4,
      "size": "large",
      "material": "rubber",
      "color": "cyan",
      "pixel_coords": [
        250,
        134,
        24.571643829345703
      ],
      "3d_coords": [
        4.417020320892334,
        4.821278095245361,
        0.699999988079071
      ],
      "shape": "cylinder"
    }
  ],
  "image_filename": "CLEVR_new_000014.png"
}