{
  "relationships": {
    "right": [
      [
        1,
        2,
        3,
        4,
        5,
        6
      ],
      [
        2
      ],
      [],
      [
        1,
        2,
        4
      ],
      [
        1,
        2
      ],
      [
        1,
        2,
        3,
        4
      ],
      [
        1,
        2,
        3,
        4,
        5
      ]
    ],
    "behind": [
      [
        3,
        6
      ],
      [
        0,
        2,
        3,
        4,
        5,
        6
      ],
      [
        0,
        3,
        4,
        6
      ],
      [],
      [
        0,
        3,
        6
      ],
      [
        0,
        2,
        3,
        4,
        6
      ],
      [
        3
      ]
    ],
    "front": [
      [
        1,
        2,
        4,
        5
      ],
      [],
      [
        1,
        5
      ],
      [
        0,
        1,
        2,
        4,
        5,
        6
      ],
      [
        1,
        2,
        5
      ],
      [
        1
      ],
      [
        0,
        1,
        2,
        4,
        5
      ]
    ],
    "left": [
      [],
      [
        0,
        3,
        4,
        5,
        6
      ],
      [
        0,
        1,
        3,
        4,
        5,
        6
      ],
      [
        0,
        5,
        6
      ],
      [
        0,
        3,
        5,
        6
      ],
      [
        0,
        6
      ],
      [
        0
      ]
    ]
  },
  "split": "new",
  "directions": {
    "right": [
      0.6563112735748291,
      0.7544902563095093,
      -0.0
    ],
    "above": [
      0.0,
      0.0,
      1.0
    ],
    "behind": [
      -0.754490315914154,
      0.6563112735748291,
      0.0
    ],
    "left": [
      -0.6563112735748291,
      -0.7544902563095093,
      0.0
    ],
    "front": [
      0.754490315914154,
      -0.6563112735748291,
      -0.0
    ],
    "below": [
      -0.0,
      -0.0,
      -1.0
    ]
  },
  "image_index": 16,
  "objects": [
    {
      "rotation": 58.23564612178413,
      "group": 0,
      "size": "large",
      "material": "metal",
      "color": "gray",
      "pixel_coords": [
        63,
        88,
        27.65414810180664
      ],
      "3d_coords": [
        -5.858577728271484,
        -5.583151340484619,
        0.699999988079071
      ],
      "shape": "cone"
    },
    {
      "rotation": 229.24263074554074,
      "group": 1,
      "size": "large",
      "material": "metal",
      "color": "gray",
      "pixel_coords": [
        232,
        176,
        22.661352157592773
      ],
      "3d_coords": [
        6.772111415863037,
        1.7702703475952148,
        0.699999988079071
      ],
      "shape": "cube"
    },
    {
      "rotation": 321.48714554245913,
      "group": 1,
      "size": "large",
      "material": "metal",
      "color": "gray",
      "pixel_coords": [
        268,
        151,
        23.85228729248047
      ],
      "3d_coords": [
        6.328901767730713,
        5.042996883392334,
        0.699999988079071
      ],
      "shape": "cube"
    },
    {
      "rotation": 68.36976330725362,
      "group": 2,
      "size": "large",
      "material": "metal",
      "color": "gray",
      "pixel_coords": [
        201,
        58,
        29.956619262695312
      ],
      "3d_coords": [
        -4.021954536437988,
        6.013228416442871,
        0.699999988079071
      ],
      "shape": "sphere"
    },
    {
      "rotation": 76.1240038736214,
      "group": 1,
      "size": "large",
      "material": "metal",
      "color": "gray",
      "pixel_coords": [
        207,
        128,
        25.157258987426758
      ],
      "3d_coords": [
        2.6722607612609863,
        2.425884962081909,
        0.699999988079071
      ],
      "shape": "cube"
    },
    {
      "rotation": 332.07164164421175,
      "group": 3,
      "size": "large",
      "material": "metal",
      "color": "gray",
      "pixel_coords": [
        169,
        146,
        24.12149429321289
      ],
      "3d_coords": [
        2.879286527633667,
        -0.7694908380508423,
        0.699999988079071
      ],
      "shape": "cylinder"
    },
    {
      "rotation": 86.33473092987639,
      "group": 3,
      "size": "large",
      "material": "metal",
      "color": "gray",
      "pixel_coords": [
        113,
        89,
        27.577543258666992
      ],
      "3d_coords": [
        -3.9720852375030518,
        -2.159001588821411,
        0.699999988079071
      ],
      "shape": "cylinder"
    }
  ],
  "image_filename": "CLEVR_new_000016.png"
}