{
  "relationships": {
    "right": [
      [],
      [
        0
      ],
      [
        0,
        1,
        4,
        7,
        8
      ],
      [
        0,
        1,
        2,
        4,
        5,
        7,
        8
      ],
      [
        0
      ],
      [
        0,
        1,
        2,
        4,
        7,
        8
      ],
      [
        0,
        1,
        2,
        3,
        4,
        5,
        7,
        8
      ],
      [
        0,
        1,
        4
      ],
      [
        0,
        1,
        4,
        7
      ]
    ],
    "behind": [
      [
        1,
        2,
        8
      ],
      [
        2,
        8
      ],
      [],
      [
        0,
        1,
        2,
        4,
        5,
        6,
        8
      ],
      [
        0,
        1,
        2,
        5,
        6,
        8
      ],
      [
        0,
        1,
        2,
        6,
        8
      ],
      [
        0,
        1,
        2,
        8
      ],
      [
        0,
        1,
        2,
        3,
        4,
        5,
        6,
        8
      ],
      [
        2
      ]
    ],
    "front": [
      [
        3,
        4,
        5,
        6,
        7
      ],
      [
        0,
        3,
        4,
        5,
        6,
        7
      ],
      [
        0,
        1,
        3,
        4,
        5,
        6,
        7,
        8
      ],
      [
        7
      ],
      [
        3,
        7
      ],
      [
        3,
        4,
        7
      ],
      [
        3,
        4,
        5,
        7
      ],
      [],
      [
        0,
        1,
        3,
        4,
        5,
        6,
        7
      ]
    ],
    "left": [
      [
        1,
        2,
        3,
        4,
        5,
        6,
        7,
        8
      ],
      [
        2,
        3,
        5,
        6,
        7,
        8
      ],
      [
        3,
        5,
        6
      ],
      [
        6
      ],
      [
        2,
        3,
        5,
        6,
        7,
        8
      ],
      [
        3,
        6
      ],
      [],
      [
        2,
        3,
        5,
        6,
        8
      ],
      [
        2,
        3,
        5,
        6
      ]
    ]
  },
  "split": "new",
  "directions": {
    "right": [
      0.6563112735748291,
      0.7544902563095093,
      -0.0
    ],
    "above": [
      0.0,
      0.0,
      1.0
    ],
    "behind": [
      -0.754490315914154,
      0.6563112735748291,
      0.0
    ],
    "left": [
      -0.6563112735748291,
      -0.7544902563095093,
      0.0
    ],
    "front": [
      0.754490315914154,
      -0.6563112735748291,
      -0.0
    ],
    "below": [
      -0.0,
      -0.0,
      -1.0
    ]
  },
  "image_index": 3,
  "objects": [
    {
      "rotation": 258.7561999308709,
      "group": 0,
      "size": "large",
      "material": "rubber",
      "color": "purple",
      "pixel_coords": [
        253,
        125,
        25.209369659423828
      ],
      "3d_coords": [
        3.797854423522949,
        5.566574573516846,
        0.699999988079071
      ],
      "shape": "cylinder"
    },
    {
      "rotation": 66.49505364235537,
      "group": 1,
      "size": "large",
      "material": "rubber",
      "color": "purple",
      "pixel_coords": [
        233,
        100,
        26.659103393554688
      ],
      "3d_coords": [
        1.1989227533340454,
        5.597367763519287,
        0.699999988079071
      ],
      "shape": "cone"
    },
    {
      "rotation": 1.7385814198150884,
      "group": 2,
      "size": "large",
      "material": "rubber",
      "color": "purple",
      "pixel_coords": [
        167,
        68,
        28.867687225341797
      ],
      "3d_coords": [
        -4.183047771453857,
        2.6890969276428223,
        0.699999988079071
      ],
      "shape": "sphere"
    },
    {
      "rotation": 120.29912875199791,
      "group": 1,
      "size": "large",
      "material": "rubber",
      "color": "purple",
      "pixel_coords": [
        134,
        126,
        25.171785354614258
      ],
      "3d_coords": [
        0.15911944210529327,
        -2.1326751708984375,
        0.699999988079071
      ],
      "shape": "cone"
    },
    {
      "rotation": 262.7605335142985,
      "group": 1,
      "size": "large",
      "material": "rubber",
      "color": "purple",
      "pixel_coords": [
        226,
        138,
        24.484968185424805
      ],
      "3d_coords": [
        3.979015588760376,
        3.2299439907073975,
        0.699999988079071
      ],
      "shape": "cone"
    },
    {
      "rotation": 298.2888512959136,
      "group": 0,
      "size": "large",
      "material": "rubber",
      "color": "purple",
      "pixel_coords": [
        145,
        116,
        25.71035385131836
      ],
      "3d_coords": [
        -0.28919661045074463,
        -1.046945333480835,
        0.699999988079071
      ],
      "shape": "cylinder"
    },
    {
      "rotation": 74.07231091395471,
      "group": 3,
      "size": "large",
      "material": "rubber",
      "color": "purple",
      "pixel_coords": [
        87,
        97,
        26.85374641418457
      ],
      "3d_coords": [
        -3.922593593597412,
        -4.312253952026367,
        0.699999988079071
      ],
      "shape": "cube"
    },
    {
      "rotation": 238.60948051436492,
      "group": 3,
      "size": "large",
      "material": "rubber",
      "color": "purple",
      "pixel_coords": [
        188,
        161,
        23.34779167175293
      ],
      "3d_coords": [
        4.449833869934082,
        -0.05087519809603691,
        0.699999988079071
      ],
      "shape": "cube"
    },
    {
      "rotation": 71.170948404899,
      "group": 3,
      "size": "large",
      "material": "rubber",
      "color": "purple",
      "pixel_coords": [
        188,
        81,
        27.944229125976562
      ],
      "3d_coords": [
        -2.1364102363586426,
        3.4820077419281006,
        0.699999988079071
      ],
      "shape": "cube"
    }
  ],
  "image_filename": "CLEVR_new_000003.png"
}