{
  "relationships": {
    "right": [
      [
        4
      ],
      [
        0,
        2,
        3,
        4,
        5,
        6,
        7
      ],
      [
        0,
        3,
        4,
        5,
        6
      ],
      [
        0,
        4,
        6
      ],
      [],
      [
        0,
        3,
        4,
        6
      ],
      [
        0,
        4
      ],
      [
        0,
        2,
        3,
        4,
        5,
        6
      ]
    ],
    "behind": [
      [
        1,
        2,
        3,
        4,
        5,
        6,
        7
      ],
      [
        3,
        4,
        5,
        6,
        7
      ],
      [
        1,
        3,
        4,
        5,
        6,
        7
      ],
      [],
      [
        3,
        5,
        7
      ],
      [
        3
      ],
      [
        3,
        4,
        5,
        7
      ],
      [
        3,
        5
      ]
    ],
    "front": [
      [],
      [
        0,
        2
      ],
      [
        0
      ],
      [
        0,
        1,
        2,
        4,
        5,
        6,
        7
      ],
      [
        0,
        1,
        2,
        6
      ],
      [
        0,
        1,
        2,
        4,
        6,
        7
      ],
      [
        0,
        1,
        2
      ],
      [
        0,
        1,
        2,
        4,
        6
      ]
    ],
    "left": [
      [
        1,
        2,
        3,
        5,
        6,
        7
      ],
      [],
      [
        1,
        7
      ],
      [
        1,
        2,
        5,
        7
      ],
      [
        0,
        1,
        2,
        3,
        5,
        6,
        7
      ],
      [
        1,
        2,
        7
      ],
      [
        1,
        2,
        3,
        5,
        7
      ],
      [
        1
      ]
    ]
  },
  "split": "new",
  "directions": {
    "right": [
      0.6563112735748291,
      0.7544902563095093,
      -0.0
    ],
    "above": [
      0.0,
      0.0,
      1.0
    ],
    "behind": [
      -0.754490315914154,
      0.6563112735748291,
      0.0
    ],
    "left": [
      -0.6563112735748291,
      -0.7544902563095093,
      0.0
    ],
    "front": [
      0.754490315914154,
      -0.6563112735748291,
      -0.0
    ],
    "below": [
      -0.0,
      -0.0,
      -1.0
    ]
  },
  "image_index": 7,
  "objects": [
    {
      "rotation": 36.82616241586029,
      "group": 0,
      "size": "large",
      "material": "rubber",
      "color": "yellow",
      "pixel_coords": [
        209,
        170,
        23.032611846923828
      ],
      "3d_coords": [
        5.555830001831055,
        0.8010100722312927,
        0.699999988079071
      ],
      "shape": "cylinder"
    },
    {
      "rotation": 141.95314447575132,
      "group": 1,
      "size": "large",
      "material": "rubber",
      "color": "green",
      "pixel_coords": [
        55,
        96,
        26.85291290283203
      ],
      "3d_coords": [
        -5.202883243560791,
        -6.399211406707764,
        0.699999988079071
      ],
      "shape": "cylinder"
    },
    {
      "rotation": 178.43727144428743,
      "group": 2,
      "size": "large",
      "material": "rubber",
      "color": "blue",
      "pixel_coords": [
        125,
        116,
        25.674026489257812
      ],
      "3d_coords": [
        -0.9933068156242371,
        -2.4052624702453613,
        0.699999988079071
      ],
      "shape": "cylinder"
    },
    {
      "rotation": 356.6185070825084,
      "group": 3,
      "size": "large",
      "material": "rubber",
      "color": "brown",
      "pixel_coords": [
        201,
        48,
        30.06715965270996
      ],
      "3d_coords": [
        -4.808286190032959,
        6.360177040100098,
        0.699999988079071
      ],
      "shape": "cylinder"
    },
    {
      "rotation": 63.793274345334545,
      "group": 4,
      "size": "large",
      "material": "rubber",
      "color": "purple",
      "pixel_coords": [
        246,
        102,
        26.500633239746094
      ],
      "3d_coords": [
        1.85282564163208,
        6.343374729156494,
        0.699999988079071
      ],
      "shape": "cylinder"
    },
    {
      "rotation": 326.15921334101677,
      "group": 5,
      "size": "large",
      "material": "rubber",
      "color": "cyan",
      "pixel_coords": [
        174,
        72,
        28.410587310791016
      ],
      "3d_coords": [
        -3.421154499053955,
        2.952439546585083,
        0.699999988079071
      ],
      "shape": "cylinder"
    },
    {
      "rotation": 272.43402130035935,
      "group": 4,
      "size": "large",
      "material": "rubber",
      "color": "purple",
      "pixel_coords": [
        199,
        122,
        25.379714965820312
      ],
      "3d_coords": [
        1.8760032653808594,
        2.2140238285064697,
        0.699999988079071
      ],
      "shape": "cylinder"
    },
    {
      "rotation": 342.79151960917926,
      "group": 3,
      "size": "large",
      "material": "rubber",
      "color": "brown",
      "pixel_coords": [
        114,
        68,
        28.658336639404297
      ],
      "3d_coords": [
        -5.992855548858643,
        -1.247456431388855,
        0.699999988079071
      ],
      "shape": "cylinder"
    }
  ],
  "image_filename": "CLEVR_new_000007.png"
}