{
  "relationships": {
    "right": [
      [
        1,
        2,
        3,
        5,
        6,
        7
      ],
      [],
      [
        1,
        7
      ],
      [
        1,
        2,
        7
      ],
      [
        1,
        2,
        3,
        5,
        6,
        7
      ],
      [
        1,
        2,
        3,
        7
      ],
      [
        1,
        2,
        3,
        5,
        7
      ],
      [
        1
      ]
    ],
    "behind": [
      [],
      [
        0,
        2,
        7
      ],
      [
        0
      ],
      [
        0,
        1,
        2,
        4,
        6,
        7
      ],
      [
        0,
        2,
        7
      ],
      [
        0,
        1,
        2,
        3,
        4,
        6,
        7
      ],
      [
        0,
        1,
        2,
        4,
        7
      ],
      [
        0
      ]
    ],
    "front": [
      [
        1,
        2,
        3,
        4,
        5,
        6,
        7
      ],
      [
        3,
        5,
        6
      ],
      [
        1,
        3,
        4,
        5,
        6
      ],
      [
        5
      ],
      [
        3,
        5,
        6
      ],
      [],
      [
        3,
        5
      ],
      [
        1,
        3,
        4,
        5,
        6
      ]
    ],
    "left": [
      [],
      [
        0,
        2,
        3,
        4,
        5,
        6,
        7
      ],
      [
        0,
        3,
        4,
        5,
        6
      ],
      [
        0,
        4,
        5,
        6
      ],
      [],
      [
        0,
        4,
        6
      ],
      [
        0,
        4
      ],
      [
        0,
        2,
        3,
        4,
        5,
        6
      ]
    ]
  },
  "split": "new",
  "directions": {
    "right": [
      0.6563112735748291,
      0.7544902563095093,
      -0.0
    ],
    "above": [
      0.0,
      0.0,
      1.0
    ],
    "behind": [
      -0.754490315914154,
      0.6563112735748291,
      0.0
    ],
    "left": [
      -0.6563112735748291,
      -0.7544902563095093,
      0.0
    ],
    "front": [
      0.754490315914154,
      -0.6563112735748291,
      -0.0
    ],
    "below": [
      -0.0,
      -0.0,
      -1.0
    ]
  },
  "image_index": 24,
  "objects": [
    {
      "rotation": 344.5951883648339,
      "group": 0,
      "size": "medium",
      "material": "metal",
      "color": "gray",
      "pixel_coords": [
        111,
        85,
        28.393308639526367
      ],
      "3d_coords": [
        -4.639102935791016,
        -2.098299264907837,
        0.5
      ],
      "shape": "cube"
    },
    {
      "rotation": 82.92345104449039,
      "group": 1,
      "size": "medium",
      "material": "metal",
      "color": "green",
      "pixel_coords": [
        281,
        157,
        24.230640411376953
      ],
      "3d_coords": [
        6.982269287109375,
        5.913641929626465,
        0.5
      ],
      "shape": "cube"
    },
    {
      "rotation": 135.47587233252082,
      "group": 2,
      "size": "medium",
      "material": "metal",
      "color": "purple",
      "pixel_coords": [
        230,
        125,
        25.92401885986328
      ],
      "3d_coords": [
        3.063754081726074,
        4.28635835647583,
        0.5
      ],
      "shape": "cube"
    },
    {
      "rotation": 111.96562714954355,
      "group": 1,
      "size": "medium",
      "material": "metal",
      "color": "green",
      "pixel_coords": [
        159,
        189,
        22.787200927734375
      ],
      "3d_coords": [
        5.3602614402771,
        -2.7084431648254395,
        0.5
      ],
      "shape": "cube"
    },
    {
      "rotation": 314.8498341798708,
      "group": 1,
      "size": "medium",
      "material": "metal",
      "color": "green",
      "pixel_coords": [
        97,
        116,
        26.430259704589844
      ],
      "3d_coords": [
        -2.103269100189209,
        -4.259603977203369,
        0.5
      ],
      "shape": "cube"
    },
    {
      "rotation": 227.0087587736922,
      "group": 3,
      "size": "medium",
      "material": "metal",
      "color": "red",
      "pixel_coords": [
        114,
        196,
        22.469623565673828
      ],
      "3d_coords": [
        4.524909973144531,
        -5.570581436157227,
        0.5
      ],
      "shape": "cube"
    },
    {
      "rotation": 230.82807387820617,
      "group": 4,
      "size": "medium",
      "material": "metal",
      "color": "yellow",
      "pixel_coords": [
        106,
        149,
        24.617897033691406
      ],
      "3d_coords": [
        1.0060611963272095,
        -4.705562114715576,
        0.5
      ],
      "shape": "cube"
    },
    {
      "rotation": 151.92938829457785,
      "group": 1,
      "size": "medium",
      "material": "metal",
      "color": "green",
      "pixel_coords": [
        274,
        134,
        25.428136825561523
      ],
      "3d_coords": [
        5.159842491149902,
        6.676318645477295,
        0.5
      ],
      "shape": "cube"
    }
  ],
  "image_filename": "CLEVR_new_000024.png"
}