{
  "relationships": {
    "right": [
      [
        5
      ],
      [
        0,
        2,
        3,
        4,
        5,
        6,
        7,
        8
      ],
      [
        0,
        3,
        5,
        6,
        7,
        8
      ],
      [
        0,
        5,
        6,
        7
      ],
      [
        0,
        3,
        5,
        6,
        7,
        8
      ],
      [],
      [
        0,
        5
      ],
      [
        0,
        5,
        6
      ],
      [
        0,
        3,
        5,
        6,
        7
      ]
    ],
    "behind": [
      [
        1,
        2,
        3,
        4,
        5,
        6,
        7,
        8
      ],
      [
        3,
        5,
        7
      ],
      [
        1,
        3,
        5,
        7
      ],
      [],
      [
        1,
        2,
        3,
        5,
        6,
        7,
        8
      ],
      [
        3
      ],
      [
        1,
        2,
        3,
        5,
        7,
        8
      ],
      [
        3,
        5
      ],
      [
        1,
        2,
        3,
        5,
        7
      ]
    ],
    "front": [
      [],
      [
        0,
        2,
        4,
        6,
        8
      ],
      [
        0,
        4,
        6,
        8
      ],
      [
        0,
        1,
        2,
        4,
        5,
        6,
        7,
        8
      ],
      [
        0
      ],
      [
        0,
        1,
        2,
        4,
        6,
        7,
        8
      ],
      [
        0,
        4
      ],
      [
        0,
        1,
        2,
        4,
        6,
        8
      ],
      [
        0,
        4,
        6
      ]
    ],
    "left": [
      [
        1,
        2,
        3,
        4,
        6,
        7,
        8
      ],
      [],
      [
        1
      ],
      [
        1,
        2,
        4,
        8
      ],
      [
        1
      ],
      [
        0,
        1,
        2,
        3,
        4,
        6,
        7,
        8
      ],
      [
        1,
        2,
        3,
        4,
        7,
        8
      ],
      [
        1,
        2,
        3,
        4,
        8
      ],
      [
        1,
        2,
        4
      ]
    ]
  },
  "split": "new",
  "directions": {
    "right": [
      0.6563112735748291,
      0.7544902563095093,
      -0.0
    ],
    "above": [
      0.0,
      0.0,
      1.0
    ],
    "behind": [
      -0.754490315914154,
      0.6563112735748291,
      0.0
    ],
    "left": [
      -0.6563112735748291,
      -0.7544902563095093,
      0.0
    ],
    "front": [
      0.754490315914154,
      -0.6563112735748291,
      -0.0
    ],
    "below": [
      -0.0,
      -0.0,
      -1.0
    ]
  },
  "image_index": 10,
  "objects": [
    {
      "rotation": 12.439512464081046,
      "group": 0,
      "size": "large",
      "material": "rubber",
      "color": "brown",
      "pixel_coords": [
        174,
        209,
        21.593090057373047
      ],
      "3d_coords": [
        6.91855001449585,
        -2.37568998336792,
        0.699999988079071
      ],
      "shape": "cone"
    },
    {
      "rotation": 76.39311622939218,
      "group": 1,
      "size": "large",
      "material": "rubber",
      "color": "brown",
      "pixel_coords": [
        91,
        90,
        27.21926498413086
      ],
      "3d_coords": [
        -4.432413578033447,
        -3.809211492538452,
        0.699999988079071
      ],
      "shape": "sphere"
    },
    {
      "rotation": 245.74600009100038,
      "group": 2,
      "size": "large",
      "material": "rubber",
      "color": "brown",
      "pixel_coords": [
        107,
        126,
        25.238967895507812
      ],
      "3d_coords": [
        -0.7291422486305237,
        -3.9130914211273193,
        0.699999988079071
      ],
      "shape": "cube"
    },
    {
      "rotation": 162.20329349765103,
      "group": 3,
      "size": "large",
      "material": "rubber",
      "color": "brown",
      "pixel_coords": [
        169,
        48,
        30.02354621887207
      ],
      "3d_coords": [
        -6.1049675941467285,
        3.7793185710906982,
        0.699999988079071
      ],
      "shape": "cylinder"
    },
    {
      "rotation": 128.11782621523074,
      "group": 0,
      "size": "large",
      "material": "rubber",
      "color": "brown",
      "pixel_coords": [
        91,
        166,
        23.33839225769043
      ],
      "3d_coords": [
        1.8685083389282227,
        -6.005722999572754,
        0.699999988079071
      ],
      "shape": "cone"
    },
    {
      "rotation": 182.10448177616027,
      "group": 3,
      "size": "large",
      "material": "rubber",
      "color": "brown",
      "pixel_coords": [
        225,
        89,
        27.299884796142578
      ],
      "3d_coords": [
        -0.05724566429853439,
        5.624757289886475,
        0.699999988079071
      ],
      "shape": "cylinder"
    },
    {
      "rotation": 95.4764929179068,
      "group": 1,
      "size": "large",
      "material": "rubber",
      "color": "brown",
      "pixel_coords": [
        156,
        168,
        23.26087188720703
      ],
      "3d_coords": [
        3.8688533306121826,
        -2.1441292762756348,
        0.699999988079071
      ],
      "shape": "sphere"
    },
    {
      "rotation": 3.0259237713064824,
      "group": 0,
      "size": "large",
      "material": "rubber",
      "color": "brown",
      "pixel_coords": [
        170,
        103,
        26.452024459838867
      ],
      "3d_coords": [
        -0.5920538902282715,
        1.162535309791565,
        0.699999988079071
      ],
      "shape": "cone"
    },
    {
      "rotation": 254.6543712488187,
      "group": 2,
      "size": "large",
      "material": "rubber",
      "color": "brown",
      "pixel_coords": [
        105,
        149,
        24.114280700683594
      ],
      "3d_coords": [
        1.0247859954833984,
        -4.69985818862915,
        0.699999988079071
      ],
      "shape": "cube"
    }
  ],
  "image_filename": "CLEVR_new_000010.png"
}