{
  "relationships": {
    "right": [
      [
        1,
        4,
        5,
        6
      ],
      [
        5,
        6
      ],
      [
        0,
        1,
        3,
        4,
        5,
        6
      ],
      [
        0,
        1,
        4,
        5,
        6
      ],
      [
        5,
        6
      ],
      [],
      [
        5
      ]
    ],
    "behind": [
      [
        4,
        6
      ],
      [
        0,
        2,
        3,
        4,
        5,
        6
      ],
      [
        0,
        4,
        5,
        6
      ],
      [
        0,
        2,
        4,
        5,
        6
      ],
      [],
      [
        0,
        4,
        6
      ],
      [
        4
      ]
    ],
    "front": [
      [
        1,
        2,
        3,
        5
      ],
      [],
      [
        1,
        3
      ],
      [
        1
      ],
      [
        0,
        1,
        2,
        3,
        5,
        6
      ],
      [
        1,
        2,
        3
      ],
      [
        0,
        1,
        2,
        3,
        5
      ]
    ],
    "left": [
      [
        2,
        3
      ],
      [
        0,
        2,
        3
      ],
      [],
      [
        2
      ],
      [
        0,
        2,
        3
      ],
      [
        0,
        1,
        2,
        3,
        4,
        6
      ],
      [
        0,
        1,
        2,
        3,
        4
      ]
    ]
  },
  "split": "new",
  "directions": {
    "right": [
      0.6563112735748291,
      0.7544902563095093,
      -0.0
    ],
    "above": [
      0.0,
      0.0,
      1.0
    ],
    "behind": [
      -0.754490315914154,
      0.6563112735748291,
      0.0
    ],
    "left": [
      -0.6563112735748291,
      -0.7544902563095093,
      0.0
    ],
    "front": [
      0.754490315914154,
      -0.6563112735748291,
      -0.0
    ],
    "below": [
      -0.0,
      -0.0,
      -1.0
    ]
  },
  "image_index": 0,
  "objects": [
    {
      "rotation": 160.5743116256366,
      "group": 0,
      "size": "large",
      "material": "rubber",
      "color": "yellow",
      "pixel_coords": [
        177,
        88,
        27.598405838012695
      ],
      "3d_coords": [
        -1.6964045763015747,
        2.3927602767944336,
        0.699999988079071
      ],
      "shape": "cylinder"
    },
    {
      "rotation": 320.86309939114574,
      "group": 1,
      "size": "large",
      "material": "rubber",
      "color": "brown",
      "pixel_coords": [
        177,
        155,
        23.81330108642578
      ],
      "3d_coords": [
        3.679487705230713,
        -0.698811411857605,
        0.699999988079071
      ],
      "shape": "cylinder"
    },
    {
      "rotation": 305.6308108542296,
      "group": 2,
      "size": "large",
      "material": "rubber",
      "color": "gray",
      "pixel_coords": [
        91,
        104,
        26.589046478271484
      ],
      "3d_coords": [
        -3.3388640880584717,
        -4.1682963371276855,
        0.699999988079071
      ],
      "shape": "cylinder"
    },
    {
      "rotation": 137.5811671315086,
      "group": 1,
      "size": "large",
      "material": "rubber",
      "color": "brown",
      "pixel_coords": [
        163,
        124,
        25.434825897216797
      ],
      "3d_coords": [
        0.908022403717041,
        -0.24803531169891357,
        0.699999988079071
      ],
      "shape": "cylinder"
    },
    {
      "rotation": 349.49392133492734,
      "group": 3,
      "size": "large",
      "material": "rubber",
      "color": "cyan",
      "pixel_coords": [
        200,
        51,
        30.26233673095703
      ],
      "3d_coords": [
        -4.5304155349731445,
        6.339372158050537,
        0.699999988079071
      ],
      "shape": "cylinder"
    },
    {
      "rotation": 327.4228659597182,
      "group": 4,
      "size": "large",
      "material": "rubber",
      "color": "green",
      "pixel_coords": [
        258,
        109,
        26.32415008544922
      ],
      "3d_coords": [
        3.0106778144836426,
        6.755280017852783,
        0.699999988079071
      ],
      "shape": "cylinder"
    },
    {
      "rotation": 222.97590017827702,
      "group": 5,
      "size": "large",
      "material": "rubber",
      "color": "purple",
      "pixel_coords": [
        216,
        64,
        29.290502548217773
      ],
      "3d_coords": [
        -2.531020164489746,
        6.700234413146973,
        0.699999988079071
      ],
      "shape": "cylinder"
    }
  ],
  "image_filename": "CLEVR_new_000000.png"
}