{
  "relationships": {
    "right": [
      [
        1,
        2,
        3,
        4,
        5,
        6,
        8
      ],
      [
        2,
        3,
        4,
        8
      ],
      [
        3,
        8
      ],
      [],
      [
        2,
        3,
        8
      ],
      [
        1,
        2,
        3,
        4,
        6,
        8
      ],
      [
        1,
        2,
        3,
        4,
        8
      ],
      [
        0,
        1,
        2,
        3,
        4,
        5,
        6,
        8
      ],
      [
        3
      ]
    ],
    "behind": [
      [
        1,
        3,
        4,
        5,
        7
      ],
      [],
      [
        0,
        1,
        3,
        4,
        5,
        6,
        7,
        8
      ],
      [
        1,
        4,
        5,
        7
      ],
      [
        1
      ],
      [
        1,
        4,
        7
      ],
      [
        0,
        1,
        3,
        4,
        5,
        7
      ],
      [
        1,
        4
      ],
      [
        0,
        1,
        3,
        4,
        5,
        6,
        7
      ]
    ],
    "front": [
      [
        2,
        6,
        8
      ],
      [
        0,
        2,
        3,
        4,
        5,
        6,
        7,
        8
      ],
      [],
      [
        0,
        2,
        6,
        8
      ],
      [
        0,
        2,
        3,
        5,
        6,
        7,
        8
      ],
      [
        0,
        2,
        3,
        6,
        8
      ],
      [
        2,
        8
      ],
      [
        0,
        2,
        3,
        5,
        6,
        8
      ],
      [
        2
      ]
    ],
    "left": [
      [
        7
      ],
      [
        0,
        5,
        6,
        7
      ],
      [
        0,
        1,
        4,
        5,
        6,
        7
      ],
      [
        0,
        1,
        2,
        4,
        5,
        6,
        7,
        8
      ],
      [
        0,
        1,
        5,
        6,
        7
      ],
      [
        0,
        7
      ],
      [
        0,
        5,
        7
      ],
      [],
      [
        0,
        1,
        2,
        4,
        5,
        6,
        7
      ]
    ]
  },
  "split": "new",
  "directions": {
    "right": [
      0.6563112735748291,
      0.7544902563095093,
      -0.0
    ],
    "above": [
      0.0,
      0.0,
      1.0
    ],
    "behind": [
      -0.754490315914154,
      0.6563112735748291,
      0.0
    ],
    "left": [
      -0.6563112735748291,
      -0.7544902563095093,
      0.0
    ],
    "front": [
      0.754490315914154,
      -0.6563112735748291,
      -0.0
    ],
    "below": [
      -0.0,
      -0.0,
      -1.0
    ]
  },
  "image_index": 17,
  "objects": [
    {
      "rotation": 288.13914186086777,
      "group": 0,
      "size": "large",
      "material": "rubber",
      "color": "blue",
      "pixel_coords": [
        92,
        110,
        26.071992874145508
      ],
      "3d_coords": [
        -2.5722999572753906,
        -4.39048433303833,
        0.699999988079071
      ],
      "shape": "cube"
    },
    {
      "rotation": 89.33519309563157,
      "group": 0,
      "size": "large",
      "material": "rubber",
      "color": "blue",
      "pixel_coords": [
        166,
        55,
        29.65557098388672
      ],
      "3d_coords": [
        -5.480227947235107,
        3.2774908542633057,
        0.699999988079071
      ],
      "shape": "cube"
    },
    {
      "rotation": 0.07156444010312235,
      "group": 1,
      "size": "large",
      "material": "metal",
      "color": "blue",
      "pixel_coords": [
        160,
        170,
        23.064199447631836
      ],
      "3d_coords": [
        4.158352851867676,
        -2.0079240798950195,
        0.699999988079071
      ],
      "shape": "cube"
    },
    {
      "rotation": 48.20180381161657,
      "group": 0,
      "size": "large",
      "material": "rubber",
      "color": "blue",
      "pixel_coords": [
        248,
        127,
        25.153505325317383
      ],
      "3d_coords": [
        3.7787604331970215,
        5.167440414428711,
        0.699999988079071
      ],
      "shape": "cube"
    },
    {
      "rotation": 67.53232528570666,
      "group": 0,
      "size": "large",
      "material": "rubber",
      "color": "blue",
      "pixel_coords": [
        180,
        70,
        28.58588218688965
      ],
      "3d_coords": [
        -3.4004554748535156,
        3.4795427322387695,
        0.699999988079071
      ],
      "shape": "cube"
    },
    {
      "rotation": 195.3750029766789,
      "group": 1,
      "size": "large",
      "material": "metal",
      "color": "blue",
      "pixel_coords": [
        133,
        97,
        26.870723724365234
      ],
      "3d_coords": [
        -2.453021764755249,
        -1.1038836240768433,
        0.699999988079071
      ],
      "shape": "cube"
    },
    {
      "rotation": 71.17432862445949,
      "group": 1,
      "size": "large",
      "material": "metal",
      "color": "blue",
      "pixel_coords": [
        132,
        123,
        25.362346649169922
      ],
      "3d_coords": [
        -0.17395538091659546,
        -2.162600040435791,
        0.699999988079071
      ],
      "shape": "cube"
    },
    {
      "rotation": 232.57575551796182,
      "group": 0,
      "size": "large",
      "material": "rubber",
      "color": "blue",
      "pixel_coords": [
        85,
        81,
        27.8272647857666
      ],
      "3d_coords": [
        -5.580140113830566,
        -3.8897199630737305,
        0.699999988079071
      ],
      "shape": "cube"
    },
    {
      "rotation": 252.4091629548851,
      "group": 0,
      "size": "large",
      "material": "rubber",
      "color": "blue",
      "pixel_coords": [
        212,
        168,
        23.136798858642578
      ],
      "3d_coords": [
        5.53747034072876,
        1.1034518480300903,
        0.699999988079071
      ],
      "shape": "cube"
    }
  ],
  "image_filename": "CLEVR_new_000017.png"
}