{
  "relationships": {
    "right": [
      [
        2,
        4,
        7,
        8
      ],
      [
        0,
        2,
        3,
        4,
        5,
        7,
        8
      ],
      [],
      [
        0,
        2,
        4,
        7,
        8
      ],
      [
        2
      ],
      [
        0,
        2,
        3,
        4,
        7,
        8
      ],
      [
        0,
        1,
        2,
        3,
        4,
        5,
        7,
        8
      ],
      [
        2,
        4
      ],
      [
        2,
        4,
        7
      ]
    ],
    "behind": [
      [
        1,
        2,
        3,
        4,
        5,
        6,
        7,
        8
      ],
      [
        2,
        3,
        4,
        5,
        6,
        7,
        8
      ],
      [
        3,
        5,
        6,
        8
      ],
      [
        5,
        8
      ],
      [
        3,
        5,
        6,
        8
      ],
      [
        8
      ],
      [
        3,
        5,
        8
      ],
      [
        2,
        3,
        4,
        5,
        6,
        8
      ],
      []
    ],
    "front": [
      [],
      [
        0
      ],
      [
        0,
        1,
        7
      ],
      [
        0,
        1,
        2,
        4,
        6,
        7
      ],
      [
        0,
        1,
        7
      ],
      [
        0,
        1,
        2,
        3,
        4,
        6,
        7
      ],
      [
        0,
        1,
        2,
        4,
        7
      ],
      [
        0,
        1
      ],
      [
        0,
        1,
        2,
        3,
        4,
        5,
        6,
        7
      ]
    ],
    "left": [
      [
        1,
        3,
        5,
        6
      ],
      [
        6
      ],
      [
        0,
        1,
        3,
        4,
        5,
        6,
        7,
        8
      ],
      [
        1,
        5,
        6
      ],
      [
        0,
        1,
        3,
        5,
        6,
        7,
        8
      ],
      [
        1,
        6
      ],
      [],
      [
        0,
        1,
        3,
        5,
        6,
        8
      ],
      [
        0,
        1,
        3,
        5,
        6
      ]
    ]
  },
  "split": "new",
  "directions": {
    "right": [
      0.6563112735748291,
      0.7544902563095093,
      -0.0
    ],
    "above": [
      0.0,
      0.0,
      1.0
    ],
    "behind": [
      -0.754490315914154,
      0.6563112735748291,
      0.0
    ],
    "left": [
      -0.6563112735748291,
      -0.7544902563095093,
      0.0
    ],
    "front": [
      0.754490315914154,
      -0.6563112735748291,
      -0.0
    ],
    "below": [
      -0.0,
      -0.0,
      -1.0
    ]
  },
  "image_index": 19,
  "objects": [
    {
      "rotation": 7.5409221434082285,
      "group": 0,
      "size": "large",
      "material": "rubber",
      "color": "green",
      "pixel_coords": [
        164,
        193,
        21.756092071533203
      ],
      "3d_coords": [
        5.761725902557373,
        -2.59448504447937,
        0.699999988079071
      ],
      "shape": "cylinder"
    },
    {
      "rotation": 177.12192965861166,
      "group": 1,
      "size": "large",
      "material": "rubber",
      "color": "green",
      "pixel_coords": [
        67,
        132,
        24.662765502929688
      ],
      "3d_coords": [
        -1.5598089694976807,
        -6.580648899078369,
        0.699999988079071
      ],
      "shape": "cone"
    },
    {
      "rotation": 60.58470174445728,
      "group": 0,
      "size": "large",
      "material": "rubber",
      "color": "green",
      "pixel_coords": [
        271,
        135,
        24.505353927612305
      ],
      "3d_coords": [
        5.1217756271362305,
        6.09067964553833,
        0.699999988079071
      ],
      "shape": "cylinder"
    },
    {
      "rotation": 302.99331221607355,
      "group": 2,
      "size": "large",
      "material": "rubber",
      "color": "green",
      "pixel_coords": [
        164,
        98,
        26.564697265625
      ],
      "3d_coords": [
        -1.244264006614685,
        0.930404007434845,
        0.699999988079071
      ],
      "shape": "sphere"
    },
    {
      "rotation": 65.22983160969993,
      "group": 0,
      "size": "large",
      "material": "rubber",
      "color": "green",
      "pixel_coords": [
        234,
        125,
        25.009878158569336
      ],
      "3d_coords": [
        3.268897533416748,
        4.245312213897705,
        0.699999988079071
      ],
      "shape": "cylinder"
    },
    {
      "rotation": 283.6267918260771,
      "group": 2,
      "size": "large",
      "material": "rubber",
      "color": "green",
      "pixel_coords": [
        117,
        78,
        27.881607055664062
      ],
      "3d_coords": [
        -4.814621448516846,
        -1.3774232864379883,
        0.699999988079071
      ],
      "shape": "sphere"
    },
    {
      "rotation": 284.4891251261653,
      "group": 3,
      "size": "large",
      "material": "rubber",
      "color": "green",
      "pixel_coords": [
        50,
        82,
        27.631784439086914
      ],
      "3d_coords": [
        -6.820805549621582,
        -6.25762939453125,
        0.699999988079071
      ],
      "shape": "cube"
    },
    {
      "rotation": 39.85342633132901,
      "group": 3,
      "size": "large",
      "material": "rubber",
      "color": "green",
      "pixel_coords": [
        225,
        156,
        23.404701232910156
      ],
      "3d_coords": [
        5.1793951988220215,
        2.2200794219970703,
        0.699999988079071
      ],
      "shape": "cube"
    },
    {
      "rotation": 153.59266381341274,
      "group": 0,
      "size": "large",
      "material": "rubber",
      "color": "green",
      "pixel_coords": [
        215,
        56,
        29.456438064575195
      ],
      "3d_coords": [
        -3.491400957107544,
        6.9463605880737305,
        0.699999988079071
      ],
      "shape": "cylinder"
    }
  ],
  "image_filename": "CLEVR_new_000019.png"
}