{
  "image_filename": "proxRE_new_000011.png",
  "split": "new",
  "relationships": {
    "behind": [
      [
        1,
        4,
        5,
        6,
        7,
        8
      ],
      [
        4,
        5,
        6,
        7,
        8
      ],
      [
        1,
        4,
        5,
        6,
        7,
        8
      ],
      [
        0,
        1,
        2,
        4,
        5,
        6,
        7,
        8
      ],
      [],
      [
        4,
        6,
        7
      ],
      [
        4,
        7
      ],
      [],
      [
        4,
        6,
        7
      ]
    ],
    "right": [
      [
        2,
        3,
        4,
        5,
        6,
        7,
        8
      ],
      [
        2,
        3,
        4,
        5,
        6,
        7,
        8
      ],
      [
        3,
        4,
        5,
        6,
        7,
        8
      ],
      [
        4,
        5,
        6,
        7,
        8
      ],
      [
        5,
        6
      ],
      [
        6
      ],
      [],
      [
        4,
        5,
        6,
        8
      ],
      [
        4,
        5,
        6
      ]
    ],
    "front": [
      [
        3
      ],
      [
        0,
        2,
        3
      ],
      [
        3
      ],
      [],
      [
        0,
        1,
        2,
        3,
        5,
        6,
        8
      ],
      [
        0,
        1,
        2,
        3
      ],
      [
        0,
        1,
        2,
        3,
        5,
        8
      ],
      [
        0,
        1,
        2,
        3,
        5,
        6,
        8
      ],
      [
        0,
        1,
        2,
        3
      ]
    ],
    "left": [
      [],
      [],
      [
        0,
        1
      ],
      [
        0,
        1,
        2
      ],
      [
        0,
        1,
        2,
        3,
        7,
        8
      ],
      [
        0,
        1,
        2,
        3,
        4,
        7,
        8
      ],
      [
        0,
        1,
        2,
        3,
        4,
        5,
        7,
        8
      ],
      [
        0,
        1,
        2,
        3
      ],
      [
        0,
        1,
        2,
        3,
        7
      ]
    ]
  },
  "image_index": 11,
  "objects": [
    {
      "group": 0,
      "material": "metal",
      "rotation": 161.33097527917295,
      "size": "small",
      "pixel_coords": [
        116,
        121,
        26.29469871520996
      ],
      "3d_coords": [
        -1.1026827096939087,
        -3.103121042251587,
        0.3499999940395355
      ],
      "color": "green",
      "shape": "cube"
    },
    {
      "group": 0,
      "material": "metal",
      "rotation": 351.56002425959684,
      "size": "medium",
      "pixel_coords": [
        122,
        103,
        27.165912628173828
      ],
      "3d_coords": [
        -2.43510365486145,
        -2.0847530364990234,
        0.5
      ],
      "color": "blue",
      "shape": "cone"
    },
    {
      "group": 0,
      "material": "metal",
      "rotation": 36.98736505204078,
      "size": "large",
      "pixel_coords": [
        137,
        122,
        25.75185775756836
      ],
      "3d_coords": [
        -0.04862695559859276,
        -1.8830000162124634,
        0.699999988079071
      ],
      "color": "gray",
      "shape": "cube"
    },
    {
      "group": 1,
      "material": "metal",
      "rotation": 1.808213466254287,
      "size": "medium",
      "pixel_coords": [
        195,
        204,
        22.126317977905273
      ],
      "3d_coords": [
        7.278903961181641,
        -0.9993491172790527,
        0.5
      ],
      "color": "red",
      "shape": "sphere"
    },
    {
      "group": 2,
      "material": "metal",
      "rotation": 292.4190232468132,
      "size": "small",
      "pixel_coords": [
        291,
        121,
        26.294965744018555
      ],
      "3d_coords": [
        4.448803424835205,
        8.745162963867188,
        0.3499999940395355
      ],
      "color": "brown",
      "shape": "cone"
    },
    {
      "group": 2,
      "material": "rubber",
      "rotation": 15.245266733528858,
      "size": "small",
      "pixel_coords": [
        294,
        133,
        25.59737205505371
      ],
      "3d_coords": [
        5.482896327972412,
        8.232682228088379,
        0.3499999940395355
      ],
      "color": "blue",
      "shape": "cylinder"
    },
    {
      "group": 2,
      "material": "metal",
      "rotation": 214.20198055156058,
      "size": "medium",
      "pixel_coords": [
        310,
        127,
        25.727317810058594
      ],
      "3d_coords": [
        5.633969306945801,
        9.527379989624023,
        0.5
      ],
      "color": "yellow",
      "shape": "sphere"
    },
    {
      "group": 2,
      "material": "rubber",
      "rotation": 135.06401167847162,
      "size": "medium",
      "pixel_coords": [
        266,
        114,
        26.478145599365234
      ],
      "3d_coords": [
        3.225159168243408,
        7.313632965087891,
        0.5
      ],
      "color": "green",
      "shape": "cube"
    },
    {
      "group": 2,
      "material": "metal",
      "rotation": 229.02042339850544,
      "size": "small",
      "pixel_coords": [
        275,
        131,
        25.715822219848633
      ],
      "3d_coords": [
        4.732077121734619,
        7.092114448547363,
        0.3499999940395355
      ],
      "color": "brown",
      "shape": "cylinder"
    }
  ],
  "directions": {
    "below": [
      -0.0,
      -0.0,
      -1.0
    ],
    "right": [
      0.6563112735748291,
      0.7544902563095093,
      -0.0
    ],
    "front": [
      0.754490315914154,
      -0.6563112735748291,
      -0.0
    ],
    "above": [
      0.0,
      0.0,
      1.0
    ],
    "behind": [
      -0.754490315914154,
      0.6563112735748291,
      0.0
    ],
    "left": [
      -0.6563112735748291,
      -0.7544902563095093,
      0.0
    ]
  }
}